flux_id,date,plot,surface,chamber_id,start_time,end_time,year,month,time_period,air_temp,soil_temp_c,water_temp_c,water_depth_cm,pressure_start,rh_start,Diameter_cm,Height_cm,chamber_volume_cm3,surface_area_cm2,total_system_volume_cm3,CH4_best.flux,CH4_quality.check,CH4_LM.flux,CH4_LM.r2,CH4_LM.p.val,CH4_HM.flux,CH4_HM.r2,CO2_best.flux,CO2_quality.check,CO2_LM.flux,CO2_LM.r2,CO2_LM.p.val,CO2_HM.flux,CO2_HM.r2,analyzer_id,measurement_type,measurement_category,notes
44638_MI_Soil_1,3/18/22,MI,Soil,Soil 8 in,13:30:00,13:44:00,2022,03,March_2022,25.6,26.5,NA,NA,NA,NA,19.38,9.68,3530,324.3,3871,5.765868481854479,NA,4.960881291465231,0.9980522543232648,9.858504307950186e-283,5.765868481854479,0.9997577287153948,2.557681955629116,SE,2.233741859900476,0.9983258684364956,1.5466305465925323e-289,2.557681955629116,0.999707743489084,NA,soil water,soil_water,"Timestamps corrected by -25220 seconds, CH4 focus, soil water measurements"
44638_MI_Soil_2,3/18/22,MI,Soil,Soil 8 in,13:50:00,13:52:00,2022,03,March_2022,25.6,26.7,NA,NA,NA,NA,19.38,9.68,3530,324.3,3871,6.736417369503082,SE | AICc | nb.obs,6.633237688548143,0.9972857437297356,3.812856199273688e-44,6.736417369503082,0.9972882775589632,4.073303508391733,SE | AICc | nb.obs,3.9649796724387,0.9972472631024276,4.809907116056624e-44,4.073303508391733,0.9972987099150192,NA,soil water,soil_water,"Timestamps corrected by -25220 seconds, CH4 focus, soil water measurements"
44638_MI_Soil_3,3/18/22,MI,Soil,Soil 8 in,13:54:00,13:56:00,2022,03,March_2022,25.6,27,NA,NA,NA,NA,19.38,9.68,3530,324.3,3871,5.154361486953451,SE | nb.obs,4.378176240115703,0.9965969155856864,2.923538569428109e-72,5.154361486953451,0.9985993379635916,3.7351167514308954,SE | nb.obs,3.206484294015497,0.9972713144157958,5.3959939447976775e-75,3.7351167514308954,0.9990171898309606,NA,soil water,soil_water,"Timestamps corrected by -25220 seconds, CH4 focus, soil water measurements"
44638_MI_Soil_4,3/18/22,MI,Soil,Soil 8 in,14:00:00,14:02:00,2022,03,March_2022,26.6,27,NA,NA,NA,NA,19.38,9.68,3530,324.3,3871,5.60362420217869,RMSE | MAE | SE | AICc,5.60362420217869,0.9964088409133656,2.2165100878788318e-119,5.638530164549983,0.9962326483347088,2.589754113433802,SE,2.284756627090878,0.9982445169446078,2.661081181977201e-134,2.589754113433802,0.99935272077206,NA,soil water,soil_water,"Timestamps corrected by -25220 seconds, CH4 focus, soil water measurements"
44638_MI_Soil_5,3/18/22,MI,Soil,Soil 8 in,14:12:00,14:14:00,2022,03,March_2022,26.6,26.6,NA,NA,NA,NA,19.38,9.68,3530,324.3,3871,2.5602344708408724,SE | AICc | nb.obs,2.5358229265805137,0.994531072897847,8.243180483145801e-45,2.5602344708408724,0.9944331077165804,2.536275641407475,RMSE | SE | AICc | nb.obs,2.536275641407475,0.9980107590384902,3.7180298989285285e-53,2.57140449901637,0.9979704698308228,NA,soil water,soil_water,"Timestamps corrected by -25220 seconds, CH4 focus, soil water measurements"
44638_MI_Soil_6,3/18/22,MI,Soil,Soil 8 in,14:16:00,14:18:30,2022,03,March_2022,26.6,27.6,NA,NA,NA,NA,19.38,9.68,3530,324.3,3871,2.7865183171113186,SE | AICc | nb.obs,2.7081703260766594,0.9959142115099592,3.253395320239566e-41,2.7865183171113186,0.9959748285151714,4.087831362644475,MAE | SE | nb.obs,3.8573810484572153,0.9969639340357912,2.4222020993437473e-43,4.087831362644475,0.9972137107679374,NA,soil water,soil_water,"Timestamps corrected by -25220 seconds, CH4 focus, soil water measurements"
44638_MI_Soil_7,3/18/22,MI,Soil,Soil 8 in,14:23:00,14:25:00,2022,03,March_2022,26.6,27.5,NA,NA,NA,NA,19.38,9.68,3530,324.3,3871,2.0633654331060276,NA,1.8606828567793952,0.9971056867655754,4.39200078213222e-78,2.0633654331060276,0.9979029928274102,6.251040791675387,SE,4.815248416921646,0.9939142808761724,2.11990362668146e-68,6.251040791675387,0.9991367514324,NA,soil water,soil_water,"Timestamps corrected by -25220 seconds, CH4 focus, soil water measurements"
44638_MI_Soil_8,3/18/22,MI,Soil,Soil 8 in,14:34:00,14:36:00,2022,03,March_2022,26.6,27.6,NA,NA,NA,NA,19.38,9.68,3530,324.3,3871,1.9011447860968895,SE | nb.obs,1.211344140250755,0.9688028337370062,2.114737201519152e-27,1.9011447860968895,0.9832210754754482,5.137818117655721,SE | nb.obs,3.7486374609910738,0.9889941417375896,4.254053513413288e-35,5.137818117655721,0.9963467337376506,NA,soil water,soil_water,"Timestamps corrected by -25220 seconds, CH4 focus, soil water measurements"
44638_MI_Soil_9,3/18/22,MI,Soil,Soil 8 in,14:39:00,14:41:00,2022,03,March_2022,26.6,28.1,NA,NA,NA,NA,19.38,9.68,3530,324.3,3871,2.199671682656972,SE | AICc | nb.obs,2.1927661075778735,0.9775040548940918,1.1651625787605373e-15,2.199671682656972,0.9772808857970312,5.256588298575752,RMSE | SE | AICc | nb.obs,5.256588298575752,0.9885915993755006,3.6128201063431724e-18,5.2909131073767,0.9884442413153524,NA,soil water,soil_water,"Timestamps corrected by -25220 seconds, CH4 focus, soil water measurements"
44638_MI_Soil_10,3/18/22,MI,Soil,Soil 8 in,14:44:00,14:46:00,2022,03,March_2022,26.6,27.6,NA,NA,NA,NA,19.38,9.68,3530,324.3,3871,2.233935798385401,SE | AICc | nb.obs,2.20537897887969,0.987153472130052,3.415401146189845e-29,2.233935798385401,0.9870978365078228,4.196859358300208,SE | nb.obs,3.648627774408698,0.9950365759631432,3.4939567374535784e-35,4.196859358300208,0.9965535871496478,NA,soil water,soil_water,"Timestamps corrected by -25220 seconds, CH4 focus, soil water measurements"
44851_SRS6_Soil_41,10/17/22,SRS6,Soil,Soil 6 in,08:55:47,08:59:00,2022,10,Oct_2022,27.1,27.2,NA,0.7,NA,NA,14.3,7.14,1680,182.4,2593,7.151524882312733,RMSE | SE | AICc,7.151524882312733,0.993849942513982,2.2604743049682628e-69,7.191500152430889,0.9936630568093934,4.2018318025866765,SE | g-fact. > 2 | Intercept,4.2018318025866765,0.3073220945625995,1.455671304428508e-6,40.45427049164108,0.6948029130983605,NA,soil water,soil_water,"Timestamps corrected by -25220 seconds, CH4 focus, soil water measurements"
44851_SRS6_Soil_42,10/17/22,SRS6,Soil,Soil 6 in,09:09:00,09:12:10,2022,10,Oct_2022,27.1,27.1,NA,0,NA,NA,14.3,7.14,1680,182.4,2593,2.035208082792962,SE | Intercept,1.3497660905160438,0.9594019273417788,1.1466164164033163e-43,2.035208082792962,0.97118386024594,-0.7386821004682439,RMSE | MAE | SE | AICc,-0.7386821004682439,0.976989973179308,4.5500925188297e-51,-0.7551127053345628,0.9759687087705848,NA,soil water,soil_water,"Timestamps corrected by -25220 seconds, CH4 focus, soil water measurements"
44851_SRS6_Soil_43,10/17/22,SRS6,Soil,Soil 6 in,09:18:18,09:21:18,2022,10,Oct_2022,27.1,27,NA,0.5,NA,NA,14.3,7.14,1680,182.4,2593,12.170748828746303,SE | nb.obs,8.34793115060769,0.9853395645987296,3.508028067302891e-54,12.170748828746303,0.995704852324654,8.5926135798603,SE | g-fact. > 2 | Intercept | nb.obs,8.5926135798603,0.4453875200340355,4.711207713089611e-9,65.2871306383651,0.798078451990406,NA,soil water,soil_water,"Timestamps corrected by -25220 seconds, CH4 focus, soil water measurements"
44851_SRS6_Soil_44,10/17/22,SRS6,Soil,Soil 6 in,09:44:10,09:47:10,2022,10,Oct_2022,27.1,27.2,NA,0,NA,NA,14.3,7.14,1680,182.4,2593,15.478073711098492,SE | nb.obs,11.459047292477305,0.9807699256915166,2.210944732119399e-28,15.478073711098492,0.987379285771174,2.4290129700398726,SE | nb.obs,1.690946767588098,0.9709075258559584,1.359772224573307e-25,2.4290129700398726,0.9814503956236282,NA,soil water,soil_water,"Timestamps corrected by -25220 seconds, CH4 focus, soil water measurements"
44851_SRS6_Soil_45,10/17/22,SRS6,Soil,Soil 6 in,09:50:30,09:53:30,2022,10,Oct_2022,27.1,27.1,NA,0,NA,NA,14.3,7.14,1680,182.4,2593,11.77509475300089,SE | AICc | nb.obs,11.601727548163938,0.9963955253840444,2.5292692348596385e-70,11.77509475300089,0.9963955438690786,0.1743764850326882,SE | g-fact. > 2 | p-value | Intercept | nb.obs,0.1743764850326882,-0.00622000448403348,0.4243572380936243,12.529337479311051,0.38403701447439553,NA,soil water,soil_water,"Timestamps corrected by -25220 seconds, CH4 focus, soil water measurements"
44851_SRS6_Soil_46,10/17/22,SRS6,Soil,Soil 6 in,11:51:35,11:55:35,2022,10,Oct_2022,26.1,27,NA,0,NA,NA,14.3,7.14,1680,182.4,2593,3.2471965271574565,SE | AICc | Intercept | nb.obs,3.218737267115902,0.9872038795851036,4.4458351282513456e-32,3.2471965271574565,0.9870998275232332,-2.4873934719931543,SE | AICc | Intercept | nb.obs,-2.287026507731915,0.6903891670238167,7.201159752006314e-10,-2.4873934719931543,0.6908821316013636,NA,soil water,soil_water,"Timestamps corrected by -25220 seconds, CH4 focus, soil water measurements"
44851_SRS6_Soil_47,10/17/22,SRS6,Soil,Soil 6 in,10:30:40,10:33:40,2022,10,Oct_2022,27.1,26.8,NA,0,NA,NA,14.3,7.14,1680,182.4,2593,18.244969511578415,SE | nb.obs,17.580699184840515,0.9982575320825732,1.251431902267649e-73,18.244969511578415,0.9983573120831404,1.3423333129149624,SE | g-fact. > 2 | Intercept | nb.obs,1.3423333129149624,0.7740847301806129,1.2064278816396986e-18,5.475749925899914,0.9561924298288486,NA,soil water,soil_water,"Timestamps corrected by -25220 seconds, CH4 focus, soil water measurements"
44851_SRS6_Soil_48,10/17/22,SRS6,Soil,Soil 6 in,10:56:20,11:00:20,2022,10,Oct_2022,27.1,26.8,NA,1,NA,NA,14.3,7.14,1680,182.4,2593,146.9711802499161,SE | AICc | nb.obs,114.57677361474413,0.866892260166251,1.6457876896926074e-4,146.9711802499161,0.8710311166917487,0.42669806859720943,SE | AICc | p-value | Intercept | nb.obs,0.4272692933958974,0.14237552864783076,0.1708893374820908,0.42669806859720943,0.142270500256918,NA,soil water,soil_water,"Timestamps corrected by -25220 seconds, CH4 focus, soil water measurements"
44851_SRS6_Soil_49,10/17/22,SRS6,Soil,Soil 6 in,11:06:00,11:09:00,2022,10,Oct_2022,27.1,26.5,NA,0,NA,NA,14.3,7.14,1680,182.4,2593,3.3377940064440113,SE | AICc | nb.obs,3.3165066794880698,0.9745475448432334,4.429750220870103e-24,3.3377940064440113,0.97438374531242,0.4396571347847816,SE | g-fact. > 2 | Intercept (LM) | nb.obs,0.4396571347847816,0.799176787192687,1.7534961877419282e-11,1.7589037600734467,0.9750769133986475,NA,soil water,soil_water,"Timestamps corrected by -25220 seconds, CH4 focus, soil water measurements"
44851_SRS6_Soil_50,10/17/22,SRS6,Soil,Soil 6 in,11:39:20,11:42:20,2022,10,Oct_2022,27.1,26.5,NA,0,NA,NA,14.3,7.14,1680,182.4,2593,16.178493000254846,SE | AICc | nb.obs,14.419213459874772,0.975497820756872,3.050668122195648e-20,16.178493000254846,0.976614249799767,-2.4826971059396508,SE | g-fact. > 2 | Intercept (HM) | nb.obs,-2.4826971059396508,0.8813025468568042,2.4204276346740867e-12,-5.271874920592317,0.9393207411923148,NA,soil water,soil_water,"Timestamps corrected by -25220 seconds, CH4 focus, soil water measurements"
44852_FLM30_Water_51,10/18/22,FLM30,Water,Floating 8 in,08:57:00,09:02:00,2022,10,Oct_2022,25.9,NA,NA,10,NA,NA,19.38,9.68,3370,324.3,4283,12.80561219956108,RMSE | MAE | SE | AICc,12.80561219956108,0.9866281486759622,4.493252718335765e-197,12.95071059010118,0.9865597350711528,0.6161810351945856,RMSE | MAE | SE | AICc | Intercept,0.6161810351945856,0.9761010316282062,7.6272566612918555e-171,0.6185361628811086,0.9758889964382405,NA,soil water,soil_water,"Timestamps corrected by -25220 seconds, CH4 focus, soil water measurements"
44852_FLM30_Water_52,10/18/22,FLM30,Water,Floating 8 in,11:23:00,11:28:00,2022,10,Oct_2022,26.725,NA,NA,10,NA,NA,19.38,9.68,3370,324.3,4283,12.463655009633282,SE,11.8979854580773,0.9978267303740402,1.6055620403932845e-152,12.463655009633282,0.9979761297417518,0.32507816562495373,SE,0.2850277061747677,0.9851907887860176,1.97905025232358e-105,0.32507816562495373,0.9863629242957876,NA,soil water,soil_water,"Timestamps corrected by -25220 seconds, CH4 focus, soil water measurements"
44852_FLM30_Water_53,10/18/22,FLM30,Water,Floating 8 in,12:06:00,12:11:00,2022,10,Oct_2022,27.357142857142858,NA,NA,10,NA,NA,19.38,9.68,3370,324.3,4283,13.79745411648802,SE,8.91483898790924,0.9833139233232728,1.6753323703270915e-61,13.79745411648802,0.9973724004549216,0.40474431062567534,SE,0.38056694002758434,0.9921235720844814,1.9971639840451917e-72,0.40474431062567534,0.9923985429675212,NA,soil water,soil_water,"Timestamps corrected by -25220 seconds, CH4 focus, soil water measurements"
44854_SRS5_Water_54,10/20/22,SRS5,Water,Floating 8 in,12:50:00,12:55:00,2022,10,Oct_2022,20.788888888888888,NA,NA,9,NA,NA,19.38,9.68,3370,324.3,4283,NA,NA,NA,NA,NA,NA,NA,NA,NA,NA,NA,NA,NA,NA,NA,soil water,soil_water,"Timestamps corrected by -25220 seconds, CH4 focus, soil water measurements"
44854_SRS5_Water_55,10/20/22,SRS5,Water,Floating 8 in,13:01:00,13:05:00,2022,10,Oct_2022,20.6,NA,NA,6,NA,NA,19.38,9.68,3370,324.3,4283,NA,NA,NA,NA,NA,NA,NA,NA,NA,NA,NA,NA,NA,NA,NA,soil water,soil_water,"Timestamps corrected by -25220 seconds, CH4 focus, soil water measurements"
44854_SRS5_Water_56,10/20/22,SRS5,Water,Floating 8 in,13:11:00,13:20:00,2022,10,Oct_2022,20.522222222222226,NA,NA,12,NA,NA,19.38,9.68,3370,324.3,4283,NA,NA,NA,NA,NA,NA,NA,NA,NA,NA,NA,NA,NA,NA,NA,soil water,soil_water,"Timestamps corrected by -25220 seconds, CH4 focus, soil water measurements"
44859_BL60_Water_81,10/25/22,BL60,Water,Floating 8 in,10:56:00,10:59:00,2022,10,Oct_2022,24.771428571428572,24.2,NA,14,NA,NA,19.38,9.68,3370,324.3,4283,66.55008846916569,NA,40.81461951379447,0.981373961828659,2.1063237662128135e-102,66.55008846916569,0.999447744725016,2.8261319884751037,SE | Intercept (HM),2.183675176692355,0.988055269858252,1.353097854679124e-113,2.8261319884751037,0.993172002754356,NA,soil water,soil_water,"Timestamps corrected by -25220 seconds, CH4 focus, soil water measurements"
44859_BL60_Water_82,10/25/22,BL60,Water,Floating 8 in,11:13:00,11:19:00,2022,10,Oct_2022,24.9,24.3,NA,15,NA,NA,19.38,9.68,3370,324.3,4283,24.247867658596796,SE,22.539700053867563,0.9985996735031496,5.093291938993501e-159,24.247867658596796,0.9989695351558352,1.8844867512542576,SE,1.708870717221496,0.9975828745164362,5.572599723529808e-146,1.8844867512542576,0.9982376900597024,NA,soil water,soil_water,"Timestamps corrected by -25220 seconds, CH4 focus, soil water measurements"
44859_BL60_Water_83,10/25/22,BL60,Water,Floating 8 in,11:28:30,11:32:00,2022,10,Oct_2022,24.944444444444443,24.3,NA,14,NA,NA,19.38,9.68,3370,324.3,4283,40.982857731357555,RMSE | MAE | SE | AICc,40.982857731357555,0.9975880562923464,7.801961698894247e-78,41.26290811573461,0.9974289218661732,2.2110270001978503,RMSE | MAE | SE | AICc,2.2110270001978503,0.9982559540849604,6.435723454378803e-82,2.233585063059249,0.9981454877101406,NA,soil water,soil_water,"Timestamps corrected by -25220 seconds, CH4 focus, soil water measurements"
44859_BL60_Water_84,10/25/22,BL60,Water,Floating 8 in,11:57:30,12:01:30,2022,10,Oct_2022,24.96,NA,NA,14,NA,NA,19.38,9.68,3370,324.3,4283,23.535493088306207,RMSE | MAE | SE | AICc | nb.obs,23.535493088306207,0.9979327097407314,1.1679494842679828e-67,23.748406808049214,0.9978015348287618,1.4220012744909212,MAE | SE | AICc | nb.obs,1.4220012744909212,0.997142663231104,3.245676789312224e-64,1.4679005347906278,0.9972112795420272,NA,soil water,soil_water,"Timestamps corrected by -25220 seconds, CH4 focus, soil water measurements"
44859_BL60_Soil_85,10/25/22,BL60,Soil,2 ft soil,12:33:00,12:29:00,2022,10,Oct_2022,26.02,NA,NA,0,NA,NA,23.5,61,25600,433.7,26513,8.182957930280054,SE | AICc | nb.obs,8.109367185685281,0.9898951356960194,1.091617395772995e-27,8.182957930280054,0.9897831532190408,2.3947548632300832,SE | AICc | nb.obs,2.1736135910891656,0.9643284744587112,1.4602426925545386e-20,2.3947548632300832,0.9650036624069172,NA,soil water,soil_water,"Timestamps corrected by -25220 seconds, CH4 focus, soil water measurements"
44639_RB10_Soil_11,3/19/22,RB10,Soil,Soil 6 in,11:42:00,11:44:00,2022,03,March_2022,29.6,24.5,NA,NA,NA,NA,14.3,7.14,1680,182.4,2056,2.0253976614648947,SE | AICc | Intercept | nb.obs,2.0251549236401916,0.7484431165749428,2.9828835225475094e-8,2.0253976614648947,0.7481763846775136,1.2572523483283289,nb.obs,1.1481470529843087,0.999051619445782,5.760076288946289e-35,1.2572523483283289,0.9996786032105496,LGR3,NA,soil,NA
44639_RB10_Soil_12,3/19/22,RB10,Soil,Soil 6 in,11:52:30,11:54:30,2022,03,March_2022,29.6,24.4,NA,NA,NA,NA,14.3,7.14,1680,182.4,2056,0.04270408237635643,AICc | p-value | Intercept | nb.obs,0.04272356795282246,0.03642399223578474,0.2245398450571439,0.04270408237635643,0.036390255809846,1.2332870409836794,nb.obs,1.0000963889442631,0.9950484276848396,6.425557826035573e-19,1.2332870409836794,0.9986414823124248,LGR3,NA,soil,NA
44639_RB10_Soil_13,3/19/22,RB10,Soil,Soil 6 in,11:56:00,11:58:00,2022,03,March_2022,29.6,24.4,NA,NA,NA,NA,14.3,7.14,1680,182.4,2056,0.12213204875411948,SE | AICc | g-fact. > 2 | Intercept | nb.obs,0.12213204875411948,0.4525708471137702,6.911739694689099e-4,0.5362955092640223,0.4728344500246091,1.2700099541049577,nb.obs,1.09346299216406,0.9976401872149216,2.5898849722578346e-25,1.2700099541049577,0.9994083294475032,LGR3,NA,soil,NA
44639_RB10_Soil_14,3/19/22,RB10,Soil,Soil 6 in,12:00:30,12:02:30,2022,03,March_2022,29.6,24.2,NA,NA,NA,NA,14.3,7.14,1680,182.4,2056,1.483173385925883,nb.obs,1.2768924500673726,0.9948564631023666,9.834489139781002e-26,1.483173385925883,0.9965769912930812,1.2193824017938764,nb.obs,1.0262706882034898,0.9965123647011516,1.6625085060870046e-27,1.2193824017938764,0.9989051599418576,LGR3,NA,soil,NA
44639_RB10_Soil_15,3/19/22,RB10,Soil,Soil 6 in,12:10:00,12:13:00,2022,03,March_2022,29.6,24.3,NA,NA,NA,NA,14.3,7.14,1680,182.4,2056,3.693283965628044,nb.obs,3.0309768707574185,0.9959399077622548,2.1236156758774932e-24,3.693283965628044,0.9989849299428616,1.4096871250809808,nb.obs,1.1781559180313712,0.9971541347198584,7.257612302823999e-26,1.4096871250809808,0.9997249403728344,LGR3,NA,soil,NA
44639_RB10_Soil_16,3/19/22,RB10,Soil,Soil 6 in,12:32:51,12:36:10,2022,03,March_2022,29.6,24.7,NA,NA,NA,NA,14.3,7.14,1680,182.4,2056,0.7067865205636766,AICc | nb.obs,0.7040103522915636,0.977284404335942,5.878582518349246e-19,0.7067865205636766,0.977075735389205,1.0813554480494894,nb.obs,1.0206655675779537,0.9994449195854626,6.908260474821951e-36,1.0813554480494894,0.9997008266767724,LGR3,NA,soil,NA
44639_RB10_Soil_17,3/19/22,RB10,Soil,Soil 6 in,12:35:00,12:42:20,2022,03,March_2022,29.6,24.2,NA,NA,NA,NA,14.3,7.14,1680,182.4,2056,2.349979022963268,nb.obs,2.0651916010970863,0.9981436300039294,1.248385588663171e-38,2.349979022963268,0.9994060751028592,1.144612546006729,RMSE | MAE | AICc | nb.obs,1.144612546006729,0.9995850185340678,2.0534475683446484e-47,1.1559350201777503,0.9994952162370728,LGR3,NA,soil,NA
44639_RB10_Soil_18,3/19/22,RB10,Soil,Soil 6 in,12:44:38,12:48:03,2022,03,March_2022,29.6,24.2,NA,NA,NA,NA,14.3,7.14,1680,182.4,2056,0.22688913578868236,AICc | nb.obs,0.1292365842485936,0.7846274296289444,1.1674379581317277e-8,0.22688913578868236,0.8027839250371893,1.323906636878473,nb.obs,1.2133181534404034,0.9991362675189204,7.172528887049635e-34,1.323906636878473,0.9997107849269664,LGR3,NA,soil,NA
44639_RB10_Soil_19,3/19/22,RB10,Soil,Soil 6 in,12:50:02,12:53:00,2022,03,March_2022,29.6,24.3,NA,NA,NA,NA,14.3,7.14,1680,182.4,2056,0.1410635624438316,SE | g-fact. > 2 | Intercept (LM) | nb.obs,0.1410635624438316,0.28852830449685973,0.00855813022310317,1.6287853944764548,0.7746034806928624,1.1379892264364326,nb.obs,1.054224936829811,0.9993120733340904,3.9350646605268655e-30,1.1379892264364326,0.9997705165991768,LGR3,NA,soil,NA
44639_RB10_Soil_20,3/19/22,RB10,Soil,Soil 6 in,12:54:35,12:57:00,2022,03,March_2022,29.6,24.2,NA,NA,NA,NA,14.3,7.14,1680,182.4,2056,1.643699192635511,nb.obs,1.279294637143411,0.9880711857932084,4.710632701762868e-16,1.643699192635511,0.9935284319305266,2.2934034772342327,nb.obs,2.073944732206521,0.9989236746185712,6.858298500973595e-24,2.2934034772342327,0.9997379324300248,LGR3,NA,soil,NA
44643_FLM30_Soil_21,3/23/22,FLM30,Soil,Soil 8 in,15:30:00,15:32:30,2022,03,March_2022,31,27.6,NA,NA,NA,NA,19.38,9.68,3530,324.3,3906,8.904836853314166,nb.obs,7.274303581176818,0.9962027760276492,8.772550482793171e-20,8.904836853314166,0.9995508759797714,2.7233998995324926,nb.obs,2.348816024984346,0.9980368726963816,6.221749085048616e-22,2.7233998995324926,0.9998036534289392,LGR3,NA,soil,NA
44643_FLM30_Soil_22,3/23/22,FLM30,Soil,Soil 8 in,15:35:55,15:37:35,2022,03,March_2022,31,27.5,NA,NA,NA,NA,19.38,9.68,3530,324.3,3906,134.46903896848636,SE | nb.obs,84.64149660047119,0.9775292163682,8.829945695983614e-10,134.46903896848636,0.9974530530392192,6.861002447788268,SE | nb.obs,5.169096123974646,0.9923670833743432,3.970536656032958e-12,6.861002447788268,0.9995493975647552,LGR3,NA,soil,NA
44643_FLM30_Soil_23,3/23/22,FLM30,Soil,Soil 8 in,15:39:20,15:41:20,2022,03,March_2022,31,26.2,NA,NA,NA,NA,19.38,9.68,3530,324.3,3906,77.65235884754529,SE | g-fact. > 2 | p-value | Intercept (LM) | nb.obs,77.65235884754529,0.12681267688965003,0.1259145072993261,3460.047679697275,0.9642792251129604,3.329391688787231,nb.obs,2.6098099139521893,0.9944374119289902,5.80111824419561e-14,3.329391688787231,0.9995067849900368,LGR3,NA,soil,NA
44643_FLM30_Soil_24,3/23/22,FLM30,Soil,Soil 8 in,15:42:45,15:44:45,2022,03,March_2022,31,26.5,NA,NA,NA,NA,19.38,9.68,3530,324.3,3906,204.1172749122205,nb.obs,185.18201561894784,0.999151942235742,6.705078833842255e-17,204.1172749122205,0.9999688901193092,6.56702771288401,SE | nb.obs,5.296604550027752,0.9952219133326532,3.812367704977374e-13,6.56702771288401,0.99919376517648,LGR3,NA,soil,NA
44643_FLM30_Soil_25,3/23/22,FLM30,Soil,Soil 8 in,15:47:05,15:49:05,2022,03,March_2022,31,27.7,NA,NA,NA,NA,19.38,9.68,3530,324.3,3906,64.06094174444621,SE | nb.obs,56.10421500244236,0.9981453248542168,3.355689328476859e-15,64.06094174444621,0.9996801972560804,5.2116319087736045,nb.obs,4.5599795043981866,0.9981565105617498,3.2556964985567745e-15,5.2116319087736045,0.9997252493330046,LGR3,NA,soil,NA
44643_FLM30_Soil_26,3/23/22,FLM30,Soil,Soil 8 in,16:05:30,16:07:30,2022,03,March_2022,31,26.4,NA,NA,NA,NA,19.38,9.68,3530,324.3,3906,21.861253788309018,RMSE | MAE | SE | AICc | nb.obs,21.861253788309018,0.999126915674955,1.7556671218739995e-21,22.02438548469391,0.9990031018735388,3.0494317783792155,AICc | nb.obs,2.964508515356561,0.9997093491485972,1.3784483565278926e-24,3.0494317783792155,0.9997727635471124,LGR3,NA,soil,NA
44643_FLM30_Soil_27,3/23/22,FLM30,Soil,Soil 8 in,16:09:30,16:11:30,2022,03,March_2022,31,27.6,NA,NA,NA,NA,19.38,9.68,3530,324.3,3906,43.35042348680485,nb.obs,29.229406500702837,0.9857281544319958,1.0365928437827907e-11,43.35042348680485,0.9995616885490456,5.119785526562285,nb.obs,4.380629157263016,0.997780187661522,3.703935519732835e-16,5.119785526562285,0.9998865675511204,LGR3,NA,soil,NA
44643_FLM30_Soil_28,3/23/22,FLM30,Soil,Soil 8 in,16:12:45,16:14:45,2022,03,March_2022,31,27.5,NA,NA,NA,NA,19.38,9.68,3530,324.3,3906,13.74206275590759,SE | nb.obs,10.130179218574948,0.991256987489564,6.254800975633176e-14,13.74206275590759,0.999320138307925,4.415844511098416,nb.obs,3.586005354292346,0.9961591506182306,4.487081667035994e-16,4.415844511098416,0.999899067851066,LGR3,NA,soil,NA
44643_FLM30_Soil_29,3/23/22,FLM30,Soil,Soil 8 in,16:16:15,16:18:15,2022,03,March_2022,31,27.6,NA,NA,NA,NA,19.38,9.68,3530,324.3,3906,39.24667795629772,SE | nb.obs,29.072764920031528,0.9904510258714346,1.0620053608996357e-13,39.24667795629772,0.9978749051780016,4.4212117206135355,nb.obs,3.788993583365596,0.9978683909272046,1.3102413286425009e-17,4.4212117206135355,0.9998779240423066,LGR3,NA,soil,NA
44643_FLM30_Soil_30,3/23/22,FLM30,Soil,Soil 8 in,16:20:45,16:22:45,2022,03,March_2022,31,27,NA,NA,NA,NA,19.38,9.68,3530,324.3,3906,16.7902495065359,SE | nb.obs,15.07908729967725,0.9988254394240036,1.2073130357557804e-20,16.7902495065359,0.999759042278169,3.3676187224101564,nb.obs,3.1041279881243975,0.9993620602340676,2.2835141214456862e-22,3.3676187224101564,0.9999003393421504,LGR3,NA,soil,NA
44644_BL60_Soil_31,3/24/22,BL60,Soil,Soil 8 in,15:08:30,15:10:30,2022,03,March_2022,32.95,23.9,NA,NA,NA,NA,19.38,9.68,3530,324.3,3906,106.14886312331436,SE | nb.obs,94.94609058606842,0.998820262177786,4.1123740684250418e-22,106.14886312331436,0.9998316725865488,22.94487991437869,nb.obs,15.315299783984202,0.9857514037826892,1.5499986090601085e-14,22.94487991437869,0.9997410070671068,LGR3,NA,soil,NA
44644_BL60_Soil_32,3/24/22,BL60,Soil,Soil 8 in,15:13:30,15:15:30,2022,03,March_2022,32.6,24.3,NA,NA,NA,NA,19.38,9.68,3530,324.3,3906,85.92384971100812,nb.obs,74.56933471378699,0.9983235451982042,1.9040849159463268e-22,85.92384971100812,0.9999696321124584,16.452003831548986,nb.obs,10.38141858995547,0.981717648910546,1.1614380022579253e-14,16.452003831548986,0.99990737857046,LGR3,NA,soil,NA
44644_BL60_Soil_33,3/24/22,BL60,Soil,Soil 8 in,15:18:30,15:20:30,2022,03,March_2022,32.6,24.7,NA,NA,NA,NA,19.38,9.68,3530,324.3,3906,409.0709409269298,RMSE | MAE | SE | AICc | nb.obs,409.0709409269298,0.9991447302403136,1.2228499098000019e-24,412.1439020593792,0.9990073162446704,15.80983990643197,Intercept (LM) | nb.obs,9.25280653550917,0.9751807719348028,1.153091281175737e-13,15.80983990643197,0.9998307470326324,LGR3,NA,soil,NA
44644_BL60_Soil_34,3/24/22,BL60,Soil,Soil 8 in,15:23:00,15:25:00,2022,03,March_2022,32.6,24.1,NA,NA,NA,NA,19.38,9.68,3530,324.3,3906,78.11500074968545,g-fact. > 2 | Intercept (LM) | nb.obs,78.11500074968545,0.9276209964111386,5.345016799414065e-9,187.83110596202283,0.9992131341270588,36.40745730740779,Intercept (LM) | nb.obs,21.31058458845872,0.9735396879264216,7.567751790898237e-12,36.40745730740779,0.9995107597753788,LGR3,NA,soil,NA
44644_BL60_Soil_35,3/24/22,BL60,Soil,Soil 8 in,15:28:30,15:30:30,2022,03,March_2022,32.6,24.5,NA,NA,NA,NA,19.38,9.68,3530,324.3,3906,104.6682136757519,nb.obs,86.29630137593371,0.9968172612386726,1.452422202376041e-16,104.6682136757519,0.9999666321371414,21.7132649033601,nb.obs,16.39409563777498,0.9931564063893552,1.4375525972071716e-14,21.7132649033601,0.9999077912325858,LGR3,NA,soil,NA
44644_BL60_Soil_36,3/24/22,BL60,Soil,Soil 8 in,15:35:00,15:37:00,2022,03,March_2022,32.6,24,NA,NA,NA,NA,19.38,9.68,3530,324.3,3906,84.3166793941692,g-fact. > 2 | Intercept (LM) | nb.obs,84.3166793941692,0.8865729780434646,9.37734959983126e-6,241.08344263539257,0.9994905365204836,15.93672015102571,g-fact. > 2 | Intercept (LM) | nb.obs,15.93672015102571,0.9482174128900762,2.686261987464322e-7,32.71653474218464,0.9997146086659376,LGR3,NA,soil,NA
44644_BL60_Soil_37,3/24/22,BL60,Soil,Soil 8 in,15:41:30,15:42:30,2022,03,March_2022,32.6,24,NA,NA,NA,NA,19.38,9.68,3530,324.3,3906,40.59754412215569,SE | Intercept (LM) | nb.obs,22.226642949846333,0.9655640303578452,1.3273924013573114e-9,40.59754412215569,0.997905624708778,24.946210600273087,nb.obs,15.349073875891005,0.9782876857259296,1.045015367442982e-10,24.946210600273087,0.9996706571316238,LGR3,NA,soil,NA
44644_BL60_Soil_38,3/24/22,BL60,Soil,Soil 8 in,15:47:30,15:49:30,2022,03,March_2022,32.6,24.1,NA,NA,NA,NA,19.38,9.68,3530,324.3,3906,360.50566616831094,nb.obs,273.2209272848977,0.9927794754609888,3.728962318761207e-11,360.50566616831094,0.9997184454709762,43.150154150885285,nb.obs,31.22922239810846,0.9902758944387666,1.4248038612271058e-10,43.150154150885285,0.99985372559413,LGR3,NA,soil,NA
44644_BL60_Soil_39,3/24/22,BL60,Soil,Soil 8 in,15:53:30,15:55:30,2022,03,March_2022,32.6,24.1,NA,NA,NA,NA,19.38,9.68,3530,324.3,3906,15.046133896266896,Intercept (LM) | nb.obs,8.89970064189496,0.976176433775892,1.8980453628147147e-15,15.046133896266896,0.999182705640973,10.834822465162729,Intercept (LM) | nb.obs,6.377367410177409,0.9759380226397156,2.065902647316071e-15,10.834822465162729,0.999593456048139,LGR3,NA,soil,NA
44644_BL60_Soil_40,3/24/22,BL60,Soil,Soil 8 in,16:00:00,16:02:00,2022,03,March_2022,30.5,24.6,NA,NA,NA,NA,19.38,9.68,3530,324.3,3906,46.20731320845088,nb.obs,33.903069551754676,0.9915759213550644,4.4136435964060576e-15,46.20731320845088,0.9998039496850858,35.207046535313545,Intercept (LM) | nb.obs,18.61618325269907,0.9633503268700024,6.31514967741763e-11,35.207046535313545,0.9995803353246424,LGR3,NA,soil,NA
44855_SRS6_Soil_65,10/21/22,SRS6,Soil,3 ft soil,15:01:30,15:08:00,2022,10,Oct_2022,16.8,24.2,NA,0,NA,NA,23.5,91.4,38700,433.7,39648,2.0855090612164178,SE | Intercept,1.5501716940635497,0.8296323099541387,4.792675398496522e-206,2.0855090612164178,0.8346503743823209,1.6395919479628815,SE,1.3929111391012132,0.9766037869365588,0,1.6395919479628815,0.9784840886342844,LGR3,NA,soil,NA
44855_SRS6_Soil_66,10/21/22,SRS6,Soil,3 ft soil,15:14:30,15:17:30,2022,10,Oct_2022,16.8,23.8,NA,NA,NA,NA,23.5,91.4,38700,433.7,39648,2.1977416918060526,SE | g-fact. > 2 | Intercept (HM),2.1977416918060526,0.7038606490544812,8.53668378064489e-74,5.223690447272761,0.7449403466043838,1.9673155929296215,SE | Intercept (LM),1.57783226997065,0.940054905090548,7.365437659656648e-168,1.9673155929296215,0.943329691486293,LGR3,NA,soil,NA
44855_SRS6_Soil_67,10/21/22,SRS6,Soil,3 ft soil,15:23:00,15:26:00,2022,10,Oct_2022,16.8,24.1,NA,NA,NA,NA,23.5,91.4,38700,433.7,39648,23.19551052413162,SE,18.922850346162683,0.9905390011698134,1.5223715280361038e-200,23.19551052413162,0.9933769282573012,3.3660156449949152,SE | AICc,3.254805176992555,0.978726305005896,4.6975118699804026e-166,3.3660156449949152,0.9788013422444348,LGR3,NA,soil,NA
44855_SRS6_Soil_68,10/21/22,SRS6,Soil,3 ft soil,15:30:30,15:32:30,2022,10,Oct_2022,16.8,24.2,NA,NA,NA,NA,23.5,91.4,38700,433.7,39648,28.95900012107941,SE,25.26507139686827,0.9907420244646008,9.921954551732211e-160,28.95900012107941,0.992049498832774,5.095366627508339,SE | AICc,4.963336347463586,0.9792681071506903,1.3602057350347747e-132,5.095366627508339,0.9793073612195836,LGR3,NA,soil,NA
44855_SRS6_Soil_69,10/21/22,SRS6,Soil,3 ft soil,15:38:00,15:40:00,2022,10,Oct_2022,16.8,23.4,NA,NA,NA,NA,23.5,91.4,38700,433.7,39648,13.23137899304335,SE,8.750483277505529,0.948394092965354,5.9824092461817976e-120,13.23137899304335,0.9616714074933308,3.266283050125496,SE,2.5590771065477766,0.942078323623171,2.324172851263832e-115,3.266283050125496,0.9462640038484008,LGR3,NA,soil,NA
44855_SRS6_Soil_70,10/21/22,SRS6,Soil,3 ft soil,15:45:30,15:47:30,2022,10,Oct_2022,16.8,23.5,NA,NA,NA,NA,23.5,91.4,38700,433.7,39648,24.956553111493765,SE,22.507041059778523,0.9942696635631246,6.942945033090534e-222,24.956553111493765,0.9950128149291037,3.7933127608264217,SE | AICc,3.738417359953095,0.9839702204283074,4.2171433936970376e-178,3.7933127608264217,0.9839381259108452,LGR3,NA,soil,NA
44855_SRS6_Soil_71,10/21/22,SRS6,Soil,3 ft soil,15:52:30,15:54:30,2022,10,Oct_2022,16.8,23.5,NA,NA,NA,NA,23.5,91.4,38700,433.7,39648,13.593670406689183,SE | AICc,13.363579299205664,0.9823905211418532,3.290739029143926e-137,13.593670406689183,0.982392837511883,9.03293145551048,SE,8.10416481565008,0.9925161345022414,7.949305604749691e-166,9.03293145551048,0.9933224539819454,LGR3,NA,soil,NA
44855_SRS6_Soil_72,10/21/22,SRS6,Soil,3 ft soil,16:00:00,16:02:00,2022,10,Oct_2022,16.8,23.3,NA,NA,NA,NA,23.5,91.4,38700,433.7,39648,2.575111547050151,SE | AICc | Intercept,2.5569577896854576,0.6237717093592259,8.561610711610675e-36,2.575111547050151,0.6236697284700825,1.2205514456388344,SE | AICc,0.9948376140969916,0.7038698087799362,4.380572703622431e-44,1.2205514456388344,0.7062461359106205,LGR3,NA,soil,NA
44855_SRS6_Soil_73,10/21/22,SRS6,Soil,3 ft soil,16:08:45,16:11:45,2022,10,Oct_2022,16.8,23.7,NA,NA,NA,NA,23.5,91.4,38700,433.7,39648,11.958335621935896,SE,8.481548787432848,0.9621151320473632,1.865752106615527e-151,11.958335621935896,0.9707760446271572,2.207354267971462,SE | AICc,2.0974014404439636,0.947189754033792,2.6345234931089556e-136,2.207354267971462,0.9473643410873313,LGR3,NA,soil,NA
44855_SRS6_Soil_74,10/21/22,SRS6,Soil,3 ft soil,16:15:45,16:17:45,2022,10,Oct_2022,16.8,23.4,NA,NA,NA,NA,23.5,91.4,38700,433.7,39648,2.6686539896838224,SE | AICc,2.630205765347689,0.6077066581899857,2.9816196514161756e-30,2.6686539896838224,0.6076897772421017,1.6725157620969742,SE | Intercept,1.1811584361283862,0.7091153895509272,2.5979910274289206e-39,1.6725157620969742,0.7157896611697809,LGR3,NA,soil,NA
44855_SRS6_Soil_75,10/21/22,SRS6,Soil,3 ft soil,NA,NA,2022,10,Oct_2022,NA,NA,NA,NA,NA,NA,23.5,91.4,38700,433.7,39648,NA,NA,NA,NA,NA,NA,NA,NA,NA,NA,NA,NA,NA,NA,LGR3,NA,soil,NA
44997_SRS5_Soil_99,3/12/23,SRS5,Soil,1 ft soil,11:20:00,11:27:00,2023,03,March_2023,25.86,23.9,NA,0,1016,65.5,23.5,30.5,12300,433.7,13248,-0.06643176219668126,AICc | Intercept,-0.06651482569554032,0.02815247753089511,0.00248798646390618,-0.06643176219668126,0.02813788405769657,0.4606075545799336,SE | AICc,0.45848160751073275,0.945803170433438,2.6720477951284078e-183,0.4606075545799336,0.9456235933262028,LGR3,NA,soil,NA
44997_SRS5_Soil_100,3/12/23,SRS5,Soil,1 ft soil,11:30:00,11:32:00,2023,03,March_2023,26.166666666666664,23,NA,0,1016.1,68.2,23.5,30.5,12300,433.7,13248,0.07407532031498022,HM.flux is NA,0.07407532031498022,0.00404873962158991,0.2076718497862308,NA,NA,1.999305916932016,SE | Intercept (LM),1.2483283332767623,0.95796246023736,2.802890884686869e-103,1.999305916932016,0.9733145638327516,LGR3,NA,soil,NA
44997_SRS5_Soil_101,3/12/23,SRS5,Soil,1 ft soil,11:36:01,11:38:00,2023,03,March_2023,26.32,23.5,NA,0,NA,NA,23.5,30.5,12300,433.7,13248,0.13011701913107887,SE | g-fact. > 2 | Intercept,0.13011701913107887,0.10270011753109498,9.011055813842757e-8,0.4973797751412458,0.13882393442074126,0.7214780804760424,SE | AICc,0.7144518548348228,0.9682813297075304,2.5473988323673335e-193,0.7214780804760424,0.968167222141922,LGR3,NA,soil,NA
44997_SRS5_Soil_102,3/12/23,SRS5,Soil,1 ft soil,11:52:00,11:54:00,2023,03,March_2023,27.125,23.7,NA,0,NA,NA,23.5,30.5,12300,433.7,13248,0.02549225131684001,HM.flux is NA,0.02549225131684001,-0.0017121366125965,0.4361279767654259,NA,NA,0.7124097813845802,SE | AICc,0.7100618443141711,0.9441435361517428,4.836260827544448e-145,0.7124097813845802,0.9439242152877338,LGR3,NA,soil,NA
44997_SRS5_Soil_103,3/12/23,SRS5,Soil,1 ft soil,12:02:00,12:05:00,2023,03,March_2023,27.7,23.5,NA,0,1016.2,68.6,23.5,30.5,12300,433.7,13248,0.1928829084673972,AICc,0.1926514888892142,0.22650698324359653,4.094152669852504e-17,0.1928829084673972,0.22644129055955095,0.6615233181658239,SE | AICc,0.6538827649981818,0.967777965283765,3.831274039362574e-205,0.6615233181658239,0.967693726764299,LGR3,NA,soil,NA
44997_SRS5_Soil_104,3/12/23,SRS5,Soil,1 ft soil,12:11:00,12:13:00,2023,03,March_2023,27.7,23.5,NA,0,1015.8,73.3,23.5,30.5,12300,433.7,13248,0.0322878328225561,HM.flux is NA,0.0322878328225561,-0.00579140057498039,0.6603968461561862,NA,NA,0.9559684152986626,SE | AICc,0.8698485532889687,0.9293930967901528,4.204459500575732e-82,0.9559684152986626,0.9299902126891818,LGR3,NA,soil,NA
44997_SRS5_Soil_105,3/12/23,SRS5,Soil,1 ft soil,12:19:00,12:21:00,2023,03,March_2023,28.025,23.5,NA,0,1016,70.4,23.5,30.5,12300,433.7,13248,1.616391637580712,SE | Intercept (HM),1.1377356901324545,0.6914637481637815,3.7293418291760367e-62,1.616391637580712,0.7005111006252454,1.048239612392372,MAE | SE | AICc,1.048239612392372,0.9771950488614578,3.73789913115636e-195,1.0541506531115628,0.9770055099629072,LGR3,NA,soil,NA
44997_SRS5_Soil_106,3/12/23,SRS5,Soil,1 ft soil,12:26:30,12:28:30,2023,03,March_2023,28.22,23.6,NA,0,1016,75.2,23.5,30.5,12300,433.7,13248,0.18661982924778808,AICc | Intercept,0.18664678826560344,0.11119710119494476,3.9539632204941796e-8,0.18661982924778808,0.11115846203779034,0.8814201434315174,SE,0.7068953358046411,0.9508937784205738,1.5823183314411672e-164,0.8814201434315174,0.9542249642323908,LGR3,NA,soil,NA
44997_SRS5_Soil_107,3/12/23,SRS5,Soil,1 ft soil,12:36:00,12:38:00,2023,03,March_2023,28.35,23.5,NA,0,1017.3,74.9,23.5,30.5,12300,433.7,13248,0.04153452462913602,HM.flux is NA,0.04153452462913602,-0.00357886194990353,0.5114829345647889,NA,NA,1.1645726919007566,SE,0.9780280245091656,0.9390475858326092,4.1033272116463e-98,1.1645726919007566,0.9409880754528812,LGR3,NA,soil,NA
44997_SRS5_Soil_108,3/12/23,SRS5,Soil,1 ft soil,12:46:00,12:48:00,2023,03,March_2023,28.675,23.5,NA,1,1015.3,69.8,23.5,30.5,12300,433.7,13248,-0.10716061709103009,SE | g-fact. > 2 | Intercept,-0.10716061709103009,0.02629172151334302,0.01147350605081777,-0.31526991913999675,0.04405257349485914,0.9794748473400264,MAE | SE | AICc,0.9794748473400264,0.9765794713934404,1.1224772084361215e-167,0.9940022640041728,0.9765374738670844,LGR3,NA,soil,NA
44997_SRS5_Soil_109,3/12/23,SRS5,Soil,1 ft soil,12:54:00,12:56:00,2023,03,March_2023,28.74,23.4,NA,1,1016.4,92.6,23.5,30.5,12300,433.7,13248,0.744866502153264,Intercept,0.5101139729448164,0.6522954849119549,1.1947416219445316e-60,0.744866502153264,0.6588780837933531,0.8943537021967913,SE,0.8147199411650254,0.9778827747559892,2.750918282809261e-213,0.8943537021967913,0.9784635876177912,LGR3,NA,soil,NA
44997_SRS5_Soil_110,3/12/23,SRS5,Soil,1 ft soil,13:03:30,13:05:30,2023,03,March_2023,29,23.3,NA,0.5,NA,NA,23.5,30.5,12300,433.7,13248,1.5032666554237497,SE | AICc | Intercept,1.211225012356014,0.7039052525242273,1.4275220976765032e-39,1.5032666554237497,0.7061911492718035,5.199836258811662,SE | Intercept (LM),2.773935319962787,0.9637542700434736,2.1073112063119223e-104,5.199836258811662,0.9928634332042092,LGR3,NA,soil,NA
44997_SRS5_Soil_111,3/12/23,SRS5,Soil,1 ft soil,13:09:00,13:11:00,2023,03,March_2023,29,24.8,NA,1,1014.8,71.8,23.5,30.5,12300,433.7,13248,0.3719820191024188,SE | AICc | Intercept,0.2231814348194863,0.12432756235059884,3.152007134448701e-7,0.3719820191024188,0.12593584894894894,0.8936350469466584,SE | AICc,0.8842059453545696,0.9687316740234552,3.8649415544905346e-145,0.8936350469466584,0.9686250568252548,LGR3,NA,soil,NA
44997_SRS5_Soil_112,3/12/23,SRS5,Soil,1 ft soil,13:15:30,13:17:30,2023,03,March_2023,29,23.5,NA,0,1015.1,72.3,23.5,30.5,12300,433.7,13248,0.09350619176518542,AICc | Intercept,0.09341220638068118,0.0341338674072732,0.00402770610643218,0.09350619176518542,0.03412253694527412,1.2133128218804836,SE,0.9226148872861336,0.942426738082066,2.288538473721767e-132,1.2133128218804836,0.947096530803722,LGR3,NA,soil,NA
44997_SRS5_Soil_113,3/12/23,SRS5,Soil,1 ft soil,13:25:30,13:27:30,2023,03,March_2023,29,23.1,NA,2,1015.9,70.6,23.5,30.5,12300,433.7,13248,0.2617392342665462,AICc | Intercept,0.26127244620827533,0.32462116612835334,1.902008916456648e-22,0.2617392342665462,0.3245283810313898,0.8096940329479649,SE | AICc | Intercept,0.7327679132487208,0.8119495403680814,2.8328802311271843e-89,0.8096940329479649,0.8125291978444849,LGR3,NA,soil,NA
44997_SRS5_Soil_114,3/12/23,SRS5,Soil,1 ft soil,13:41:00,13:43:00,2023,03,March_2023,29,23.4,NA,0,1015,69.3,23.5,30.5,12300,433.7,13248,0.1802692590589279,SE | AICc | Intercept,0.18002085835112974,0.08374856661473229,3.650948499359111e-5,0.1802692590589279,0.0837209562559631,0.9476927981850188,SE | AICc,0.8771486194632169,0.956842931679506,9.695761022900523e-128,0.9476927981850188,0.9572216535921017,LGR3,NA,soil,NA
44997_SRS5_Water_115,3/12/23,SRS5,Water,Floating 8 in,13:53:30,14:03:30,2023,03,March_2023,29,NA,25.9,NA,NA,NA,19.38,9.68,3370,324.3,4318,0.7133004029067103,Intercept (LM),0.43366932842209366,0.9531333091545536,0,0.7133004029067103,0.9689224569590564,1.1793896477037558,Intercept (LM),0.7912352994956589,0.986860189232581,0,1.1793896477037558,0.9977359960889732,LGR3,NA,soil,NA
44997_SRS5_Water_116,3/12/23,SRS5,Water,Floating 8 in,14:13:00,14:18:00,2023,03,March_2023,28.766666666666666,NA,25.9,NA,NA,NA,19.38,9.68,3370,324.3,4318,1.2485017772300393,NA,0.9711513876401864,0.9656007902338404,3.478344277242779e-226,1.2485017772300393,0.9698473937038568,1.8631133454440665,NA,1.5417041276025123,0.9964367804409467,0,1.8631133454440665,0.99893490742471,LGR3,NA,soil,NA
44997_SRS5_Water_117,3/12/23,SRS5,Water,Floating 8 in,14:24:00,14:29:00,2023,03,March_2023,28.533333333333335,NA,25.9,10,NA,NA,19.38,9.68,3370,324.3,4318,0.3024855853508839,AICc,0.2685720033765736,0.8190876301582475,2.71126484931715e-152,0.3024855853508839,0.8198764379572252,0.9415717370693368,NA,0.9045077385066552,0.9977208189424328,0,0.9415717370693368,0.9978300219591734,LGR3,NA,soil,NA
44997_SRS5_Water_118,3/12/23,SRS5,Water,Floating 8 in,14:34:00,14:39:00,2023,03,March_2023,28.3,NA,25.7,12,NA,NA,19.38,9.68,3370,324.3,4318,0.24857241684542888,Intercept,0.20525100116369463,0.7848329498171116,8.568955335089571e-161,0.24857241684542888,0.7868407554513397,1.0781181711728156,NA,0.9942080786305252,0.9984729985043862,0,1.0781181711728156,0.998920100794917,LGR3,NA,soil,NA
44997_SRS5_Water_119,3/12/23,SRS5,Water,Floating 8 in,14:48:00,14:53:00,2023,03,March_2023,28.3,NA,25.5,6,NA,NA,19.38,9.68,3370,324.3,4318,0.21708693178715815,AICc,0.21510539364834355,0.8791918326985124,1.0684949680112193e-261,0.21708693178715815,0.8790738797848102,1.0434715409432231,NA,1.0191738403962514,0.9991843721176288,0,1.0434715409432231,0.9992213987069374,LGR3,NA,soil,NA
45000_CP40_Water_120,3/15/23,CP40,Water,Floating 8 in,11:00:00,11:15:00,2023,03,March_2023,22.7,NA,23.7,NA,NA,NA,19.38,9.68,3370,324.3,4318,2.6503097894434093,NA,2.60711407201461,0.9969556101971428,0,2.6503097894434093,0.9969687937781276,0.4888531301641614,MAE | AICc,0.481328142677693,0.9956940165381264,0,0.4888531301641614,0.9956249504119308,LGR3,NA,soil,NA
45000_CP40_Water_121,3/15/23,CP40,Water,Floating 8 in,11:20:00,11:25:00,2023,03,March_2023,22.7,NA,23.7,NA,NA,NA,19.38,9.68,3370,324.3,4318,3.5892129817018503,NA,2.85651139609389,0.9919106997773968,0,3.5892129817018503,0.9954922799094702,0.7399794492104591,Intercept (LM),0.6106892131208953,0.9856294688826106,0,0.7399794492104591,0.9881030105679456,LGR3,NA,soil,NA
45000_CP40_Water_122,3/15/23,CP40,Water,Floating 8 in,11:31:00,11:35:00,2023,03,March_2023,22.7,NA,23.7,NA,NA,NA,19.38,9.68,3370,324.3,4318,121.79256994225705,SE | g-fact. > 2 | Intercept,121.79256994225705,0.43151140801815246,3.75060646235574e-47,2526.9003207976857,0.9172385265433488,0.3327177795562547,Intercept (LM),0.23667684709099804,0.9611550682649906,3.5797012891132244e-261,0.3327177795562547,0.9690452413818536,LGR3,NA,soil,NA
45000_CP40_Water_123,3/15/23,CP40,Water,Floating 8 in,11:40:00,11:45:00,2023,03,March_2023,22.7,NA,23.7,NA,NA,NA,19.38,9.68,3370,324.3,4318,9.428797957658848,SE | g-fact. > 2 | Intercept (LM),9.428797957658848,0.9215895148837742,8.73295756718177e-165,25.04015434990233,0.9857386341892852,0.21224247492825865,AICc,0.2096633759110847,0.9576838049084296,3.600658417284542e-204,0.21224247492825865,0.9576103175397824,LGR3,NA,soil,NA
45000_CP40_Water_124,3/15/23,CP40,Water,Floating 8 in,11:48:30,11:53:30,2023,03,March_2023,22.2,NA,23.7,NA,NA,NA,19.38,9.68,3370,324.3,4318,6.087914996573328,Intercept (LM),3.5762901803754987,0.9736460768737898,1.2508654320948892e-199,6.087914996573328,0.9943625386380448,0.05680987932744675,SE | g-fact. > 2 | Intercept,0.05680987932744675,0.512694663721628,4.014272602386091e-41,0.14503616004572115,0.5549980103081698,LGR3,NA,soil,NA
45000_CP40_Water_125,3/15/23,CP40,Water,Floating 8 in,12:00:00,12:05:00,2023,03,March_2023,22.2,NA,23.7,NA,NA,NA,19.38,9.68,3370,324.3,4318,2.942744488036672,NA,2.780372504162848,0.9911463898947248,5.55405551861844e-189,2.942744488036672,0.9913577190311392,0.16159702898416822,SE | g-fact. > 2 | Intercept (LM),0.16159702898416822,0.3339061071312375,5.3431635779262736e-18,3.5387286152187594,0.888816282423754,LGR3,NA,soil,NA
45000_CP40_Water_126,3/15/23,CP40,Water,Floating 8 in,12:11:00,12:16:00,2023,03,March_2023,22.2,NA,23.7,NA,NA,NA,19.38,9.68,3370,324.3,4318,3.722922533404868,NA,2.780960549852152,0.9902369610159836,0,3.722922533404868,0.99588755365661,0.14465329884365452,NA,0.10472493069349184,0.9029336541149304,6.186927672799656e-207,0.14465329884365452,0.9092989433524952,LGR3,NA,soil,NA
45000_CP40_Water_127,3/15/23,CP40,Water,Floating 8 in,12:20:00,12:21:45,2023,03,March_2023,22.2,NA,23.7,NA,NA,NA,19.38,9.68,3370,324.3,4318,4.990951303753422,SE | AICc,4.24344508737581,0.6743498471652051,3.4215637212869715e-79,4.990951303753422,0.6758886254459261,0.2118349582644792,SE | AICc,0.21144949684914116,0.14156245131112943,2.363629935276743e-12,0.2118349582644792,0.14151468237095044,LGR3,NA,soil,NA
45000_CP40_Water_128,3/15/23,CP40,Water,Floating 8 in,12:24:00,12:27:00,2023,03,March_2023,22.2,NA,23.7,NA,NA,NA,19.38,9.68,3370,324.3,4318,2.264860303734137,SE | g-fact. > 2 | Intercept,2.264860303734137,0.19094182057364484,3.964656689641923e-12,11.273214891726216,0.2858454218943859,0.23568890511351,AICc,0.2222604489628002,0.9075503425095396,1.6976614455850623e-117,0.23568890511351,0.907763348004872,LGR3,NA,soil,NA
45000_CP40_Water_129,3/15/23,CP40,Water,Floating 8 in,12:30:30,12:33:30,2023,03,March_2023,22.2,NA,23.7,NA,NA,NA,19.38,9.68,3370,324.3,4318,5.484896351290752,MAE | SE | g-fact. > 2 | Intercept,5.484896351290752,0.5272455698525762,3.6041202002532095e-48,11.804592400403717,0.5674999052794123,0.32879372027307585,NA,0.3048983244969568,0.9648563008723507,5.058264864476075e-208,0.32879372027307585,0.9652132290347748,LGR3,NA,soil,NA
45000_CP40_Water_130,3/15/23,CP40,Water,Floating 8 in,15:47:00,15:50:00,2023,03,March_2023,22.65,NA,23.7,NA,NA,NA,19.38,9.68,3370,324.3,4318,32.920400285510155,SE,30.380606985198597,0.9991989819439964,0,32.920400285510155,0.9996498259177272,1.7005813589798522,NA,1.637712606374051,0.9989402419924908,0,1.7005813589798522,0.9990366839170558,LGR3,NA,soil,NA
45000_CP40_Water_131,3/15/23,CP40,Water,Floating 8 in,16:16:00,16:19:00,2023,03,March_2023,22.8,NA,23.7,NA,NA,NA,19.38,9.68,3370,324.3,4318,4.855903363444211,NA,4.604864168823625,0.9972354402355438,7.18906946389388e-262,4.855903363444211,0.9974233542151896,0.2231548802040683,AICc,0.2222072350273412,0.8964260129815242,4.00281265575237e-102,0.2231548802040683,0.8962373984797006,LGR3,NA,soil,NA
45001_BL60_Soil_132,3/16/23,BL60,Soil,1 ft soil,12:36:00,12:39:00,2023,03,March_2023,28.1,20.8,NA,0,NA,NA,23.5,30.5,12300,433.7,13248,5.866186633344924,SE | Intercept (LM),3.119892617898152,0.9621379936557768,4.073105757002368e-288,5.866186633344924,0.9921008131303476,17.438922191789636,NA,12.758369655328684,0.9929889412684336,0,17.438922191789636,0.9999121660136308,LGR3,NA,soil,NA
45001_BL60_Soil_133,3/16/23,BL60,Soil,1 ft soil,12:51:30,12:54:30,2023,03,March_2023,28.1,20.8,NA,0,1022.7,66.5,23.5,30.5,12300,433.7,13248,10.869527684230142,NA,9.797485248964264,0.9975108809041958,2.4104863923286545e-287,10.869527684230142,0.998249498610748,15.818008304046362,SE,12.638771687002988,0.9962584133554552,5.820804869993997e-268,15.818008304046362,0.99975619570456,LGR3,NA,soil,NA
45001_BL60_Soil_134,3/16/23,BL60,Soil,1 ft soil,13:01:00,13:04:00,2023,03,March_2023,28.1,21.2,NA,0,1022.7,64.5,23.5,30.5,12300,433.7,13248,19.863594857921928,SE,18.818122672664007,0.99955494303484,0,19.863594857921928,0.9997560090484494,5.202882025450813,NA,4.678048346323303,0.9987718108243402,0,5.202882025450813,0.999556055467824,LGR3,NA,soil,NA
45001_BL60_Soil_135,3/16/23,BL60,Soil,1 ft soil,13:15:00,13:18:00,2023,03,March_2023,28.1,21.9,NA,0,1022.7,66.4,23.5,30.5,12300,433.7,13248,2.4015863901813503,AICc,2.377881549428888,0.9740155701025957,3.822673145998495e-182,2.4015863901813503,0.9739199007553424,5.228940686263406,SE,4.669758008442624,0.9982138488548364,3.9799538624e-297,5.228940686263406,0.9990925552013982,LGR3,NA,soil,NA
45001_BL60_Soil_136,3/16/23,BL60,Soil,1 ft soil,13:23:30,13:26:30,2023,03,March_2023,28.1,21.9,NA,0,1022.6,63.8,23.5,30.5,12300,433.7,13248,3.184592829789162,SE,2.6311438198598935,0.9642684735595763,4.404207648951315e-141,3.184592829789162,0.9667340564635508,3.912683764407443,RMSE | MAE | SE | AICc,3.912683764407443,0.9983427425525953,4.0265479170974555e-269,3.973842611197711,0.998316676834462,LGR3,NA,soil,NA
45001_BL60_Soil_137,3/16/23,BL60,Soil,2 ft soil,14:00:00,14:07:00,2023,03,March_2023,28.1,21.8,NA,0,NA,NA,23.5,61,25600,433.7,26548,3.0773312261421766,NA,2.904757135756277,0.9939063356866382,0,3.0773312261421766,0.9941295205486044,4.089942429830879,NA,3.941735419739961,0.9993829159666328,0,4.089942429830879,0.9994745971127208,LGR3,NA,soil,NA
45001_BL60_Soil_138,3/16/23,BL60,Soil,2 ft soil,14:15:30,14:18:30,2023,03,March_2023,28.1,21.8,NA,0,1022.1,46,23.5,61,25600,433.7,26548,17.425652099387218,SE,11.204255647222954,0.9775228961975326,7.246526840168828e-182,17.425652099387218,0.991253896455043,3.673605881905974,RMSE | SE | AICc,3.673605881905974,0.9933711990612216,1.1308372104564399e-239,3.726444467275679,0.993332927938654,LGR3,NA,soil,NA
45001_BL60_Soil_139,3/16/23,BL60,Soil,2 ft soil,14:23:00,14:26:00,2023,03,March_2023,28.200000000000003,21.7,NA,0,1021.9,46.4,23.5,61,25600,433.7,26548,2.4926042041151324,SE | AICc,2.461972957341688,0.9290102695497746,1.4077441570586302e-151,2.4926042041151324,0.9289555948793172,5.725550204208432,RMSE | MAE | SE | AICc,5.725550204208432,0.9978620456162578,0,5.803938965979132,0.9978203037147292,LGR3,NA,soil,NA
45001_BL60_Soil_140,3/16/23,BL60,Soil,2 ft soil,14:51:00,14:54:00,2023,03,March_2023,28.3,21.6,NA,0,1021.6,53.6,23.5,61,25600,433.7,26548,65.14931375737713,SE,43.4441376994944,0.987248297154918,2.0315530585962903e-250,65.14931375737713,0.9992217174059564,4.746741294393842,SE | AICc,4.663409906973475,0.9965808553401856,0,4.746741294393842,0.9965844686061855,LGR3,NA,soil,NA
45001_BL60_Soil_141,3/16/23,BL60,Soil,2 ft soil,15:02:00,15:05:00,2023,03,March_2023,28.3,21.6,NA,0,1021.6,46,23.5,61,25600,433.7,26548,271.0720083832925,SE,245.05962497677905,0.9979682936910028,2.7888661471247925e-259,271.0720083832925,0.9986777764351408,4.829726817276744,SE,4.364121760073059,0.9927654152315432,1.3177287344013475e-206,4.829726817276744,0.9934975743422026,LGR3,NA,soil,NA
45001_BL60_Soil_142,3/16/23,BL60,Soil,2 ft soil,15:15:00,15:18:00,2023,03,March_2023,28.3,22.1,NA,0,1021.5,47.5,23.5,61,25600,433.7,26548,52.91704913202886,SE,36.71123471954929,0.9890007128510342,2.3976612647826302e-183,52.91704913202886,0.99838536657348,5.694540754937642,SE,4.853244431683888,0.9938181620487916,1.7018029726275924e-206,5.694540754937642,0.9955755240336184,LGR3,NA,soil,NA
45001_BL60_Soil_143,3/16/23,BL60,Soil,2 ft soil,15:25:00,15:28:00,2023,03,March_2023,28.3,NA,NA,0,NA,NA,23.5,61,25600,433.7,26548,14.78999853772258,SE | g-fact. > 2 | Intercept (LM),14.78999853772258,0.9587606680308622,5.525158728484615e-219,29.940347711079013,0.9957171063037416,5.061477239770524,SE,4.430534505784887,0.9967752045958588,0,5.061477239770524,0.9980065249644888,LGR3,NA,soil,NA
45005_MI_Soil_157,3/20/23,MI,Soil,1 ft soil,13:25:00,13:27:00,2023,03,March_2023,26.8,22.3,NA,0,NA,NA,23.5,30.5,12300,433.7,13248,-1.4406487776138002,RMSE | SE | AICc | Intercept,-1.4406487776138002,0.18353116324018215,2.996689558476284e-13,-1.4448426128854288,0.18271348590377856,-1.521599192316159,MAE | SE,-1.4154932010217487,0.967149344763017,1.3192613532493423e-193,-1.521599192316159,0.9675348135329116,LGR3,NA,soil,NA
45005_MI_Soil_158,3/20/23,MI,Soil,1 ft soil,13:31:00,13:33:00,2023,03,March_2023,26.8,21.3,NA,0,1022.9,63.2,23.5,30.5,12300,433.7,13248,3.5043055925345614,SE,3.162642861373508,0.9672229453729524,6.530796989790951e-147,3.5043055925345614,0.9679600510024096,-0.8848370507308637,SE,-0.8054312490381577,0.9532492299674434,7.15176967155189e-132,-0.8848370507308637,0.953829115518124,LGR3,NA,soil,NA
45005_MI_Soil_159,3/20/23,MI,Soil,1 ft soil,13:36:30,13:38:30,2023,03,March_2023,26.8,22,NA,0,1023.61,62.5,23.5,30.5,12300,433.7,13248,3.693156419801299,SE,3.144770479134572,0.9686022176994732,1.6614845723122913e-155,3.693156419801299,0.9704347040189648,-0.8784764419041422,SE | AICc,-0.8115265801081346,0.9586455520881272,2.656305577127135e-143,-0.8784764419041422,0.9590533425013196,LGR3,NA,soil,NA
45005_MI_Soil_160,3/20/23,MI,Soil,1 ft soil,13:43:00,13:45:00,2023,03,March_2023,26.8,23.1,NA,0,1022.9,51.3,23.5,30.5,12300,433.7,13248,3.1988150123108654,AICc,3.144987365863797,0.9822324027566708,4.840964904071677e-228,3.1988150123108654,0.9822148598695456,-0.4198785435476608,SE | AICc,-0.3787767503267209,0.8790157423974339,1.5089089577261936e-120,-0.4198785435476608,0.8796181010814244,LGR3,NA,soil,NA
45005_MI_Soil_161,3/20/23,MI,Soil,1 ft soil,13:50:00,13:52:00,2023,03,March_2023,26.8,21,NA,0,1022.7,61.6,23.5,30.5,12300,433.7,13248,1.4564353336479068,SE | AICc | Intercept,1.455611323766336,0.7988536772812828,1.782830111181804e-116,1.4564353336479068,0.7986004685919522,-0.4922209081798753,MAE | SE | AICc | Intercept,-0.4922209081798753,0.7063478775246018,1.6833105697244315e-89,-0.4993631036121832,0.7054331311471616,LGR3,NA,soil,NA
45005_MI_Soil_162,3/20/23,MI,Soil,1 ft soil,13:55:00,13:57:00,2023,03,March_2023,26.8,23.5,NA,0.2,1022.7,58.2,23.5,30.5,12300,433.7,13248,2.497492050695694,NA,2.04415104103587,0.9552507348926248,3.4805057264817506e-143,2.497492050695694,0.9578337494080316,-0.6730278303629746,SE,-0.514712692595671,0.9085310641632964,9.961669504210531e-111,-0.6730278303629746,0.9132791039365652,LGR3,NA,soil,NA
45005_MI_Soil_163,3/20/23,MI,Soil,1 ft soil,14:00:30,14:02:30,2023,03,March_2023,26.8,21.9,NA,0,1022.5,51.1,23.5,30.5,12300,433.7,13248,2.209459447665213,SE | AICc | Intercept (HM),1.9013451991308172,0.8607532449999324,2.5852104636999877e-66,2.209459447665213,0.8620173560713972,-0.6160325948063186,RMSE | SE | AICc,-0.6160325948063186,0.8611309231503714,2.1083257442145064e-66,-0.621515756999001,0.8609149876967894,LGR3,NA,soil,NA
45005_MI_Soil_164,3/20/23,MI,Soil,1 ft soil,14:06:00,14:08:00,2023,03,March_2023,26.8,21.7,NA,0,1022.6,45.5,23.5,30.5,12300,433.7,13248,1.2769146400750868,SE | g-fact. > 2 | Intercept (LM),1.2769146400750868,0.2940494775449761,2.273414696974304e-14,4.732231189845404,0.37544575017405446,-0.1101732198220448,AICc,-0.11004426650293422,0.2185583253516916,1.1401983003920596e-10,-0.1101732198220448,0.21842753743022617,LGR3,NA,soil,NA
45005_MI_Soil_165,3/20/23,MI,Soil,1 ft soil,14:11:00,14:13:00,2023,03,March_2023,26.8,21.7,NA,0,1022.5,48,23.5,30.5,12300,433.7,13248,1.2805163460955773,SE | Intercept,0.9640586536207396,0.7486665593666477,1.4021643531105163e-54,1.2805163460955773,0.7535158674836095,-0.17520098415990012,SE | AICc,-0.17439678761453478,0.43900995177574154,5.901971689705763e-24,-0.17520098415990012,0.4389141143713783,LGR3,NA,soil,NA
45005_MI_Soil_166,3/20/23,MI,Soil,1 ft soil,14:16:00,14:18:00,2023,03,March_2023,26.8,21.9,NA,0,1022.4,52.1,23.5,30.5,12300,433.7,13248,-0.15341772790097025,AICc | p-value | Intercept,-0.1538932911085425,-0.00145599959998032,0.39273582507214255,-0.15341772790097025,-0.00147066099715886,-0.34519347262752365,SE | AICc | Intercept,-0.34327068928284576,0.7684363702743604,6.250172838573143e-60,-0.34519347262752365,0.7680717864783396,LGR3,NA,soil,NA
45005_MI_Soil_167,3/20/23,MI,Soil,1 ft soil,14:21:30,14:23:30,2023,03,March_2023,26.8,21.2,NA,0,1022.5,44.4,23.5,30.5,12300,433.7,13248,2.0635863373575414,SE | AICc,1.735926886937866,0.8544819999621686,7.06187568565477e-65,2.0635863373575414,0.8561522568981688,-0.49047072711888423,SE | AICc,-0.4870697198562803,0.8398530275005185,9.391487620375572e-62,-0.49047072711888423,0.8397227201603016,LGR3,NA,soil,NA
45007_BL60_Water_168,3/22/23,BL60,Water,Floating 8 in,15:08:30,15:10:30,2023,03,March_2023,26.7,23.9,NA,NA,NA,NA,19.38,9.68,3370,324.3,4318,NA,NA,NA,NA,NA,NA,NA,NA,NA,NA,NA,NA,NA,NA,LGR3,NA,soil,NA
45007_BL60_Water_169,3/22/23,BL60,Water,Floating 8 in,15:13:30,15:15:30,2023,03,March_2023,26.7,24.3,NA,NA,NA,NA,19.38,9.68,3370,324.3,4318,NA,NA,NA,NA,NA,NA,NA,NA,NA,NA,NA,NA,NA,NA,LGR3,NA,soil,NA
45007_BL60_Water_170,3/22/23,BL60,Water,Floating 8 in,15:18:30,15:20:30,2023,03,March_2023,26.7,24.7,NA,NA,NA,NA,19.38,9.68,3370,324.3,4318,NA,NA,NA,NA,NA,NA,NA,NA,NA,NA,NA,NA,NA,NA,LGR3,NA,soil,NA
45007_BL60_Water_171,3/22/23,BL60,Water,Floating 8 in,15:23:00,15:25:00,2023,03,March_2023,26.7,24.1,NA,NA,NA,NA,19.38,9.68,3370,324.3,4318,NA,NA,NA,NA,NA,NA,NA,NA,NA,NA,NA,NA,NA,NA,LGR3,NA,soil,NA
45007_BL60_Water_172,3/22/23,BL60,Water,Floating 8 in,15:28:30,15:30:30,2023,03,March_2023,26.7,24.5,NA,NA,NA,NA,19.38,9.68,3370,324.3,4318,NA,NA,NA,NA,NA,NA,NA,NA,NA,NA,NA,NA,NA,NA,LGR3,NA,soil,NA
45007_BL60_Water_173,3/22/23,BL60,Water,Floating 8 in,15:35:00,15:37:00,2023,03,March_2023,26.7,24,NA,NA,NA,NA,19.38,9.68,3370,324.3,4318,NA,NA,NA,NA,NA,NA,NA,NA,NA,NA,NA,NA,NA,NA,LGR3,NA,soil,NA
45007_BL60_Water_174,3/22/23,BL60,Water,Floating 8 in,15:41:30,15:42:30,2023,03,March_2023,26.7,24,NA,NA,NA,NA,19.38,9.68,3370,324.3,4318,NA,NA,NA,NA,NA,NA,NA,NA,NA,NA,NA,NA,NA,NA,LGR3,NA,soil,NA
45007_BL60_Water_175,3/22/23,BL60,Water,Floating 8 in,15:47:30,15:49:30,2023,03,March_2023,26.7,24.1,NA,NA,NA,NA,19.38,9.68,3370,324.3,4318,NA,NA,NA,NA,NA,NA,NA,NA,NA,NA,NA,NA,NA,NA,LGR3,NA,soil,NA
45007_BL60_Water_176,3/22/23,BL60,Water,Floating 8 in,15:53:30,15:55:30,2023,03,March_2023,26.7,24.1,NA,NA,NA,NA,19.38,9.68,3370,324.3,4318,NA,NA,NA,NA,NA,NA,NA,NA,NA,NA,NA,NA,NA,NA,LGR3,NA,soil,NA
45007_BL60_Water_177,3/22/23,BL60,Water,Floating 8 in,16:00:00,16:02:00,2023,03,March_2023,28.3,24.6,NA,NA,NA,NA,19.38,9.68,3370,324.3,4318,NA,NA,NA,NA,NA,NA,NA,NA,NA,NA,NA,NA,NA,NA,LGR3,NA,soil,NA
44854_SRS5_Soil_57,10/20/22,SRS5,Soil,3 ft soil,14:42:30,14:47:30,2022,10,Oct_2022,18.057142857142857,23.4,NA,0,NA,NA,23.5,91.4,38700,433.7,39648,0.20463639744154935,SE | Intercept,0.1053004490294487,0.05622714023291353,2.7302904217133674e-7,0.20463639744154935,0.06273299892238804,1.0848855114447349,SE | Intercept,0.8233611904747948,0.9685651566060004,0,1.0848855114447349,0.974106214008656,LGR2,NA,soil,NA
44854_SRS5_Soil_58,10/20/22,SRS5,Soil,3 ft soil,14:57:30,15:00:30,2022,10,Oct_2022,18.14,23.4,NA,1,NA,NA,23.5,91.4,38700,433.7,39648,1.7076173061631097,SE | AICc,1.6933738438850816,0.872881271696542,7.489206287004806e-126,1.7076173061631097,0.8727559488521739,0.932851972798496,SE | AICc,0.9141583646606676,0.9524894589965716,7.444014433517485e-185,0.932851972798496,0.9525162600572932,LGR2,NA,soil,NA
44854_SRS5_Soil_59,10/20/22,SRS5,Soil,3 ft soil,15:08:00,15:11:00,2022,10,Oct_2022,18.575000000000003,23.4,NA,0.5,NA,NA,23.5,91.4,38700,433.7,39648,0.929093747897193,SE | AICc | Intercept,0.8742769651329001,0.5648930935950711,2.7062128835346734e-47,0.929093747897193,0.5650456687926695,1.4042148683677362,SE | AICc,1.385188050238655,0.9689739821623172,9.085267062386624e-191,1.4042148683677362,0.9689034875950956,LGR2,NA,soil,NA
44854_SRS5_Soil_60,10/20/22,SRS5,Soil,3 ft soil,15:19:00,15:32:00,2022,10,Oct_2022,18.56,NA,NA,0,NA,NA,23.5,91.4,38700,433.7,39648,1.2487360008700288,SE | AICc | Intercept,1.158388788309608,0.8284154412359106,1.2692809422224255e-136,1.2487360008700288,0.828743545423066,1.5570515721228868,SE | AICc,1.5321512309355407,0.9890380728953132,0,1.5570515721228868,0.9890370982342376,LGR2,NA,soil,NA
44854_SRS5_Soil_61,10/20/22,SRS5,Soil,3 ft soil,15:30:30,15:33:00,2022,10,Oct_2022,18.52,23,NA,1,NA,NA,23.5,91.4,38700,433.7,39648,1.753887416245992,SE,1.578592859051868,0.895495683664202,1.6015775578918016e-169,1.753887416245992,0.896207339778984,1.4402818196115783,SE,1.1043458864034634,0.9736593675639474,1.383333664099564e-271,1.4402818196115783,0.9783303931485658,LGR2,NA,soil,NA
44854_SRS5_Soil_62,10/20/22,SRS5,Soil,3 ft soil,15:45:30,15:48:30,2022,10,Oct_2022,18.5,22.9,NA,1,NA,NA,23.5,91.4,38700,433.7,39648,1.605917951034202,SE | AICc | Intercept,1.4282604276197557,0.8048710715252443,1.056896486015176e-87,1.605917951034202,0.8056821034372511,1.0921356961512323,SE | AICc,1.0572635510198836,0.9562076995914192,6.191763817457489e-166,1.0921356961512323,0.9562808542644264,LGR2,NA,soil,NA
44854_SRS5_Soil_63,10/20/22,SRS5,Soil,3 ft soil,15:55:30,15:59:30,2022,10,Oct_2022,18.5,23,NA,0,NA,NA,23.5,91.4,38700,433.7,39648,1.4947094634657752,SE | Intercept,1.238251167211953,0.8216655477560668,1.4854238430164979e-123,1.4947094634657752,0.8238280901000685,1.1079467241739225,SE | AICc,1.0984754991252266,0.9778149201374458,3.1349270424914273e-270,1.1079467241739225,0.9776515035342944,LGR2,NA,soil,NA
44854_SRS5_Soil_64,10/20/22,SRS5,Soil,3 ft soil,16:09:45,16:12:45,2022,10,Oct_2022,18.5,22.8,NA,1,NA,NA,23.5,91.4,38700,433.7,39648,1.0688782857637733,SE | AICc | Intercept,1.0582111889728611,0.677767717353464,1.3461065790989345e-66,1.0688782857637733,0.6777113137812245,1.3828770805975306,SE,1.2300536002984137,0.968386761807374,9.233643905934227e-199,1.3828770805975306,0.9693151407881904,LGR2,NA,soil,NA
44857_CP40_Water_76,10/23/22,CP40,Water,Floating 8 in,11:28:00,11:31:00,2022,10,Oct_2022,28,26.3,NA,23,NA,NA,19.38,9.68,3370,324.3,4318,90.19999578492484,RMSE | SE | AICc | Intercept,90.19999578492484,0.6540043034014245,5.275259803694674e-63,90.2135835949048,0.6537612747431141,0.7022318823833904,NA,0.6573113592801691,0.9947564507336653,2.9218984650457323e-291,0.7022318823833904,0.9950700705318528,LGR2,NA,soil,NA
44857_CP40_Water_77,10/23/22,CP40,Water,Floating 8 in,11:42:45,11:45:45,2022,10,Oct_2022,28.34,NA,NA,23,NA,NA,19.38,9.68,3370,324.3,4318,28.81891144862577,NA,22.02033885027499,0.9947106890278984,1.4259480716253776e-227,28.81891144862577,0.9998262588486546,0.5497698566459326,MAE | AICc,0.544264447211337,0.991388457592154,1.2921761905739798e-206,0.5497698566459326,0.9912454426338756,LGR2,NA,soil,NA
44857_CP40_Water_78,10/23/22,CP40,Water,Floating 8 in,11:47:00,11:50:00,2022,10,Oct_2022,28.34,NA,NA,23,NA,NA,19.38,9.68,3370,324.3,4318,25.090376289897364,RMSE | SE | AICc,25.090376289897364,0.6658672136372326,6.476352182889e-83,25.16469616689776,0.6656878622171458,0.6170750363776364,NA,0.5642702331900801,0.9962361680580346,0,0.6170750363776364,0.9967929412166447,LGR2,NA,soil,NA
44857_CP40_Water_79,10/23/22,CP40,Water,Floating 8 in,12:01:45,12:04:45,2022,10,Oct_2022,29.18,NA,NA,23,NA,NA,19.38,9.68,3370,324.3,4318,18.653757022938738,NA,17.78306150186809,0.999652278374299,0,18.653757022938738,0.999810603978924,0.608865162498742,MAE | AICc,0.6028634728085391,0.994352522914066,2.9485877878103203e-238,0.608865162498742,0.9942318363219405,LGR2,NA,soil,NA
44857_CP40_Water_80,10/23/22,CP40,Water,Floating 8 in,12:09:00,12:14:00,2022,10,Oct_2022,29.733333333333334,NA,NA,NA,NA,NA,19.38,9.68,3370,324.3,4318,35.99491805458706,SE | g-fact. > 2 | Intercept,35.99491805458706,0.7871770804239414,1.0640273405212913e-103,162.57695408725738,0.9393002173669942,0.6416095917525667,NA,0.602247424044519,0.9971446181218632,0,0.6416095917525667,0.9974152802474786,LGR2,NA,soil,NA
44996_SRS6_Water_86,3/11/23,SRS6,Water,Floating 8 in,13:16:00,13:21:00,2023,03,March_2023,27.275,25.6,NA,30,NA,NA,19.38,9.68,3370,324.3,4318,1.4691041476016744,NA,1.3015590656252378,0.9975168459667112,0,1.4691041476016744,0.9985297952911132,1.5882540276286148,NA,1.4248917397587564,0.9986083249428503,0,1.5882540276286148,0.9994243376116768,LGR2,NA,soil,NA
44996_SRS6_Water_87,3/11/23,SRS6,Water,Floating 8 in,13:31:00,13:37:00,2023,03,March_2023,28.3,25.6,NA,20,NA,NA,19.38,9.68,3370,324.3,4318,1.473956511992804,NA,1.3611989807770004,0.998309001922593,0,1.473956511992804,0.9987432350574896,1.669571363507892,NA,1.4345217811589217,0.998272326288064,0,1.669571363507892,0.9998583207108048,LGR2,NA,soil,NA
44996_SRS6_Water_88,3/11/23,SRS6,Water,Floating 8 in,13:45:00,13:50:00,2023,03,March_2023,26.950000000000003,25.7,NA,10,NA,NA,19.38,9.68,3370,324.3,4318,1.1563172519653702,NA,1.0757031285200898,0.9952069474766548,0,1.1563172519653702,0.9955671843667534,1.5129542460315306,NA,1.397435610102338,0.9992203042433456,0,1.5129542460315306,0.999650282809092,LGR2,NA,soil,NA
44996_SRS6_Soil_89,3/11/23,SRS6,Soil,1 ft soil,11:31:00,11:35:00,2023,03,March_2023,26.7,24.5,NA,0,NA,NA,23.5,30.5,12300,433.7,13248,10.63532834327336,RMSE | SE | AICc | Intercept,10.63532834327336,0.8651170325704958,3.2873045938017023e-214,10.644741772124492,0.8648308924433121,2.0790104991787124,NA,1.2959958872766473,0.982592345115318,0,2.0790104991787124,0.9986722113951536,LGR2,NA,soil,NA
44996_SRS6_Soil_90,3/11/23,SRS6,Soil,1 ft soil,11:47:00,11:49:00,2023,03,March_2023,26.7,25.2,NA,0,NA,NA,23.5,30.5,12300,433.7,13248,3.3589693998097885,SE | g-fact. > 2 | Intercept,3.3589693998097885,0.753590195640397,8.687489361968179e-101,15.645923560494936,0.8966869078017302,0.7458046362171007,NA,0.5208432618292712,0.9765050739124804,3.407499650056774e-266,0.7458046362171007,0.9855061818122484,LGR2,NA,soil,NA
44996_SRS6_Soil_91,3/11/23,SRS6,Soil,1 ft soil,11:52:30,11:54:30,2023,03,March_2023,26.7,25.2,NA,0,29.98,61.9,23.5,30.5,12300,433.7,13248,2.779209765953986,Intercept,1.537078557478372,0.9354165565274958,8.630345498731204e-147,2.779209765953986,0.9584783311746632,0.5955075887691632,SE,0.5124767780550071,0.9657960128309634,2.453437716590157e-180,0.5955075887691632,0.9673367870757588,LGR2,NA,soil,NA
44996_SRS6_Soil_92,3/11/23,SRS6,Soil,1 ft soil,11:59:30,12:01:30,2023,03,March_2023,26.7,24.3,NA,0,29.98,61.5,23.5,30.5,12300,433.7,13248,4.6256697430088485,Intercept (LM),2.963273775025193,0.9754985103542017,6.174689643045536e-223,4.6256697430088485,0.9885420520519628,3.480256105021425,NA,2.8424876540357045,0.9962273330947622,0,3.480256105021425,0.9990267918210056,LGR2,NA,soil,NA
44996_SRS6_Soil_93,3/11/23,SRS6,Soil,1 ft soil,12:08:00,12:10:00,2023,03,March_2023,26.7,24.1,NA,0,29.98,69.6,23.5,30.5,12300,433.7,13248,2.634225758731205,NA,2.0580751879375483,0.956811592230258,2.1483257715558989e-128,2.634225758731205,0.9610717412076824,1.5354785918110068,SE,1.2758859131473692,0.98999457248094,3.7596805956897757e-187,1.5354785918110068,0.9924228983626892,LGR2,NA,soil,NA
44996_SRS6_Soil_94,3/11/23,SRS6,Soil,1 ft soil,12:13:00,12:15:00,2023,03,March_2023,27.1,24,NA,0,29.98,71.5,23.5,30.5,12300,433.7,13248,1.8304991535744133,AICc,1.800840484873897,0.9762114118926118,1.2778794262970978e-181,1.8304991535744133,0.9761875836363372,2.254839024826999,SE,1.9310912900791972,0.9959103318399108,4.0272156296694254e-266,2.254839024826999,0.9976025994856612,LGR2,NA,soil,NA
44996_SRS6_Soil_95,3/11/23,SRS6,Soil,1 ft soil,12:20:00,12:22:00,2023,03,March_2023,26.52,24.3,NA,0,29.98,76.9,23.5,30.5,12300,433.7,13248,3.729011918491345,NA,3.38817357681579,0.9900732021574888,1.7555705767076772e-192,3.729011918491345,0.9907002764671106,2.707800802856613,SE,2.5346665298743636,0.9975335935555234,6.195599024741741e-250,2.707800802856613,0.9978352444276204,LGR2,NA,soil,NA
44996_SRS6_Soil_96,3/11/23,SRS6,Soil,1 ft soil,12:25:00,12:27:00,2023,03,March_2023,26.84,24,NA,0,29.98,74.4,23.5,30.5,12300,433.7,13248,2.8190576822941367,NA,2.324754532683983,0.967921628416302,1.840290587722271e-187,2.8190576822941367,0.970258223885516,1.2365239946960396,SE,0.794175394022528,0.9456491986409984,4.624761287941026e-159,1.2365239946960396,0.958430009129054,LGR2,NA,soil,NA
44996_SRS6_Soil_97,3/11/23,SRS6,Soil,1 ft soil,12:34:00,12:56:00,2023,03,March_2023,27.083333333333332,23.8,NA,0,29.98,71.8,23.5,30.5,12300,433.7,13248,0.39395776535221494,Intercept (LM),0.2634745952347321,0.7008580999670382,8.316856506402571e-91,0.39395776535221494,0.7094379972947309,0.4786693487211232,AICc,0.4711925132647514,0.9856048932315298,1.45134591597e-296,0.4786693487211232,0.9856097462137648,LGR2,NA,soil,NA
44996_SRS6_Soil_98,3/11/23,SRS6,Soil,1 ft soil,12:44:00,12:46:00,2023,03,March_2023,27.16,23.9,NA,0,29.97,74,23.5,30.5,12300,433.7,13248,2.992608947994275,SE | Intercept,2.4506839040695874,0.8696121406185419,6.673417070288495e-155,2.992608947994275,0.8729192947747315,0.4515792874647489,RMSE | AICc,0.4468197929090808,0.979081585608203,5.148072073803264e-291,0.4515792874647489,0.9789553652145866,LGR2,NA,soil,NA
45002_SE1_Water_144,3/17/23,SE1,Water,Floating 8 in,09:21:00,10:21:00,2023,03,March_2023,26.6,20.6,NA,15,NA,NA,19.38,9.68,3370,324.3,4318,1.6120419754546949,Intercept (LM),0.9814739631492264,0.9800299970200904,0,1.6120419754546949,0.997210223643514,1.743557772897078,Intercept (LM),1.1226047305032565,0.9854542310239668,0,1.743557772897078,0.9988966490842294,LGR2,NA,soil,NA
45003_FLM30_Water_145,3/18/23,FLM30,Water,Floating 8 in,11:03:00,NA,2023,03,March_2023,27.025,NA,NA,20,NA,NA,19.38,9.68,3370,324.3,4318,3.8111037880554215,NA,2.8910035946822488,0.993435040646149,0,3.8111037880554215,0.9988610423633274,0.5004426729077596,NA,0.4345367640491971,0.9891569836287216,0,0.5004426729077596,0.9905992879568782,LGR1,NA,soil,NA
45003_FLM30_Water_146,3/18/23,FLM30,Water,Floating 8 in,NA,NA,2023,03,March_2023,NA,NA,NA,NA,NA,NA,19.38,9.68,3370,324.3,4318,NA,NA,NA,NA,NA,NA,NA,NA,NA,NA,NA,NA,NA,NA,LGR1,NA,soil,NA
45003_FLM30_Water_147,3/18/23,FLM30,Water,Floating 8 in,12:47:00,12:50:00,2023,03,March_2023,28.375,28.1,NA,NA,NA,NA,19.38,9.68,3370,324.3,4318,7.004692163104839,RMSE | MAE | SE | AICc,7.004692163104839,0.9933519044087618,0,7.0358771219944,0.9931490022100116,0.39522811957345705,NA,0.3436536973831663,0.9885587025432934,0,0.39522811957345705,0.9899015596500186,LGR1,NA,soil,NA
45003_FLM30_Water_148,3/18/23,FLM30,Water,Floating 8 in,12:55:00,12:58:00,2023,03,March_2023,28.30909090909091,NA,NA,2,NA,NA,19.38,9.68,3370,324.3,4318,5.184121538081438,NA,5.046599638295358,0.9975828757757252,3.248854864879562e-292,5.184121538081438,0.9976309832603726,0.3247659627353386,AICc,0.3207217299451079,0.9409254861447228,1.1850601776963745e-141,0.3247659627353386,0.9408479876500124,LGR1,NA,soil,NA
45003_FLM30_Water_149,3/18/23,FLM30,Water,Floating 8 in,13:01:00,13:04:00,2023,03,March_2023,28.363636363636363,NA,NA,17,NA,NA,19.38,9.68,3370,324.3,4318,8.307549279502554,SE,6.692506359544429,0.9943816956258376,0,8.307549279502554,0.9974547569441552,0.4931045912599374,NA,0.4750634470058268,0.9868057282924172,0,0.4931045912599374,0.9869023686139332,LGR1,NA,soil,NA
45003_FLM30_Water_150,3/18/23,FLM30,Water,Floating 8 in,13:05:00,13:08:00,2023,03,March_2023,28.39090909090909,NA,NA,25,NA,NA,19.38,9.68,3370,324.3,4318,7.895836333034574,SE,6.624009396837176,0.9952101034838444,0,7.895836333034574,0.9972163843611066,0.5027425330541611,NA,0.4737184903324946,0.986186433253576,0,0.5027425330541611,0.9864340564544252,LGR1,NA,soil,NA
45003_FLM30_Water_151,3/18/23,FLM30,Water,Floating 8 in,13:12:00,13:15:00,2023,03,March_2023,28.418181818181814,NA,NA,21,NA,NA,19.38,9.68,3370,324.3,4318,8.834723833400444,RMSE | MAE | SE | AICc,8.834723833400444,0.9940316220262396,1.56758927077e-296,8.88637823365552,0.9938469360185695,0.48237246526184174,NA,0.4090497653156029,0.972747075139376,1.6145631786402395e-220,0.48237246526184174,0.9747074265906578,LGR1,NA,soil,NA
45003_FLM30_Water_152,3/18/23,FLM30,Water,Floating 8 in,13:21:00,13:24:00,2023,03,March_2023,28.60909090909091,NA,NA,12,NA,NA,19.38,9.68,3370,324.3,4318,6.7611116567942755,NA,5.552776966628979,0.9911248265801378,2.1451591554701056e-246,6.7611116567942755,0.9936023948491092,0.39010315031383774,AICc,0.3842932601221128,0.9637235891084328,1.2581082379371214e-173,0.39010315031383774,0.9636878196311858,LGR1,NA,soil,NA
45003_FLM30_Water_153,3/18/23,FLM30,Water,Floating 8 in,13:27:00,13:33:00,2023,03,March_2023,28.990909090909092,NA,NA,20,NA,NA,19.38,9.68,3370,324.3,4318,5.6900201154445345,RMSE | SE | AICc | Intercept,5.6900201154445345,0.9907810491764124,0,5.75777390563017,0.9907247219767664,0.4676142402787565,RMSE | MAE | AICc,0.4676142402787565,0.9885173728021304,0,0.4717152540901599,0.9883642769730788,LGR1,NA,soil,NA
45003_FLM30_Water_154,3/18/23,FLM30,Water,Floating 8 in,13:36:00,14:06:00,2023,03,March_2023,29.34,NA,NA,27,NA,NA,19.38,9.68,3370,324.3,4318,4.861084485898551,NA,4.289304922551265,0.9976669266867376,0,4.861084485898551,0.99874078309,0.6699548052135335,RMSE | MAE | AICc,0.6699548052135335,0.9954873579271776,0,0.6740790711006408,0.995313555421242,LGR1,NA,soil,NA
45003_FLM30_Water_155,3/18/23,FLM30,Water,Floating 8 in,14:09:00,14:19:00,2023,03,March_2023,29.233333333333334,NA,NA,22,NA,NA,19.38,9.68,3370,324.3,4318,5.4726282725473565,NA,5.240723880364469,0.998719470715372,0,5.4726282725473565,0.9988492848307357,0.6948096484701762,NA,0.6804560056450242,0.998132751197532,0,0.6948096484701762,0.9981516034325618,LGR1,NA,soil,NA
45003_FLM30_Water_156,3/18/23,FLM30,Water,Floating 8 in,14:24:00,14:39:00,2023,03,March_2023,28.9,NA,NA,27,NA,NA,19.38,9.68,3370,324.3,4318,7.166417904515998,SE | Intercept (LM),3.988362071706625,0.9721571035261296,0,7.166417904515998,0.9966289246389678,0.769976750669384,NA,0.54085546097906545,0.9869011433753516,0,0.769976750669384,0.9959151775374532,LGR1,NA,soil,NA
