no,index,flux_id,plot,date,start_time,end_time,component,status,species,analyzer,chamber,chamber_class,chamber_vol,chamber_area,height,diameter,stem_temp,air_temp,soil_temp,lenticels,above,water_depth,datetime,date_only,time_period,analyzer_cell_volume_cm3,tubing_volume_cm3,filter_volume_cm3,chamber_volume_cm3,surface_area_cm2,total_system_volume_cm3,analyzer_cell_volume_L,tubing_volume_L,chamber_volume_L,filter_volume_L,total_system_volume_L,CH4_LM.flux,CH4_LM.C0,CH4_LM.Ct,CH4_LM.slope,CH4_LM.MAE,CH4_LM.RMSE,CH4_LM.AICc,CH4_LM.SE,CH4_LM.se.rel,CH4_LM.r2,CH4_LM.p.val,CH4_HM.flux,CH4_HM.C0,CH4_HM.Ci,CH4_HM.slope,CH4_HM.MAE,CH4_HM.RMSE,CH4_HM.AICc,CH4_HM.SE,CH4_HM.se.rel,CH4_HM.r2,CH4_HM.k,CH4_C0,CH4_Ct,CH4_MDF,CH4_prec,CH4_flux.term,CH4_nb.obs,CH4_k.max,CH4_k.mult,CH4_g.fact,CH4_HM.diagnose,CH4_LM.diagnose,CH4_best.flux,CH4_model,CH4_quality.check,CH4_HM.score,CH4_LM.score,CH4_RMSE.lim,CH4_MAE.lim,CH4_SE.lim,CH4_g.limit,CH4_g.reverse,CH4_k.ratio.lim,CH4_p.val.lim,CH4_MDF.lim,CH4_warn.nb.obs,CO2_LM.flux,CO2_LM.C0,CO2_LM.Ct,CO2_LM.slope,CO2_LM.MAE,CO2_LM.RMSE,CO2_LM.AICc,CO2_LM.SE,CO2_LM.se.rel,CO2_LM.r2,CO2_LM.p.val,CO2_HM.flux,CO2_HM.C0,CO2_HM.Ci,CO2_HM.slope,CO2_HM.MAE,CO2_HM.RMSE,CO2_HM.AICc,CO2_HM.SE,CO2_HM.se.rel,CO2_HM.r2,CO2_HM.k,CO2_C0,CO2_Ct,CO2_MDF,CO2_prec,CO2_flux.term,CO2_nb.obs,CO2_k.max,CO2_k.mult,CO2_g.fact,CO2_HM.diagnose,CO2_LM.diagnose,CO2_best.flux,CO2_model,CO2_quality.check,CO2_HM.score,CO2_LM.score,CO2_RMSE.lim,CO2_MAE.lim,CO2_SE.lim,CO2_g.limit,CO2_g.reverse,CO2_k.ratio.lim,CO2_p.val.lim,CO2_MDF.lim,CO2_warn.nb.obs,processing_date,timestamp_correction,primary_gas,notes
1,T1_1,Mar_22_T1_1_RB10_stem,RB10,3/19/22,08:19:00,08:28:00,stem,alive,RHMA,Picarro,R2,NA,NA,NA,50,NA,30.2,29.6,NA,NA,sediment,NA,2022-03-19T08:19:00.000000Z,2022-03-19,March_2022,35,29,277,NA,NA,NA,0.035,0.029,NA,0.277,NA,NA,NA,NA,NA,NA,NA,NA,NA,NA,NA,NA,NA,NA,NA,NA,NA,NA,NA,NA,NA,NA,NA,NA,NA,NA,NA,NA,NA,NA,NA,NA,NA,NA,NA,NA,NA,NA,NA,NA,NA,NA,NA,NA,NA,NA,NA,NA,NA,NA,NA,NA,NA,NA,NA,NA,NA,NA,NA,NA,NA,NA,NA,NA,NA,NA,NA,NA,NA,NA,NA,NA,NA,NA,NA,NA,NA,NA,NA,NA,NA,NA,NA,NA,NA,NA,NA,NA,NA,NA,NA,NA,NA,NA,NA,2025-09-07,-25220 seconds,CH4dry_ppb,"Timestamps corrected by -25220 seconds, CH4 focus"
2,T1_2,Mar_22_T1_2_RB10_stem,RB10,3/19/22,08:42:00,08:48:00,stem,alive,RHMA,Picarro,R2,NA,NA,NA,100,NA,35.7,29.6,NA,NA,sediment,NA,2022-03-19T08:42:00.000000Z,2022-03-19,March_2022,35,29,277,NA,NA,NA,0.035,0.029,NA,0.277,NA,NA,NA,NA,NA,NA,NA,NA,NA,NA,NA,NA,NA,NA,NA,NA,NA,NA,NA,NA,NA,NA,NA,NA,NA,NA,NA,NA,NA,NA,NA,NA,NA,NA,NA,NA,NA,NA,NA,NA,NA,NA,NA,NA,NA,NA,NA,NA,NA,NA,NA,NA,NA,NA,NA,NA,NA,NA,NA,NA,NA,NA,NA,NA,NA,NA,NA,NA,NA,NA,NA,NA,NA,NA,NA,NA,NA,NA,NA,NA,NA,NA,NA,NA,NA,NA,NA,NA,NA,NA,NA,NA,NA,NA,NA,2025-09-07,-25220 seconds,CH4dry_ppb,"Timestamps corrected by -25220 seconds, CH4 focus"
3,T1_3,Mar_22_T1_3_RB10_root,RB10,3/19/22,09:00:00,09:05:00,root,alive,RHMA,Picarro,R2,NA,NA,NA,NA,NA,28.1,29.6,NA,NA,sediment,NA,2022-03-19T09:00:00.000000Z,2022-03-19,March_2022,35,29,277,NA,NA,NA,0.035,0.029,NA,0.277,NA,NA,NA,NA,NA,NA,NA,NA,NA,NA,NA,NA,NA,NA,NA,NA,NA,NA,NA,NA,NA,NA,NA,NA,NA,NA,NA,NA,NA,NA,NA,NA,NA,NA,NA,NA,NA,NA,NA,NA,NA,NA,NA,NA,NA,NA,NA,NA,NA,NA,NA,NA,NA,NA,NA,NA,NA,NA,NA,NA,NA,NA,NA,NA,NA,NA,NA,NA,NA,NA,NA,NA,NA,NA,NA,NA,NA,NA,NA,NA,NA,NA,NA,NA,NA,NA,NA,NA,NA,NA,NA,NA,NA,NA,NA,2025-09-07,-25220 seconds,CH4dry_ppb,"Timestamps corrected by -25220 seconds, CH4 focus"
4,T1_4,Mar_22_T1_4_RB10_root,RB10,3/19/22,09:07:00,09:09:00,root,alive,RHMA,Picarro,R2,NA,NA,NA,NA,NA,28.1,29.6,NA,NA,sediment,NA,2022-03-19T09:07:00.000000Z,2022-03-19,March_2022,35,29,277,NA,NA,NA,0.035,0.029,NA,0.277,NA,NA,NA,NA,NA,NA,NA,NA,NA,NA,NA,NA,NA,NA,NA,NA,NA,NA,NA,NA,NA,NA,NA,NA,NA,NA,NA,NA,NA,NA,NA,NA,NA,NA,NA,NA,NA,NA,NA,NA,NA,NA,NA,NA,NA,NA,NA,NA,NA,NA,NA,NA,NA,NA,NA,NA,NA,NA,NA,NA,NA,NA,NA,NA,NA,NA,NA,NA,NA,NA,NA,NA,NA,NA,NA,NA,NA,NA,NA,NA,NA,NA,NA,NA,NA,NA,NA,NA,NA,NA,NA,NA,NA,NA,NA,2025-09-07,-25220 seconds,CH4dry_ppb,"Timestamps corrected by -25220 seconds, CH4 focus"
5,T1_5,Mar_22_T1_5_RB10_root,RB10,3/19/22,09:12:00,09:21:00,root,alive,RHMA,Picarro,R2,NA,NA,NA,NA,NA,28.4,29.6,NA,NA,sediment,NA,2022-03-19T09:12:00.000000Z,2022-03-19,March_2022,35,29,277,NA,NA,NA,0.035,0.029,NA,0.277,NA,NA,NA,NA,NA,NA,NA,NA,NA,NA,NA,NA,NA,NA,NA,NA,NA,NA,NA,NA,NA,NA,NA,NA,NA,NA,NA,NA,NA,NA,NA,NA,NA,NA,NA,NA,NA,NA,NA,NA,NA,NA,NA,NA,NA,NA,NA,NA,NA,NA,NA,NA,NA,NA,NA,NA,NA,NA,NA,NA,NA,NA,NA,NA,NA,NA,NA,NA,NA,NA,NA,NA,NA,NA,NA,NA,NA,NA,NA,NA,NA,NA,NA,NA,NA,NA,NA,NA,NA,NA,NA,NA,NA,NA,NA,2025-09-07,-25220 seconds,CH4dry_ppb,"Timestamps corrected by -25220 seconds, CH4 focus"
6,T1_6,Mar_22_T1_6_RB10_stem,RB10,3/19/22,10:04:00,10:18:00,stem,alive,AVGE,Picarro,R2,NA,NA,NA,26,NA,30.2,29.6,NA,NA,sediment,NA,2022-03-19T10:04:00.000000Z,2022-03-19,March_2022,35,29,277,NA,NA,NA,0.035,0.029,NA,0.277,NA,NA,NA,NA,NA,NA,NA,NA,NA,NA,NA,NA,NA,NA,NA,NA,NA,NA,NA,NA,NA,NA,NA,NA,NA,NA,NA,NA,NA,NA,NA,NA,NA,NA,NA,NA,NA,NA,NA,NA,NA,NA,NA,NA,NA,NA,NA,NA,NA,NA,NA,NA,NA,NA,NA,NA,NA,NA,NA,NA,NA,NA,NA,NA,NA,NA,NA,NA,NA,NA,NA,NA,NA,NA,NA,NA,NA,NA,NA,NA,NA,NA,NA,NA,NA,NA,NA,NA,NA,NA,NA,NA,NA,NA,NA,2025-09-07,-25220 seconds,CH4dry_ppb,"Timestamps corrected by -25220 seconds, CH4 focus"
7,T1_7,Mar_22_T1_7_RB10_stem,RB10,3/19/22,10:23:00,10:33:00,stem,alive,AVGE,Picarro,R2,NA,NA,NA,50,NA,30.4,29.6,NA,NA,sediment,NA,2022-03-19T10:23:00.000000Z,2022-03-19,March_2022,35,29,277,NA,NA,NA,0.035,0.029,NA,0.277,NA,NA,NA,NA,NA,NA,NA,NA,NA,NA,NA,NA,NA,NA,NA,NA,NA,NA,NA,NA,NA,NA,NA,NA,NA,NA,NA,NA,NA,NA,NA,NA,NA,NA,NA,NA,NA,NA,NA,NA,NA,NA,NA,NA,NA,NA,NA,NA,NA,NA,NA,NA,NA,NA,NA,NA,NA,NA,NA,NA,NA,NA,NA,NA,NA,NA,NA,NA,NA,NA,NA,NA,NA,NA,NA,NA,NA,NA,NA,NA,NA,NA,NA,NA,NA,NA,NA,NA,NA,NA,NA,NA,NA,NA,NA,2025-09-07,-25220 seconds,CH4dry_ppb,"Timestamps corrected by -25220 seconds, CH4 focus"
8,T1_8,Mar_22_T1_8_RB10_stem,RB10,3/19/22,10:46:00,10:56:00,stem,alive,AVGE,Picarro,R2,NA,NA,NA,100,NA,34.5,29.6,NA,NA,sediment,NA,2022-03-19T10:46:00.000000Z,2022-03-19,March_2022,35,29,277,NA,NA,NA,0.035,0.029,NA,0.277,NA,NA,NA,NA,NA,NA,NA,NA,NA,NA,NA,NA,NA,NA,NA,NA,NA,NA,NA,NA,NA,NA,NA,NA,NA,NA,NA,NA,NA,NA,NA,NA,NA,NA,NA,NA,NA,NA,NA,NA,NA,NA,NA,NA,NA,NA,NA,NA,NA,NA,NA,NA,NA,NA,NA,NA,NA,NA,NA,NA,NA,NA,NA,NA,NA,NA,NA,NA,NA,NA,NA,NA,NA,NA,NA,NA,NA,NA,NA,NA,NA,NA,NA,NA,NA,NA,NA,NA,NA,NA,NA,NA,NA,NA,NA,2025-09-07,-25220 seconds,CH4dry_ppb,"Timestamps corrected by -25220 seconds, CH4 focus"
32,T1_32,Mar_22_T1_32_SRS6_stem,SRS6,3/22/22,11:46:00,11:56:00,stem,alive,RHMA,Picarro,S3,B,NA,NA,0,25.5,27.2,25.5,23.5,NA,sediment,NA,2022-03-22T11:46:00.000000Z,2022-03-22,March_2022,35,29,277,418.99555555555554,107.68,759.9955555555555,0.035,0.029,0.4189955555555556,0.277,0.7599955555555555,0.1408836771721538,2007.5932095493547,2033.7643964799036,0.04891810641224106,1.1976063280761278,1.4835600992980418,615.4430983305261,0.002126550030516486,1.5094367730890024,0.9633373538285777,2.589857025647745e-121,0.17505050252800353,2006.593359551618,2079.7221271780877,0.0607816269568075,1.178617251935802,1.4195592951845373,602.7251591573091,0.009533916678097044,5.446380638965526,0.9664323765841134,8.311589122801929e-4,2007.3548185000002,2034.2688366,5.373116430066048e-4,0.1,2.8799904065154016,168,0.4891810641224105,1,1.2425179839258407,Noise (HM.RMSE) | Noise (HM.MAE),Noise (LM.RMSE) | Noise (LM.MAE),0.17505050252800353,HM,,0,4,0.1,0.1,0.007715167498104596,2,0.5,1,0.05,5.4e-4,60,1.7283791108815258,683.0818056329689,1004.1533002565991,0.6001336348105237,4.681179811877613,6.1564338973222785,1093.5889148586775,0.008824694529340593,0.5105763240126022,0.9956652643644588,2.7768970397130567e-198,2.115378444611211,671.7184271805666,1623.0768518123307,0.734508851080056,2.8081094005638336,3.6809239430186897,922.87178008886394,0.024444364014872665,1.155555124291972,0.9984504062269958,7.720632225066567e-4,664.52989881,997.73976573,1.343279107516512e-4,0.025,2.8799904065154016,168,24.005345392420946,1,1.2239088237604907,Noise (HM.RMSE) | Noise (HM.MAE) | Noise (HM.SE),Noise (LM.RMSE) | Noise (LM.MAE) | Noise (LM.SE),2.115378444611211,HM,SE,1,3,0.025,0.025,0.001928791874526149,2,0.5,1,0.05,1.3e-4,60,2025-09-07,-25220 seconds,CH4dry_ppb,"Timestamps corrected by -25220 seconds, CH4 focus"
33,T1_33,Mar_22_T1_33_SRS6_stem,SRS6,3/22/22,12:00:00,12:07:00,stem,alive,RHMA,Picarro,S1,C,NA,NA,50,32.8,31,29,NA,NA,sediment,NA,2022-03-22T12:00:00.000000Z,2022-03-22,March_2022,35,29,277,1064.6016666666667,213.35,1405.6016666666667,0.035,0.029,1.064601666666667,0.277,1.4056016666666666,0.25545667007626,1979.3539086514481,2026.0893379780464,0.09616343482839133,1.6358202976345542,2.0259981913960856,673.4071912939324,0.0030501219093534843,1.1939879700314535,0.9782413187216614,5.765449088947349e-131,0.2987517787796386,1978.0827314343874,2150.236565904006,0.11246133130900618,1.5600270864882244,1.9454246930750219,662.77067291222545,0.013176523278236416,4.410525464337239,0.9799375802729837,6.532606819678658e-4,1977.7032207,2026.2701156,5.454793548825657e-4,0.1,2.6564844582780944,157,0.9616343482839131,1,1.1694812223554545,Noise (HM.RMSE) | Noise (HM.MAE),Noise (LM.RMSE) | Noise (LM.MAE),0.2987517787796386,HM,,0,4,0.1,0.1,0.007980868844676222,2,0.5,1,0.05,5.5e-4,60,2.9888641017360387,500.1451566244026,1046.953532979545,1.1251201159570832,4.322235900257699,5.565134365534133,990.6911967357998,0.008378259333546051,0.28031583398789056,0.9987756900354786,7.970162849683939e-228,3.3633072282003007,489.06459804531306,3069.999649401126,1.2660744984671815,2.0798318135514,2.5978994253607453,753.586663743376,0.01709626251147615,0.5083170032202002,0.999733200664886,4.905487636359114e-4,480.76924682,1037.1546466,1.3636983872064142e-4,0.025,2.6564844582780944,157,45.00480463828332,1,1.1252794084036046,Noise (HM.RMSE) | Noise (HM.MAE) | Noise (HM.SE),Noise (LM.RMSE) | Noise (LM.MAE) | Noise (LM.SE),3.3633072282003007,HM,SE,1,3,0.025,0.025,0.0019952172111690554,2,0.5,1,0.05,1.4e-4,60,2025-09-07,-25220 seconds,CH4dry_ppb,"Timestamps corrected by -25220 seconds, CH4 focus"
34,T1_34,Mar_22_T1_34_SRS6_stem,SRS6,3/22/22,12:10:00,12:18:00,stem,alive,RHMA,Picarro,S1,C,NA,NA,100,38.2,28.6,28.6,23.5,NA,sediment,NA,2022-03-22T12:10:00.000000Z,2022-03-22,March_2022,35,29,277,1064.6016666666667,213.35,1405.6016666666667,0.035,0.029,1.064601666666667,0.277,1.4056016666666666,0.11518642497004242,1982.4615963891404,2006.5836283127107,0.04330705910874386,2.1040866749643516,2.541217582628548,852.7058341784306,0.0031160898342840315,2.7052578766069537,0.8840985222634877,1.948839675221004e-85,0.16854025486716337,1980.7665557963476,2025.2099975867036,0.06336669257365452,2.013637050580106,2.4418262130831594,840.4350780255514,0.01580996935520844,9.380530109954574,0.8929874351337345,0.0014257827481625137,1980.1193160999999,2008.1618233,4.7665966967235294e-4,0.1,2.6597609567717293,180,0.4330705910874386,1,1.4631954669224014,Noise (HM.RMSE) | Noise (HM.MAE),Noise (LM.RMSE) | Noise (LM.MAE),0.16854025486716337,HM,,0,4,0.1,0.1,0.007453559924999299,2,0.5,1,0.05,4.8e-4,60,4.661742044335279,598.332535138532,1574.5820406002363,1.7526921103441728,9.393886016940185,10.785550621742674,1373.1088754489765,0.013225449437825925,0.2837018717905433,0.9985613482897178,4.148988889196209e-255,5.335339190146911,575.7258787246384,4656.719622105979,2.0059468790092514,3.0427995628758704,3.5614674100029045,976.3085987345733,0.01918208290982148,0.3595288364279853,0.9998431339457935,4.91533926574268e-4,583.24802837,1551.8632746,1.1916491741808823e-4,0.025,2.6597609567717293,180,70.10768441376692,1,1.1444947273798975,Noise (HM.RMSE) | Noise (HM.MAE) | Noise (HM.SE),Noise (LM.RMSE) | Noise (LM.MAE) | Noise (LM.SE),5.335339190146911,HM,SE,1,3,0.025,0.025,0.0018633899812498247,2,0.5,1,0.05,1.2e-4,60,2025-09-07,-25220 seconds,CH4dry_ppb,"Timestamps corrected by -25220 seconds, CH4 focus"
35,T1_35,Mar_22_T1_35_SRS6_stem,SRS6,3/22/22,12:35:00,12:40:00,stem,alive,AVGE,Picarro,S1,C,NA,NA,0,26.1,27.9,28.9,23.8,NA,sediment,NA,2022-03-22T12:35:00.000000Z,2022-03-22,March_2022,35,29,277,1064.6016666666667,213.35,1405.6016666666667,0.035,0.029,1.064601666666667,0.277,1.4056016666666666,0.6946646613783299,2081.918208376902,2224.221459067594,0.2615868578873016,2.5267674321046565,3.0908482903982937,897.7247908036176,0.003965913504939526,0.5709105019205231,0.9943604632070582,1.1208085739471381e-196,0.8321737472994764,2077.410140873114,2540.2547618007,0.3133680578200808,1.8041336941422585,2.363837005700607,805.9639327659395,0.013778209735990716,1.6556890650183318,0.9967014497004639,6.770480711044245e-4,2077.1571510000003,2217.4640873000003,4.872622683988406e-4,0.1,2.6555793627736812,175,2.615868578873016,1,1.1979503112311853,Noise (HM.RMSE) | Noise (HM.MAE),Noise (LM.RMSE) | Noise (LM.MAE),0.8321737472994764,HM,,0,4,0.1,0.1,0.007559289460184545,2,0.5,1,0.05,4.9e-4,60,5.500195070131814,890.5438649180699,2017.268285244387,2.071184596188083,9.525729172621158,11.446311603366492,1355.952479086958,0.014686933004947788,0.26702567486567,0.9987608610130608,1.3210335447972494e-253,6.213948428920699,866.8582403141728,6014.341239828316,2.3399596020472146,3.7147753256847014,4.484709929310628,1030.0996169273533,0.025021904458639603,0.4026731915280098,0.9998097793731174,4.5458325987051865e-4,870.81374925,1993.8503979,1.2181556709971015e-4,0.025,2.6555793627736812,175,82.84738384752332,1,1.129768735415375,Noise (HM.RMSE) | Noise (HM.MAE) | Noise (HM.SE),Noise (LM.RMSE) | Noise (LM.MAE) | Noise (LM.SE),6.213948428920699,HM,SE,1,3,0.025,0.025,0.0018898223650461363,2,0.5,1,0.05,1.2e-4,60,2025-09-07,-25220 seconds,CH4dry_ppb,"Timestamps corrected by -25220 seconds, CH4 focus"
36,T1_36,Mar_22_T1_36_SRS6_stem,SRS6,3/22/22,12:45:00,12:50:00,stem,alive,AVGE,Picarro,S1,C,NA,NA,50,24.5,27.3,30.1,NA,NA,sediment,NA,2022-03-22T12:45:00.000000Z,2022-03-22,March_2022,35,29,277,1064.6016666666667,213.35,1405.6016666666667,0.035,0.029,1.064601666666667,0.277,1.4056016666666666,0.32759657394407987,1992.9126099933546,2050.2871365190363,0.1239190637703707,1.8038982749955244,2.26201135421365,681.1915302966662,0.0036304501937043016,1.1082076195107011,0.9819091776735287,6.063529241220749e-132,0.357156761599218,1992.076504997425,2350.1471237450137,0.13510071544334107,1.783054129714717,2.230906719505724,679.1206568898417,0.015195611533924482,4.25460558716124,0.9824032862044181,3.773018739037517e-4,1993.9297124,2050.7398458,5.697485742191559e-4,0.1,2.643633384376883,151,1.2391906377037067,1,1.09023350671605,Noise (HM.RMSE) | Noise (HM.MAE),Noise (LM.RMSE) | Noise (LM.MAE),0.357156761599218,HM,,0,4,0.1,0.1,0.008137884587711594,2,0.5,1,0.05,5.7e-4,60,3.2346816429553873,633.4758838610181,1199.9907453917706,1.2235742149692277,3.788758017262158,5.771604612408059,964.0736438880831,0.009263226307007504,0.28637211724317013,0.9987713661091612,5.760148443082309e-219,3.4481243002847033,627.4093891286448,5312.643596022262,1.304312587616018,2.793720527416691,5.061832734875614,926.5554523537945,0.03390360526054977,0.9832477691639606,0.9990549714537977,2.7838791616797265e-4,673.70263455,1195.2333931,1.4243714355478897e-4,0.025,2.643633384376883,151,48.942968598769106,1,1.065985676764871,Noise (HM.RMSE) | Noise (HM.MAE) | Noise (HM.SE),Noise (LM.RMSE) | Noise (LM.MAE) | Noise (LM.SE),3.4481243002847033,HM,SE,1,3,0.025,0.025,0.0020344711469278986,2,0.5,1,0.05,1.4e-4,60,2025-09-07,-25220 seconds,CH4dry_ppb,"Timestamps corrected by -25220 seconds, CH4 focus"
37,T1_37,Mar_22_T1_37_SRS6_stem,SRS6,3/22/22,12:55:00,13:00:00,stem,alive,AVGE,Picarro,S1,C,NA,NA,100,22.3,26.9,30.3,NA,NA,sediment,NA,2022-03-22T12:55:00.000000Z,2022-03-22,March_2022,35,29,277,1064.6016666666667,213.35,1405.6016666666667,0.035,0.029,1.064601666666667,0.277,1.4056016666666666,0.12083732349452476,1980.7749725642652,2007.2626251302247,0.045747241046562116,1.8057315286511777,2.343072360753147,864.3415254795013,0.002695201714322334,2.2304381099970785,0.9144330030041503,5.477856024852712e-102,0.14375938591645726,1979.9710308731098,2069.0471614989274,0.054425198192377275,1.795691930819133,2.316520674070791,862.121237358375,0.012075647249966065,8.399901803269787,0.9163613047322889,6.109964342860988e-4,1980.841821,2009.6400262,4.5541590739765737e-4,0.1,2.6414122629064125,189,0.4574724104656211,1,1.1896935628748109,Noise (HM.RMSE) | Noise (HM.MAE),Noise (LM.RMSE) | Noise (LM.MAE),0.14375938591645726,HM,,0,4,0.1,0.1,0.00727392967453308,2,0.5,1,0.05,4.6e-4,60,3.60532072596008,478.32978695698245,1268.6194095371316,1.3649216279449898,3.7311990332422758,4.571134882424537,1116.9583450068596,0.005258109300367099,0.14584303866521858,0.9996002793021425,6.504e-320,3.7538088130247464,472.97494365278044,10624.31052180381,1.4211370431415866,3.0997582816258085,3.874554519362697,1056.5509589803723,0.018280452672893483,0.48698411622523335,0.9997128213717198,1.3999508066705378e-4,483.54453476,1266.5064952,1.1385397684941434e-4,0.025,2.6414122629064125,189,54.59686511779958,1,1.041185819057783,Noise (HM.RMSE) | Noise (HM.MAE) | Noise (HM.SE),Noise (LM.RMSE) | Noise (LM.MAE) | Noise (LM.SE),3.7538088130247464,HM,SE,1,3,0.025,0.025,0.00181848241863327,2,0.5,1,0.05,1.1e-4,60,2025-09-07,-25220 seconds,CH4dry_ppb,"Timestamps corrected by -25220 seconds, CH4 focus"
38,T1_38,Mar_22_T1_38_SRS6_stem,SRS6,3/22/22,13:22:00,13:27:00,stem,alive,RHMA,Picarro,S1,C,NA,NA,50,27.7,27.5,30.1,23.9,NA,sediment,NA,2022-03-22T13:22:00.000000Z,2022-03-22,March_2022,35,29,277,1064.6016666666667,213.35,1405.6016666666667,0.035,0.029,1.064601666666667,0.277,1.4056016666666666,0.4200840167206657,1991.3900789688275,2081.7194268854278,0.15903054210669026,2.3289298583017426,2.8929552233881726,859.6815331816988,0.0036286794952664955,0.8637985143051469,0.9874006834428989,1.2640518455320528e-163,0.48793629257185844,1989.0791707243502,2328.1013187794188,0.18471727090923612,2.2405453942896463,2.6939657969876993,837.263323758192,0.014727065991105051,3.0182354162426224,0.9890743390478636,5.448531075888053e-4,1989.0485865,2077.9724416,4.6424084935102e-4,0.1,2.6415304328073037,172,1.5903054210669028,1,1.1615207271651828,Noise (HM.RMSE) | Noise (HM.MAE),Noise (LM.RMSE) | Noise (LM.MAE),0.48793629257185844,HM,,0,4,0.1,0.1,0.007624928516630234,2,0.5,1,0.05,4.6e-4,60,2.944355512005662,595.9537600739178,1229.0692866067197,1.1146400115014117,4.474276417726966,5.431905731245273,1076.4054848699786,0.006813325276464401,0.2314029419573467,0.9990851732726268,1.9211572905681097e-260,3.256272761172295,585.2240694318995,3966.713868656521,1.2327220314140654,2.032901195543623,2.3971908639895063,797.1127433766784,0.012629373235678882,0.38784752267289074,0.999821827930887,3.6454997785198985e-4,585.28602234,1215.2760496,1.16060212337755e-4,0.025,2.6415304328073037,172,44.58560046005647,1,1.105937359770172,Noise (HM.RMSE) | Noise (HM.MAE) | Noise (HM.SE),Noise (LM.RMSE) | Noise (LM.MAE) | Noise (LM.SE),3.256272761172295,HM,SE,1,3,0.025,0.025,0.0019062321291575585,2,0.5,1,0.05,1.2e-4,60,2025-09-07,-25220 seconds,CH4dry_ppb,"Timestamps corrected by -25220 seconds, CH4 focus"
39,T1_39,Mar_22_T1_39_SRS6_stem,SRS6,3/22/22,13:40:00,13:47:00,stem,alive,RHMA,Picarro,S1,C,NA,NA,100,27.1,27.2,26,NA,NA,sediment,NA,2022-03-22T13:40:00.000000Z,2022-03-22,March_2022,35,29,277,1064.6016666666667,213.35,1405.6016666666667,0.035,0.029,1.064601666666667,0.277,1.4056016666666666,0.20315399364714073,1981.3419127710445,2024.033284961291,0.07569392232313221,1.5811699399315282,1.9769810204831721,493.53248442162726,0.002999080598399729,1.4762597301477853,0.975545130977585,6.286303423321788e-94,0.2148213269769986,1980.9479239686575,2381.4302823299386,0.0800410986051909,1.5639291615157573,1.9687808394977775,494.71426127425934,0.012405030783858826,5.774580651942003,0.9757475795177525,1.998617340666593e-4,1981.1124720999999,2023.4089066999998,4.7502438701875694e-4,0.1,2.6838877866559767,116,0.7569392232313221,1,1.057430981889152,Noise (HM.RMSE) | Noise (HM.MAE),Noise (LM.RMSE) | Noise (LM.MAE),0.2148213269769986,HM,AICc,1,3,0.1,0.1,0.009284766908852594,2,0.5,1,0.05,4.8e-4,60,2.5169638796658567,716.18325166639,1245.1053754561744,0.9378051840244405,3.766222524246765,4.644652539015071,691.6942687858827,0.007045938818706359,0.27993801880231006,0.9990996036398943,1.1461674816795302e-175,2.7550582778699653,708.1987412693234,3870.1620445029243,1.0265176851162858,2.4412935577617922,2.8099262091964494,577.2468077832367,0.018165670167158865,0.659357020251615,0.9996704531991346,3.2464566684455547e-4,711.44740758,1234.2867901,1.1875609675468923e-4,0.025,2.6838877866559767,116,37.51220736097762,1,1.0945958740717874,Noise (HM.RMSE) | Noise (HM.MAE) | Noise (HM.SE),Noise (LM.RMSE) | Noise (LM.MAE) | Noise (LM.SE),2.7550582778699653,HM,SE,1,3,0.025,0.025,0.0023211917272131484,2,0.5,1,0.05,1.2e-4,60,2025-09-07,-25220 seconds,CH4dry_ppb,"Timestamps corrected by -25220 seconds, CH4 focus"
52,T1_52,Mar_22_T1_52_FLM30_stem,FLM30,3/23/22,10:16:00,10:21:00,stem,dead,AVGE,Picarro,S1,C,NA,NA,0,16.6,37.4,30.6,25.2,NA,sediment,NA,2022-03-23T10:16:00.000000Z,2022-03-23,March_2022,35,29,277,1064.6016666666667,213.35,1405.6016666666667,0.035,0.029,1.064601666666667,0.277,1.4056016666666666,19.902471200404364,2559.47148803566,5572.530019096525,7.532646327652163,46.2034574053669,52.6836037067868,1373.5387970206868,0.10728918737990051,0.5390747023300337,0.996351673530254,1.853378172292239e-154,23.629043677446237,2469.599741170809,12681.889049193811,8.943071807044328,28.62306767083149,34.706655794318415,1269.6588517477815,0.3194572813309428,1.3519687283656876,0.9984166815119903,8.757166524863774e-4,2512.0446376,5562.737623800001,6.588932441235312e-4,0.1,2.6421619089353596,127,75.32646327652162,1,1.1872416967479977,Noise (HM.RMSE) | Noise (HM.MAE) | Noise (HM.SE),Noise (LM.RMSE) | Noise (LM.MAE) | Noise (LM.SE),23.629043677446237,HM,SE,1,3,0.1,0.1,0.008873565094161139,2,0.5,1,0.05,6.6e-4,60,0.6758615170971581,495.6088904226732,597.9283606733804,0.255798675626768,3.3747761189266634,4.17977032523789,729.8906093087867,0.008512025185771897,1.2594333262724078,0.9804027872794677,7.992320665720979e-109,1.025141212199398,487.6414027093706,665.0619010355732,0.38799333558346216,1.9813508606489714,2.6340525900061906,614.7432428011582,0.02915670758432925,2.8441650025731327,0.9922171555020218,0.0021868574332944524,485.16465857,597.16885826,1.647233110308828e-4,0.025,2.6421619089353596,127,10.231947025070719,1,1.5167918075915976,Noise (HM.RMSE) | Noise (HM.MAE) | Noise (HM.SE),Noise (LM.RMSE) | Noise (LM.MAE) | Noise (LM.SE),1.025141212199398,HM,SE,1,3,0.025,0.025,0.0022183912735402847,2,0.5,1,0.05,1.6e-4,60,2025-09-07,-25220 seconds,CH4dry_ppb,"Timestamps corrected by -25220 seconds, CH4 focus"
53,T1_53,Mar_22_T1_53_FLM30_stem,FLM30,3/23/22,10:34:00,10:40:00,stem,dead,AVGE,Picarro,S1,C,NA,NA,50,15,28.9,30.5,NA,NA,sediment,NA,2022-03-23T10:34:00.000000Z,2022-03-23,March_2022,35,29,277,1064.6016666666667,213.35,1405.6016666666667,0.035,0.029,1.064601666666667,0.277,1.4056016666666666,0.4622192184727328,1967.526780280403,2056.043749513155,0.17493472180385788,3.211499685433481,3.8369192305369753,956.8241103091852,0.005310996294491101,1.1490210883138359,0.977919313768151,6.537281426920792e-143,0.4640215279152249,1967.4644470091062,10987.293150307274,0.17561683645492884,3.2314902092209903,3.856397974088819,960.6627280623578,0.02140061664174813,4.611987882953988,0.9776972768278066,1.9470085545051784e-5,1973.7083082,2055.7508644000004,5.211515345409264e-4,0.1,2.642238280122496,172,1.7493472180385787,1,1.0038992524985164,Noise (HM.RMSE) | Noise (HM.MAE),Noise (LM.RMSE) | Noise (LM.MAE),0.4640215279152249,HM,RMSE | AICc,2,2,0.1,0.1,0.007624928516630234,2,0.5,1,0.05,5.2e-4,60,0.6191461321407395,520.7333778426173,639.302526287734,0.23432638032631767,15.01717819377191,20.64404768369767,1535.6926109172036,0.028575128681056924,4.615247870846982,0.7325919566873338,8.82250228023107e-51,0.6204339330277919,520.6853442252279,18697.2131236086,0.23481377046699517,15.04482117626829,20.6518375668453,1537.9190561776425,0.11447533957580083,18.450850845173385,0.7323927724246371,1.2918516303940703e-5,484.37161483,641.19813496,1.302878836352316e-4,0.025,2.642238280122496,172,9.373055213052707,1,1.0020799627425592,Noise (HM.RMSE) | Noise (HM.MAE) | Noise (HM.SE),Noise (LM.RMSE) | Noise (LM.MAE) | Noise (LM.SE),0.6191461321407395,LM,RMSE | MAE | SE | AICc | Intercept,4,0,0.025,0.025,0.0019062321291575585,2,0.5,1,0.05,1.3e-4,60,2025-09-07,-25220 seconds,CH4dry_ppb,"Timestamps corrected by -25220 seconds, CH4 focus"
54,T1_54,Mar_22_T1_54_FLM30_stem,FLM30,3/23/22,10:48:00,10:53:00,stem,dead,AVGE,Picarro,S1,C,NA,NA,100,13.7,28.8,30.7,NA,NA,sediment,NA,2022-03-23T10:48:00.000000Z,2022-03-23,March_2022,35,29,277,1064.6016666666667,213.35,1405.6016666666667,0.035,0.029,1.064601666666667,0.277,1.4056016666666666,0.1013861283311173,1953.9393091200711,1971.6496370981183,0.03841719734934311,1.8187056888822106,2.324460478660183,522.0514222510348,0.004329063857777096,4.269877870904382,0.8289150365661487,5.749305787297619e-45,0.14800363212338,1952.7122336147622,1985.27249861174,0.05608148607010533,1.7621303752336301,2.2620543506862285,517.9952944146364,0.02208418447653544,14.921380076757467,0.8379781527535073,0.0017223903452662534,1953.855256,1971.0550655000002,5.712298381051735e-4,0.1,2.6390818520459014,114,0.3841719734934311,1,1.4598015977098409,Noise (HM.RMSE) | Noise (HM.MAE),Noise (LM.RMSE) | Noise (LM.MAE),0.14800363212338,HM,,0,4,0.1,0.1,0.00936585811581694,2,0.5,1,0.05,5.7e-4,60,1.434951748866951,514.4598109621131,765.1200001164732,0.5437314298359219,3.3080421686651893,4.155571497818191,654.5107590555087,0.007739316088515584,0.5393432981022956,0.996723604320184,3.334780775567673e-141,1.7255203574378648,506.48635775340017,1302.2203903926045,0.6538335884126465,1.6842400943584641,2.1235483561528037,503.5891229201317,0.01793350491017041,1.0393099584637144,0.9991444229299431,8.216735260701144e-4,502.17596746,757.73201296,1.4280745952629338e-4,0.025,2.6390818520459014,114,21.74925719343688,1,1.2024936439851368,Noise (HM.RMSE) | Noise (HM.MAE) | Noise (HM.SE),Noise (LM.RMSE) | Noise (LM.MAE) | Noise (LM.SE),1.7255203574378648,HM,SE,1,3,0.025,0.025,0.002341464528954235,2,0.5,1,0.05,1.4e-4,60,2025-09-07,-25220 seconds,CH4dry_ppb,"Timestamps corrected by -25220 seconds, CH4 focus"
55,T1_55,Mar_22_T1_55_FLM30_stem,FLM30,3/23/22,11:07:00,11:16:00,stem,dead,AVGE,Picarro,S1,C,NA,NA,0,19.4,27.9,30.2,25.2,NA,sediment,NA,2022-03-23T11:07:00.000000Z,2022-03-23,March_2022,35,29,277,1064.6016666666667,213.35,1405.6016666666667,0.035,0.029,1.064601666666667,0.277,1.4056016666666666,9.061296319866198,3288.510167689547,4708.582096290729,3.4301254314038228,59.93859060824413,72.70801700087604,736.6899439077769,0.19931579996698376,2.199638914026011,0.9704057857870194,2.524669531407129e-49,9.150556919895402,3286.2394010460225,71855.34532131522,3.463914752862307,60.185320928710844,72.82715518333688,739.1774770925706,0.7936445153656849,8.673182652305242,0.9703094519723969,5.051713459542667e-5,3201.3620002000002,4769.752598800001,6.365495781475543e-4,0.1,2.64168074931235,64,34.301254314038225,1,1.0098507538963832,Noise (HM.RMSE) | Noise (HM.MAE) | Noise (HM.SE),Noise (LM.RMSE) | Noise (LM.MAE) | Noise (LM.SE),9.061296319866198,LM,RMSE | MAE | SE | AICc,4,0,0.1,0.1,0.0125,2,0.5,1,0.05,6.4e-4,60,1.0785544241921858,586.3448814415714,755.3742131395057,0.4082834098983921,7.115395451024966,8.59688787477164,463.4033658809617,0.023566803973844135,2.1850361414534243,0.9707861570800745,1.6902918492459952e-49,1.0875450043641468,586.1158780187045,10326.794333743894,0.41168676595279097,7.140280918431756,8.603828203503074,465.7846256038978,0.09365561187653447,8.611653908639113,0.970739312261726,4.2264691091493494e-5,573.69904372,757.35439958,1.5913739453688857e-4,0.025,2.64168074931235,64,16.331336395935683,1,1.0083357686643348,Noise (HM.RMSE) | Noise (HM.MAE) | Noise (HM.SE),Noise (LM.RMSE) | Noise (LM.MAE) | Noise (LM.SE),1.0785544241921858,LM,RMSE | MAE | SE | AICc,4,0,0.025,0.025,0.003125,2,0.5,1,0.05,1.6e-4,60,2025-09-07,-25220 seconds,CH4dry_ppb,"Timestamps corrected by -25220 seconds, CH4 focus"
56,T1_56,Mar_22_T1_56_FLM30_stem,FLM30,3/23/22,11:22:00,11:31:00,stem,dead,AVGE,Picarro,S1,C,NA,NA,50,17.5,24.4,30.3,NA,NA,sediment,NA,2022-03-23T11:22:00.000000Z,2022-03-23,March_2022,35,29,277,1064.6016666666667,213.35,1405.6016666666667,0.035,0.029,1.064601666666667,0.277,1.4056016666666666,1.9859519715739338,2119.396250084767,2454.960926951859,0.7507039750941664,14.076069534241041,17.708814758717466,590.2231438589279,0.044329498680268885,2.2321536127148263,0.9676800168629291,3.9297755079035275e-51,3.4159575163790654,2083.9209383906705,2584.7402556486804,1.2912562453694227,9.067583120981954,10.95439634839396,527.1593192925654,0.16384956115786892,4.796592474356952,0.9876328668640734,0.0025782876196530553,2074.8608750000003,2450.7818883,5.905028686469225e-4,0.1,2.6454528515382125,68,7.507039750941662,1,1.7200604875010166,Noise (HM.RMSE) | Noise (HM.MAE) | Noise (HM.SE),Noise (LM.RMSE) | Noise (LM.MAE) | Intercept (LM),3.4159575163790654,HM,SE | Intercept (LM),1,3,0.1,0.1,0.012126781251816649,2,0.5,1,0.05,5.9e-4,60,0.4638610974320356,498.73362749646236,577.1118569294903,0.17534279515218767,2.481785385793335,3.081193083856631,352.39373712982774,0.007712980603472538,1.6627780700239978,0.9818076076100186,2.265576130017119e-59,0.661718981444219,493.60187020033743,645.1549175043696,0.2501344830468096,1.8065673264756483,2.250801642801952,311.94551678014795,0.029249896753703458,4.4202898169650195,0.9902920745430874,0.0016504747842187048,493.22964982,575.06292632,1.4762571716173063e-4,0.025,2.6454528515382125,68,7.013711806087506,1,1.4265455437145673,Noise (HM.RMSE) | Noise (HM.MAE) | Noise (HM.SE),Noise (LM.RMSE) | Noise (LM.MAE) | Noise (LM.SE),0.661718981444219,HM,SE,1,3,0.025,0.025,0.003031695312954162,2,0.5,1,0.05,1.5e-4,60,2025-09-07,-25220 seconds,CH4dry_ppb,"Timestamps corrected by -25220 seconds, CH4 focus"
57,T1_57,Mar_22_T1_57_FLM30_stem,FLM30,3/23/22,11:38:00,11:48:00,stem,dead,AVGE,Picarro,S1,C,NA,NA,100,21.6,25.7,28.8,NA,NA,sediment,NA,2022-03-23T11:38:00.000000Z,2022-03-23,March_2022,35,29,277,1064.6016666666667,213.35,1405.6016666666667,0.035,0.029,1.064601666666667,0.277,1.4056016666666666,0.15540703521123742,1961.8693831401706,1983.8463039609305,0.05844925750202099,2.0736223670825846,2.5973366741301986,286.50052509617694,0.008189955539328988,5.2700030781726,0.860932237171066,2.62749309154784e-26,0.3077447439853294,1958.8811076876264,1988.270321919975,0.11574412806757786,1.8749742871090564,2.275083293755687,273.173454054853,0.04793947280307056,15.577673945702186,0.8932999616606566,0.003938319927593659,1959.8722183999998,1982.8138116,7.052617435481506e-4,0.1,2.6588367731765272,59,0.5844925750202098,1,1.9802497587514398,Noise (HM.RMSE) | Noise (HM.MAE),Noise (LM.RMSE) | Noise (LM.MAE),0.3077447439853294,HM,nb.obs,0,4,0.1,0.1,0.013018891098082389,2,0.5,1,0.05,7.1e-4,60,0.5479768047408478,480.33248343945377,557.8247464701033,0.20609644423045076,1.625476934286969,1.918001183900317,250.72257461333106,0.006047866099524582,1.1036719158915445,0.9929837837989367,2.643743558330378e-63,0.6863411855297056,477.3215540599664,687.4007247025118,0.2581358857579399,1.0623862357386524,1.3424286735694477,210.9241767978975,0.02005027274706103,2.9213273470666916,0.9965629356670574,0.001228755259116879,476.55533680999997,554.85360725,1.7631543588703764e-4,0.025,2.6588367731765272,59,8.243857769218028,1,1.2525004335800196,Noise (HM.RMSE) | Noise (HM.MAE) | Noise (HM.SE),Noise (LM.RMSE) | Noise (LM.MAE) | Noise (LM.SE),0.6863411855297056,HM,SE | nb.obs,1,3,0.025,0.025,0.0032547227745205972,2,0.5,1,0.05,1.8e-4,60,2025-09-07,-25220 seconds,CH4dry_ppb,"Timestamps corrected by -25220 seconds, CH4 focus"
58,T1_58,Mar_22_T1_58_FLM30_CWD,FLM30,3/23/22,12:14:00,12:29:00,CWD,dead,NA,Picarro,RA,NA,NA,NA,NA,8,45,31,NA,NA,sediment,NA,2022-03-23T12:14:00.000000Z,2022-03-23,March_2022,35,29,277,NA,NA,NA,0.035,0.029,NA,0.277,NA,NA,NA,NA,NA,NA,NA,NA,NA,NA,NA,NA,NA,NA,NA,NA,NA,NA,NA,NA,NA,NA,NA,NA,NA,NA,NA,NA,NA,NA,NA,NA,NA,NA,NA,NA,NA,NA,NA,NA,NA,NA,NA,NA,NA,NA,NA,NA,NA,NA,NA,NA,NA,NA,NA,NA,NA,NA,NA,NA,NA,NA,NA,NA,NA,NA,NA,NA,NA,NA,NA,NA,NA,NA,NA,NA,NA,NA,NA,NA,NA,NA,NA,NA,NA,NA,NA,NA,NA,NA,NA,NA,NA,NA,NA,2025-09-07,-25220 seconds,CH4dry_ppb,"Timestamps corrected by -25220 seconds, CH4 focus"
59,T1_59,Mar_22_T1_59_FLM30_pneumatophore,FLM30,3/23/22,15:54:00,12:59:00,pneumatophore,dead,AVGE,Picarro,P,NA,NA,NA,NA,NA,34.5,31,NA,NA,sediment,NA,2022-03-23T15:54:00.000000Z,2022-03-23,March_2022,35,29,277,NA,NA,NA,0.035,0.029,NA,0.277,NA,NA,NA,NA,NA,NA,NA,NA,NA,NA,NA,NA,NA,NA,NA,NA,NA,NA,NA,NA,NA,NA,NA,NA,NA,NA,NA,NA,NA,NA,NA,NA,NA,NA,NA,NA,NA,NA,NA,NA,NA,NA,NA,NA,NA,NA,NA,NA,NA,NA,NA,NA,NA,NA,NA,NA,NA,NA,NA,NA,NA,NA,NA,NA,NA,NA,NA,NA,NA,NA,NA,NA,NA,NA,NA,NA,NA,NA,NA,NA,NA,NA,NA,NA,NA,NA,NA,NA,NA,NA,NA,NA,NA,NA,NA,2025-09-07,-25220 seconds,CH4dry_ppb,"Timestamps corrected by -25220 seconds, CH4 focus"
60,T1_60,Mar_22_T1_60_FLM30_pneumatophore,FLM30,3/23/22,13:11:00,13:16:00,pneumatophore,dead,AVGE,Picarro,P,NA,NA,NA,NA,NA,34.3,30.866666666666667,NA,NA,sediment,NA,2022-03-23T13:11:00.000000Z,2022-03-23,March_2022,35,29,277,NA,NA,NA,0.035,0.029,NA,0.277,NA,NA,NA,NA,NA,NA,NA,NA,NA,NA,NA,NA,NA,NA,NA,NA,NA,NA,NA,NA,NA,NA,NA,NA,NA,NA,NA,NA,NA,NA,NA,NA,NA,NA,NA,NA,NA,NA,NA,NA,NA,NA,NA,NA,NA,NA,NA,NA,NA,NA,NA,NA,NA,NA,NA,NA,NA,NA,NA,NA,NA,NA,NA,NA,NA,NA,NA,NA,NA,NA,NA,NA,NA,NA,NA,NA,NA,NA,NA,NA,NA,NA,NA,NA,NA,NA,NA,NA,NA,NA,NA,NA,NA,NA,NA,2025-09-07,-25220 seconds,CH4dry_ppb,"Timestamps corrected by -25220 seconds, CH4 focus"
61,T1_61,Mar_22_T1_61_FLM30_pneumatophore,FLM30,3/23/22,13:21:00,13:26:00,pneumatophore,dead,AVGE,Picarro,P,NA,NA,NA,NA,NA,32.6,30.522222222222226,NA,NA,sediment,NA,2022-03-23T13:21:00.000000Z,2022-03-23,March_2022,35,29,277,NA,NA,NA,0.035,0.029,NA,0.277,NA,NA,NA,NA,NA,NA,NA,NA,NA,NA,NA,NA,NA,NA,NA,NA,NA,NA,NA,NA,NA,NA,NA,NA,NA,NA,NA,NA,NA,NA,NA,NA,NA,NA,NA,NA,NA,NA,NA,NA,NA,NA,NA,NA,NA,NA,NA,NA,NA,NA,NA,NA,NA,NA,NA,NA,NA,NA,NA,NA,NA,NA,NA,NA,NA,NA,NA,NA,NA,NA,NA,NA,NA,NA,NA,NA,NA,NA,NA,NA,NA,NA,NA,NA,NA,NA,NA,NA,NA,NA,NA,NA,NA,NA,NA,2025-09-07,-25220 seconds,CH4dry_ppb,"Timestamps corrected by -25220 seconds, CH4 focus"
62,T1_62,Mar_22_T1_62_BL60_stem,BL60,3/24/22,13:22:00,13:26:00,stem,alive,RHMA,Picarro,RZ,NA,NA,NA,0,3.8,30.3,30.35,NA,NA,sediment,NA,2022-03-24T13:22:00.000000Z,2022-03-24,March_2022,35,29,277,NA,NA,NA,0.035,0.029,NA,0.277,NA,NA,NA,NA,NA,NA,NA,NA,NA,NA,NA,NA,NA,NA,NA,NA,NA,NA,NA,NA,NA,NA,NA,NA,NA,NA,NA,NA,NA,NA,NA,NA,NA,NA,NA,NA,NA,NA,NA,NA,NA,NA,NA,NA,NA,NA,NA,NA,NA,NA,NA,NA,NA,NA,NA,NA,NA,NA,NA,NA,NA,NA,NA,NA,NA,NA,NA,NA,NA,NA,NA,NA,NA,NA,NA,NA,NA,NA,NA,NA,NA,NA,NA,NA,NA,NA,NA,NA,NA,NA,NA,NA,NA,NA,NA,2025-09-07,-25220 seconds,CH4dry_ppb,"Timestamps corrected by -25220 seconds, CH4 focus"
63,T1_63,Mar_22_T1_63_BL60_stem,BL60,3/24/22,12:32:00,13:36:00,stem,alive,RHMA,Picarro,S3,B,NA,NA,50,8,32.1,30.8,24.5,NA,sediment,NA,2022-03-24T12:32:00.000000Z,2022-03-24,March_2022,35,29,277,418.99555555555554,107.68,759.9955555555555,0.035,0.029,0.4189955555555556,0.277,0.7599955555555555,18.03258696178889,2421.212975486016,4787.816640036283,6.396226120406127,21.18299650062396,24.614642882310083,514.9213924347367,0.08697011430394025,0.48229416271902753,0.9987454651322922,8.564064218240806e-79,18.899259940573383,2403.0723476143935,28597.054304029298,6.703638271335892,21.171470516340023,23.00825474514846,509.8270745377585,0.3332179492578108,1.7631269706093122,0.9989038676071726,2.5592284069258023e-4,2427.3221391,4792.6471948,7.599067759203478e-4,0.1,2.81925413866449,55,63.96226120406127,1,1.048061488937831,Noise (HM.RMSE) | Noise (HM.MAE) | Noise (HM.SE),Noise (LM.RMSE) | Noise (LM.MAE) | Noise (LM.SE),18.899259940573383,HM,SE | nb.obs,1,3,0.1,0.1,0.013483997249264842,2,0.5,1,0.05,7.6e-4,60,3.7931174206884877,911.7967830807213,1409.606975644479,1.3454329528750206,4.941530028613631,5.926439958996037,358.2904326281008,0.02093969687529958,0.5520445204540708,0.9983569865961622,1.0900755985252961e-75,4.024469644867404,906.966539905377,5323.737076350202,1.427494453115829,4.734094083115218,5.4507467048927865,351.4160256823561,0.07965880246827854,1.979361493504397,0.9986101583235811,3.231986903863149e-4,910.22160232,1404.1567731,1.8997669398008695e-4,0.025,2.81925413866449,55,53.817318115000816,1,1.0609926344270468,Noise (HM.RMSE) | Noise (HM.MAE) | Noise (HM.SE),Noise (LM.RMSE) | Noise (LM.MAE) | Noise (LM.SE),4.024469644867404,HM,SE | nb.obs,1,3,0.025,0.025,0.0033709993123162106,2,0.5,1,0.05,1.9e-4,60,2025-09-07,-25220 seconds,CH4dry_ppb,"Timestamps corrected by -25220 seconds, CH4 focus"
64,T1_64,Mar_22_T1_64_BL60_stem,BL60,3/24/22,13:40:00,13:44:00,stem,alive,RHMA,Picarro,S3,B,NA,NA,100,7.6,32.1,31.47,NA,NA,sediment,NA,2022-03-24T13:40:00.000000Z,2022-03-24,March_2022,35,29,277,418.99555555555554,107.68,759.9955555555555,0.035,0.029,0.4189955555555556,0.277,0.7599955555555555,0.09345276226476984,1974.897717561866,1982.172337743494,0.0332174437517252,3.0684242903615067,3.873417326200793,239.56993612035166,0.02670953739024382,28.580789634200976,0.21519048732441215,0.0011615147794403473,0.09354676564503586,1974.8963270678391,3703.497943600583,0.033250856910638706,3.068983031205757,3.873591320647065,242.02321146102872,0.10554473368911736,112.82563641976454,0.21512061797548787,1.9235696989184702e-5,1967.4770801999998,1983.1785249,0.0012788018433827232,0.1,2.813364055441991,42,0.33217443751725206,1,1.0010058919392848,Noise (HM.RMSE) | Noise (HM.MAE) | Noise (HM.SE),Noise (LM.RMSE) | Noise (LM.MAE),0.09354676564503586,HM,SE | AICc | Intercept | nb.obs,2,2,0.1,0.1,0.015430334996209192,2,0.5,1,0.05,0.0013,60,4.111856037945987,660.599919761718,980.6781089204615,1.4615442427339884,4.815416455148657,5.801942843605103,273.51061383429163,0.0400078783840538,0.9729883053989191,0.9961331473477559,4.282060172497741e-50,4.791489204646636,652.3167917266449,1845.9705490580498,1.7031173748659676,3.941324805879514,4.29072730310575,250.61424313017443,0.13060327559195933,2.7257345266541426,0.9978851841393188,0.0014268102156135682,656.15760195,970.14185664,3.197004608456808e-4,0.025,2.813364055441991,42,58.46176970935954,1,1.1652862260810446,Noise (HM.RMSE) | Noise (HM.MAE) | Noise (HM.SE),Noise (LM.RMSE) | Noise (LM.MAE) | Noise (LM.SE),4.791489204646636,HM,SE | nb.obs,1,3,0.025,0.025,0.003857583749052298,2,0.5,1,0.05,3.2e-4,60,2025-09-07,-25220 seconds,CH4dry_ppb,"Timestamps corrected by -25220 seconds, CH4 focus"
65,T1_65,Mar_22_T1_65_BL60_stem,BL60,3/24/22,13:50:00,12:54:00,stem,alive,RHMA,Picarro,S3,B,NA,NA,0,6.4,30.6,31.317142857142855,NA,NA,sediment,NA,2022-03-24T13:50:00.000000Z,2022-03-24,March_2022,35,29,277,418.99555555555554,107.68,759.9955555555555,0.035,0.029,0.4189955555555556,0.277,0.7599955555555555,0.16406540885450843,1985.1299864812202,2002.0348314037878,0.0582925686985093,2.9353319363912256,3.9154305870902437,323.81330800918425,0.017586680937097095,10.719310706556547,0.6057156479218702,6.324312048261404e-13,0.16498094855592332,1985.1140169752732,3306.453175729526,0.058617860673908374,2.9344725193923495,3.9160565385785917,326.147932068541,0.06946298945518091,42.10364291343321,0.6055906181631452,4.436246385763122e-5,1983.8351929,2001.3943841000003,9.671878739353532e-4,0.1,2.814516713151878,57,0.5829256869850931,1,1.0055803335255562,Noise (HM.RMSE) | Noise (HM.MAE) | Noise (HM.SE),Noise (LM.RMSE) | Noise (LM.MAE),0.16498094855592332,HM,SE | AICc | nb.obs,2,2,0.1,0.1,0.013245323570650438,2,0.5,1,0.05,9.7e-4,60,1.9876455227790004,695.7571695911553,900.5586543051688,0.7062120162552193,2.69461766191346,3.2712182881670433,303.32034577525786,0.014693115107001345,0.739222106689243,0.9969490539437262,4.33676889014555e-71,2.3068123156031213,690.5431885911703,1472.4350889959342,0.8196122285661626,1.8914217202345514,2.2156950439658893,261.2227639564607,0.043704862469466636,1.8945998412549614,0.9986002984277296,0.0010482423825363479,691.75648935,897.17577925,2.417969684838383e-4,0.025,2.814516713151878,57,28.248480650208773,1,1.1605753084070454,Noise (HM.RMSE) | Noise (HM.MAE) | Noise (HM.SE),Noise (LM.RMSE) | Noise (LM.MAE) | Noise (LM.SE),2.3068123156031213,HM,SE | nb.obs,1,3,0.025,0.025,0.0033113308926626095,2,0.5,1,0.05,2.4e-4,60,2025-09-07,-25220 seconds,CH4dry_ppb,"Timestamps corrected by -25220 seconds, CH4 focus"
66,T1_66,Mar_22_T1_66_BL60_stem,BL60,3/24/22,14:00:00,14:05:00,stem,dead,RHMA,Picarro,S3,B,NA,NA,100,11.5,30.8,30.57742857142857,NA,NA,sediment,NA,2022-03-24T14:00:00.000000Z,2022-03-24,March_2022,35,29,277,418.99555555555554,107.68,759.9955555555555,0.035,0.029,0.4189955555555556,0.277,0.7599955555555555,0.9809533275325583,2059.2129564559255,2204.2203462855587,0.34773954395595524,4.591733794680873,5.676516262339879,517.4664397872544,0.014765711011197686,1.505240932138803,0.98219274142155,4.348188967713836e-71,1.4090641131957518,2049.6537979425743,2325.028320273317,0.499501146868917,2.703810108277571,3.7803280214528994,453.8237051812691,0.050877246984450154,3.6107119972746142,0.9921024521970606,0.0018138974609603986,2050.8588838,2198.9491371,6.748666743031328e-4,0.1,2.8209426985870953,81,3.4773954395595523,1,1.43642319532168,Noise (HM.RMSE) | Noise (HM.MAE) | Noise (HM.SE),Noise (LM.RMSE) | Noise (LM.MAE),1.4090641131957518,HM,SE,1,3,0.1,0.1,0.011111111111111112,2,0.5,1,0.05,6.7e-4,60,1.0934795951958123,612.7958606174386,774.4372124339918,0.3876291410468902,4.109598687811549,4.921918917488258,494.35888418263823,0.012802858125913648,1.1708364913403808,0.9891506338396331,1.3700022240040845e-79,1.5720937990096915,602.1161143692123,908.4934230245434,0.5572937726799961,1.2370236447974967,1.4862436951905644,302.5871703299496,0.020017024591192124,1.2732716459922073,0.9990107284778883,0.0018189786153743567,600.2894976,766.93391635,1.687166685757832e-4,0.025,2.8209426985870953,81,15.505165641875607,1,1.4376983401580279,Noise (HM.RMSE) | Noise (HM.MAE) | Noise (HM.SE),Noise (LM.RMSE) | Noise (LM.MAE) | Noise (LM.SE),1.5720937990096915,HM,SE,1,3,0.025,0.025,0.002777777777777778,2,0.5,1,0.05,1.7e-4,60,2025-09-07,-25220 seconds,CH4dry_ppb,"Timestamps corrected by -25220 seconds, CH4 focus"
67,T1_67,Mar_22_T1_67_BL60_stem,BL60,3/24/22,14:18:30,14:23:30,stem,dead,RHMA,Picarro,S3,B,NA,NA,50,11.8,30.8,30.4,24.1,NA,sediment,NA,2022-03-24T14:18:30.000000Z,2022-03-24,March_2022,35,29,277,418.99555555555554,107.68,759.9955555555555,0.035,0.029,0.4189955555555556,0.277,0.7599955555555555,0.7736805251027014,1997.1394464563543,2083.210090624969,0.2741103317471803,3.6769826510013455,4.484543690789481,310.1358293649598,0.019432952726941264,2.511754153868828,0.9688084863848916,1.5583736953963645e-39,0.7870329083139288,1996.8987507094976,4525.159796943381,0.2788410003796358,3.6892251293996092,4.483422453342535,312.4608875891916,0.07730796929871815,9.822711157572313,0.9688241010795127,1.1028963990684407e-4,1996.870386,2082.1046639,8.960365103585528e-4,0.1,2.8225150076294416,52,2.741103317471803,1,1.0172582645911308,Noise (HM.RMSE) | Noise (HM.MAE) | Noise (HM.SE),Noise (LM.RMSE) | Noise (LM.MAE),0.7870329083139288,HM,SE | AICc | nb.obs,2,2,0.1,0.1,0.01386750490563073,2,0.5,1,0.05,9e-4,60,1.4561417840076027,503.383593168996,665.3768930956461,0.5159022290657647,2.0729147997924855,2.5227867599896583,250.30747880914555,0.010932036618959046,0.7507535831347292,0.9971335602479932,1.8596766942690693e-65,1.6647919368991115,499.7266330139639,1177.5110241243078,0.5898257165680504,1.562925512397363,1.8537027551720064,220.60792460145345,0.034865707563784785,2.094298199733393,0.9984523885908106,8.702261726650271e-4,500.30385292,660.21819965,2.240091275896382e-4,0.025,2.8225150076294416,52,20.63608916263059,1,1.14328972300847,Noise (HM.RMSE) | Noise (HM.MAE) | Noise (HM.SE),Noise (LM.RMSE) | Noise (LM.MAE) | Noise (LM.SE),1.6647919368991115,HM,SE | nb.obs,1,3,0.025,0.025,0.0034668762264076823,2,0.5,1,0.05,2.2e-4,60,2025-09-07,-25220 seconds,CH4dry_ppb,"Timestamps corrected by -25220 seconds, CH4 focus"
68,T1_68,Mar_22_T1_68_BL60_stem,BL60,3/24/22,14:27:30,14:32:30,stem,dead,RHMA,Picarro,S3,B,NA,NA,0,4.1,29.6,32.11548571428571,NA,NA,sediment,NA,2022-03-24T14:27:30.000000Z,2022-03-24,March_2022,35,29,277,418.99555555555554,107.68,759.9955555555555,0.035,0.029,0.4189955555555556,0.277,0.7599955555555555,3.1025742094722686,2135.0021540772555,2556.2410207922635,1.1056138233989714,7.349451511998052,9.137548616089896,449.4433954413639,0.030040512347182347,0.9682447644754991,0.9944059559132101,2.282539917448804e-68,3.70404298486931,2122.024820108306,3514.6780939627,1.3199494516626162,5.546483619125843,7.048897782477098,420.0750806914724,0.10532463755468738,2.8435047321245803,0.9966710374527259,9.477947429150413e-4,2129.3530161,2545.7148099,7.346074951700779e-4,0.1,2.806200631549697,61,11.056138233989712,1,1.1938612051762487,Noise (HM.RMSE) | Noise (HM.MAE) | Noise (HM.SE),Noise (LM.RMSE) | Noise (LM.MAE),3.70404298486931,HM,SE,1,3,0.1,0.1,0.0128036879932896,2,0.5,1,0.05,7.3e-4,60,2.327649779855506,647.9328160587328,963.9596019393996,0.8294666296080492,8.215071515340712,9.674068417062182,456.4043251723533,0.03180436941462771,1.3663726257221582,0.9889202035873285,1.3041703876719174e-59,3.308027829832442,627.5633273306258,1242.601508110421,1.1788279828037869,3.278162421525562,3.9292278681238817,348.77482487952653,0.06682502542471246,2.020086554957951,0.9981722032417155,0.0019166744758986724,636.64583358,945.86602159,1.8365187379251947e-4,0.025,2.806200631549697,61,33.17866518432196,1,1.421187954674949,Noise (HM.RMSE) | Noise (HM.MAE) | Noise (HM.SE),Noise (LM.RMSE) | Noise (LM.MAE) | Noise (LM.SE),3.308027829832442,HM,SE,1,3,0.025,0.025,0.0032009219983224,2,0.5,1,0.05,1.8e-4,60,2025-09-07,-25220 seconds,CH4dry_ppb,"Timestamps corrected by -25220 seconds, CH4 focus"
69,T1_69,Mar_22_T1_69_BL60_stem,BL60,3/24/22,11:02:00,11:06:00,stem,alive,RHMA,Picarro,S3,B,NA,NA,170,9.5,31.1,31.3,NA,NA,sediment,NA,2022-03-24T11:02:00.000000Z,2022-03-24,March_2022,35,29,277,418.99555555555554,107.68,759.9955555555555,0.035,0.029,0.4189955555555556,0.277,0.7599955555555555,0.05246496940812982,1960.1145595448268,1965.0822958631218,0.018605754001105323,2.0315440232637303,2.482401687727571,388.12676005404234,0.010078837063969972,19.210603146579142,0.24367488442839425,1.4640293137996927e-6,0.30658261693367567,1957.5009354124309,1964.0882971586086,0.1087239889021868,1.8473637470497346,2.3289736705726605,379.87554043673026,0.14163488467118465,46.197950192924715,0.3342769958536346,0.016504936739700507,1959.5731776,1967.4765572,0.0010521734900543944,0.1,2.819824953345777,82,0.18605754001105324,1,5.843568011042593,Noise (HM.RMSE) | Noise (HM.MAE) | Noise (HM.SE) | Exaggerated curvature (g-fact) | Intercept (HM),Noise (LM.RMSE) | Noise (LM.MAE),0.05246496940812982,LM,SE | g-fact. > 2 | Intercept (HM),1,3,0.1,0.1,0.011043152607484653,2,0.5,1,0.05,0.0011,60,3.639385537533498,975.3322252251023,1319.9337358147877,1.2906423617591214,2.804169412746847,3.384981151264462,438.9867391913116,0.01374341375002646,0.3776300589285936,0.9988462201739923,1.6534681869976895e-119,3.9530224894953285,970.4793569240594,3220.441455460835,1.4018680431936,2.2412973493365693,2.595248963438104,397.6293220411899,0.044716376715430724,1.1311945943707378,0.9993217832927127,6.23062959196193e-4,972.90782172,1316.5102772,2.630433725135986e-4,0.025,2.819824953345777,82,51.625694470364856,1,1.0861785454514912,Noise (HM.RMSE) | Noise (HM.MAE) | Noise (HM.SE),Noise (LM.RMSE) | Noise (LM.MAE) | Noise (LM.SE),3.9530224894953285,HM,SE,1,3,0.025,0.025,0.0027607881518711633,2,0.5,1,0.05,2.6e-4,60,2025-09-07,-25220 seconds,CH4dry_ppb,"Timestamps corrected by -25220 seconds, CH4 focus"
70,T1_70,Mar_22_T1_70_BL60_stem,BL60,3/24/22,11:10:00,11:15:00,stem,alive,RHMA,Picarro,S3,B,NA,NA,50,5.4,30.4,31.3,NA,NA,sediment,NA,2022-03-24T11:10:00.000000Z,2022-03-24,March_2022,35,29,277,418.99555555555554,107.68,759.9955555555555,0.035,0.029,0.4189955555555556,0.277,0.7599955555555555,0.06589749564585975,1967.8172293520684,1975.1573008509765,0.023376023881873334,2.0960423229710137,2.5612548726313764,492.2862106230311,0.00787681847310211,11.9531378179119,0.4034740219386074,3.467258017109718e-13,0.06634013313299383,1967.8088282166188,2463.7409332527473,0.023533042056370662,2.0958289704044213,2.56139780718561,494.46344545483106,0.03145469781657803,47.41428202068868,0.4034080089769685,4.7452144794409494e-5,1968.0006341,1977.7260011,8.949272123133212e-4,0.1,2.819020718786962,103,0.23376023881873334,1,1.0067170608351015,Noise (HM.RMSE) | Noise (HM.MAE),Noise (LM.RMSE) | Noise (LM.MAE),0.06634013313299383,HM,AICc,1,3,0.1,0.1,0.009853292781642932,2,0.5,1,0.05,8.9e-4,60,3.2798966106712837,535.8787226594637,901.2139360146705,1.1634879406216776,4.419637457553645,5.273202844010381,641.047175298885,0.016217074691767152,0.4944385941619076,0.997512553217413,1.4747452480820959e-133,3.8744831509050943,525.3237029235157,1795.6090134291007,1.3744074760019156,2.0191970291354986,2.3672154309360254,478.22265529532126,0.03274540613235243,0.8451554660833402,0.9994987199635815,0.0010819675427521781,530.10115366,892.01563798,2.237318030783303e-4,0.025,2.819020718786962,103,46.5395176248671,1,1.18128209843545,Noise (HM.RMSE) | Noise (HM.MAE) | Noise (HM.SE),Noise (LM.RMSE) | Noise (LM.MAE) | Noise (LM.SE),3.8744831509050943,HM,SE,1,3,0.025,0.025,0.002463323195410733,2,0.5,1,0.05,2.2e-4,60,2025-09-07,-25220 seconds,CH4dry_ppb,"Timestamps corrected by -25220 seconds, CH4 focus"
71,T1_71,Mar_22_T1_71_BL60_stem,BL60,3/24/22,11:42:00,11:47:00,stem,alive,RHMA,Picarro,RZ,NA,NA,NA,0,3.8,39.5,31.3,NA,NA,sediment,NA,2022-03-24T11:42:00.000000Z,2022-03-24,March_2022,35,29,277,NA,NA,NA,0.035,0.029,NA,0.277,NA,NA,NA,NA,NA,NA,NA,NA,NA,NA,NA,NA,NA,NA,NA,NA,NA,NA,NA,NA,NA,NA,NA,NA,NA,NA,NA,NA,NA,NA,NA,NA,NA,NA,NA,NA,NA,NA,NA,NA,NA,NA,NA,NA,NA,NA,NA,NA,NA,NA,NA,NA,NA,NA,NA,NA,NA,NA,NA,NA,NA,NA,NA,NA,NA,NA,NA,NA,NA,NA,NA,NA,NA,NA,NA,NA,NA,NA,NA,NA,NA,NA,NA,NA,NA,NA,NA,NA,NA,NA,NA,NA,NA,NA,NA,2025-09-07,-25220 seconds,CH4dry_ppb,"Timestamps corrected by -25220 seconds, CH4 focus"
72,T1_72,Mar_22_T1_72_BL60_stem,BL60,3/24/22,11:53:00,11:58:00,stem,alive,RHMA,Picarro,S3,B,NA,NA,100,7,30,30.8,NA,NA,sediment,NA,2022-03-24T11:53:00.000000Z,2022-03-24,March_2022,35,29,277,418.99555555555554,107.68,759.9955555555555,0.035,0.029,0.4189955555555556,0.277,0.7599955555555555,0.22250391208708545,1985.3746970135178,2004.6144295150864,0.07885136271134671,2.31236752906903,2.8158053338922335,247.04364370444776,0.016091724927614855,7.2321087645940985,0.7984819928990611,3.512876560371524e-18,0.22505077094469345,1985.3383235559706,2811.152914123124,0.07975392343341282,2.313942820728545,2.8161612097453412,249.4317862378856,0.06427734555463266,28.561264324852687,0.7984313966759566,9.657606482665726e-5,1985.6511909,2004.5287397,0.001151760986469071,0.1,2.821814416849224,49,0.788513627113467,1,1.0114463554088486,Noise (HM.RMSE) | Noise (HM.MAE) | Noise (HM.SE),Noise (LM.RMSE) | Noise (LM.MAE),0.22505077094469345,HM,SE | AICc | nb.obs,2,2,0.1,0.1,0.014285714285714287,2,0.5,1,0.05,0.0012,60,2.1824273991615444,701.8624145535078,890.5751386135147,0.7734128035246184,2.14532765269747,2.5986341108492677,239.17793415797314,0.014850637860501894,0.6804642329090665,0.9977822741202634,3.0060721168755145e-64,2.362811830504965,699.3599823793446,1975.8511104253778,0.8373377839437184,2.0166885468121034,2.3153704845466496,230.24289886613397,0.055555741108670814,2.3512554149010585,0.9982394085832454,6.559683538305971e-4,697.92160784,890.99166372,2.8794024661726777e-4,0.025,2.821814416849224,49,30.936512140984732,1,1.082653118913702,Noise (HM.RMSE) | Noise (HM.MAE) | Noise (HM.SE),Noise (LM.RMSE) | Noise (LM.MAE) | Noise (LM.SE),2.362811830504965,HM,SE | nb.obs,1,3,0.025,0.025,0.0035714285714285718,2,0.5,1,0.05,2.9e-4,60,2025-09-07,-25220 seconds,CH4dry_ppb,"Timestamps corrected by -25220 seconds, CH4 focus"
73,T1_73,Mar_22_T1_73_BL60_stem,BL60,3/24/22,13:01:00,13:14:00,stem,alive,RHMA,Picarro,RZ,NA,NA,NA,0,2.9,29.5,31.516666666666666,NA,NA,sediment,NA,2022-03-24T13:01:00.000000Z,2022-03-24,March_2022,35,29,277,NA,NA,NA,0.035,0.029,NA,0.277,NA,NA,NA,NA,NA,NA,NA,NA,NA,NA,NA,NA,NA,NA,NA,NA,NA,NA,NA,NA,NA,NA,NA,NA,NA,NA,NA,NA,NA,NA,NA,NA,NA,NA,NA,NA,NA,NA,NA,NA,NA,NA,NA,NA,NA,NA,NA,NA,NA,NA,NA,NA,NA,NA,NA,NA,NA,NA,NA,NA,NA,NA,NA,NA,NA,NA,NA,NA,NA,NA,NA,NA,NA,NA,NA,NA,NA,NA,NA,NA,NA,NA,NA,NA,NA,NA,NA,NA,NA,NA,NA,NA,NA,NA,NA,2025-09-07,-25220 seconds,CH4dry_ppb,"Timestamps corrected by -25220 seconds, CH4 focus"
74,T1_74,Mar_22_T1_74_BL60_stem,BL60,3/24/22,12:04:00,12:09:14,stem,alive,RHMA,Picarro,S3,B,NA,NA,100,8.3,NA,30.8,NA,NA,sediment,NA,2022-03-24T12:04:00.000000Z,2022-03-24,March_2022,35,29,277,418.99555555555554,107.68,759.9955555555555,0.035,0.029,0.4189955555555556,0.277,0.7599955555555555,0.07599356399226372,1954.2724635906927,1966.584822944832,0.026941705370107673,2.8929907916224398,3.3784219308226993,385.98694507612765,0.008542740615295053,11.24140014826087,0.5239157217002804,4.107578342341045e-13,0.08796137765346795,1953.9637203384068,2001.8351982155575,0.031184608224582806,2.901453163155935,3.3755981462849434,388.1106090564812,0.037810303412299635,42.98511962972755,0.5247112396217841,6.51423553386209e-4,1955.6834449,1967.8635728,6.158660334630467e-4,0.1,2.820666433260754,72,0.26941705370107677,1,1.1574845688566808,Noise (HM.RMSE) | Noise (HM.MAE),Noise (LM.RMSE) | Noise (LM.MAE),0.08796137765346795,HM,AICc | Intercept,1,3,0.1,0.1,0.011785113019775794,2,0.5,1,0.05,6.2e-4,60,2.5808852184815643,806.9000444501198,1225.0510639886434,0.914991290018651,4.896791108646487,5.928698378712773,466.9719654949098,0.01499141713874979,0.5808633809592597,0.9976100877004984,1.0141355367112372e-93,2.9961110114415983,796.191630739003,2394.443138164276,1.0621996901555022,2.9822652947696913,3.4048929125752276,389.3549061308501,0.0382214716384672,1.275702785794866,0.9992117387699498,6.646010876389964e-4,802.35156855,1212.6575799,1.539665083657617e-4,0.025,2.820666433260754,72,36.599651600746036,1,1.160885028898855,Noise (HM.RMSE) | Noise (HM.MAE) | Noise (HM.SE),Noise (LM.RMSE) | Noise (LM.MAE) | Noise (LM.SE),2.9961110114415983,HM,SE,1,3,0.025,0.025,0.0029462782549439484,2,0.5,1,0.05,1.5e-4,60,2025-09-07,-25220 seconds,CH4dry_ppb,"Timestamps corrected by -25220 seconds, CH4 focus"
75,T1_75,Mar_22_T1_75_BL60_stem,BL60,3/24/22,12:18:00,12:23:00,stem,alive,RHMA,Picarro,S3,B,NA,NA,50,7.6,NA,30.3,24.6,NA,sediment,NA,2022-03-24T12:18:00.000000Z,2022-03-24,March_2022,35,29,277,418.99555555555554,107.68,759.9955555555555,0.035,0.029,0.4189955555555556,0.277,0.7599955555555555,0.10369208902551875,1958.1128023830072,1972.5028714925697,0.03670935997337358,2.0340302315437135,2.440226680523702,260.68382994064586,0.008252099258396718,7.958272743801956,0.743945739278427,1.5983233646655514e-17,0.10446198965563372,1958.0947427412386,2841.9268448386792,0.03698192232253854,2.0344465646396035,2.44076441438772,263.03747888347,0.032506806376151436,31.118310577189277,0.7438340492037183,4.184270093242366e-5,1959.6178312999998,1971.1826842,7.187473575232285e-4,0.1,2.824677115066288,55,0.3670935997337358,1,1.007424873366429,Noise (HM.RMSE) | Noise (HM.MAE),Noise (LM.RMSE) | Noise (LM.MAE),0.10446198965563372,HM,AICc | Intercept | nb.obs,1,3,0.1,0.1,0.013483997249264842,2,0.5,1,0.05,7.2e-4,60,2.277603352721806,775.2206733458324,1091.2994596626168,0.8063234344815926,6.561863148350699,7.7483244703994245,387.7762553763842,0.02620246025761744,1.1504400108256205,0.9929028174433344,7.548670860282379e-59,2.9572150375948882,760.6889249125069,1521.175493517747,1.0469214416832524,3.3261012369301812,3.931943511725681,315.48796059998705,0.06317596891557056,2.136333276830344,0.9981723841398251,0.0013766468533472512,759.15172298,1073.6191915,1.7968683938080713e-4,0.025,2.824677115066288,55,32.252937379263706,1,1.2983889552414494,Noise (HM.RMSE) | Noise (HM.MAE) | Noise (HM.SE),Noise (LM.RMSE) | Noise (LM.MAE) | Noise (LM.SE),2.9572150375948882,HM,SE | nb.obs,1,3,0.025,0.025,0.0033709993123162106,2,0.5,1,0.05,1.8e-4,60,2025-09-07,-25220 seconds,CH4dry_ppb,"Timestamps corrected by -25220 seconds, CH4 focus"
76,T1_76,Mar_22_T1_76_BL60_root,BL60,3/24/22,12:37:00,12:42:00,root,alive,RHMA,Picarro,RZ,NA,NA,NA,0,3.5,NA,30.872222222222224,NA,NA,sediment,NA,2022-03-24T12:37:00.000000Z,2022-03-24,March_2022,35,29,277,NA,NA,NA,0.035,0.029,NA,0.277,NA,NA,NA,NA,NA,NA,NA,NA,NA,NA,NA,NA,NA,NA,NA,NA,NA,NA,NA,NA,NA,NA,NA,NA,NA,NA,NA,NA,NA,NA,NA,NA,NA,NA,NA,NA,NA,NA,NA,NA,NA,NA,NA,NA,NA,NA,NA,NA,NA,NA,NA,NA,NA,NA,NA,NA,NA,NA,NA,NA,NA,NA,NA,NA,NA,NA,NA,NA,NA,NA,NA,NA,NA,NA,NA,NA,NA,NA,NA,NA,NA,NA,NA,NA,NA,NA,NA,NA,NA,NA,NA,NA,NA,NA,NA,2025-09-07,-25220 seconds,CH4dry_ppb,"Timestamps corrected by -25220 seconds, CH4 focus"
77,T1_77,Mar_22_T1_77_BL60_stem,BL60,3/24/22,12:56:00,13:01:00,stem,alive,RHMA,Picarro,S3,B,NA,NA,25,6.4,NA,31.387777777777774,NA,NA,sediment,NA,2022-03-24T12:56:00.000000Z,2022-03-24,March_2022,35,29,277,418.99555555555554,107.68,759.9955555555555,0.035,0.029,0.4189955555555556,0.277,0.7599955555555555,0.23889685896849,2020.8304081792623,2054.279438900735,0.08489601705957557,2.802920768793805,3.559068638797515,318.303185805375,0.011569721139121553,4.842977504634154,0.881830691897457,7.355747644513751e-28,0.24218939608084117,2020.7540303903527,3219.8972364664755,0.08606607550264753,2.8045910784451475,3.559783009626506,320.6367393487571,0.04622164018541192,19.084914919224396,0.881783715178021,7.177297512636198e-5,2022.0412294,2054.4303117,7.12403473745245e-4,0.1,2.8139937212937176,58,0.8489601705957557,1,1.013782253674526,Noise (HM.RMSE) | Noise (HM.MAE),Noise (LM.RMSE) | Noise (LM.MAE),0.24218939608084117,HM,AICc | nb.obs,1,3,0.1,0.1,0.013130643285972255,2,0.5,1,0.05,7.1e-4,60,1.4884252098541335,764.0879628203293,972.489114622799,0.5289369335088063,3.171245010434604,4.165849852487053,336.5640692144587,0.013542228597482267,0.9098360137832798,0.9953033043893342,4.186328883793276e-67,1.77130317123406,757.8404677375739,1456.9901594235123,0.629462375068738,2.454372386195953,3.00374049733681,300.93515479065644,0.04390829284963777,2.478869431428107,0.9975582004528871,9.003256134617531e-4,753.3262723,963.5924923,1.7810086843631125e-4,0.025,2.8139937212937176,58,21.15747734035225,1,1.1900518477563602,Noise (HM.RMSE) | Noise (HM.MAE) | Noise (HM.SE),Noise (LM.RMSE) | Noise (LM.MAE) | Noise (LM.SE),1.77130317123406,HM,SE | nb.obs,1,3,0.025,0.025,0.003282660821493064,2,0.5,1,0.05,1.8e-4,60,2025-09-07,-25220 seconds,CH4dry_ppb,"Timestamps corrected by -25220 seconds, CH4 focus"
