no,index,flux_id,plot,date,start_time,end_time,component,status,species,analyzer,analyzer_id,chamber,chamber_class,chamber_vol,chamber_area,height,diameter,stem_temp,air_temp,soil_temp,lenticels,above,water_depth,datetime,date_only,time_period,analyzer_cell_volume_cm3,tubing_volume_cm3,filter_volume_cm3,chamber_volume_cm3,surface_area_cm2,total_system_volume_cm3,analyzer_cell_volume_L,tubing_volume_L,chamber_volume_L,filter_volume_L,total_system_volume_L,CO2_LM.flux,CO2_LM.C0,CO2_LM.Ct,CO2_LM.slope,CO2_LM.MAE,CO2_LM.RMSE,CO2_LM.AICc,CO2_LM.SE,CO2_LM.se.rel,CO2_LM.r2,CO2_LM.p.val,CO2_HM.flux,CO2_HM.C0,CO2_HM.Ci,CO2_HM.slope,CO2_HM.MAE,CO2_HM.RMSE,CO2_HM.AICc,CO2_HM.SE,CO2_HM.se.rel,CO2_HM.r2,CO2_HM.k,CO2_C0,CO2_Ct,CO2_MDF,CO2_prec,CO2_flux.term,CO2_nb.obs,CO2_k.max,CO2_k.mult,CO2_g.fact,CO2_HM.diagnose,CO2_LM.diagnose,CO2_best.flux,CO2_model,CO2_quality.check,CO2_HM.score,CO2_LM.score,CO2_RMSE.lim,CO2_MAE.lim,CO2_SE.lim,CO2_g.limit,CO2_g.reverse,CO2_k.ratio.lim,CO2_p.val.lim,CO2_MDF.lim,CO2_warn.nb.obs,CH4_LM.flux,CH4_LM.C0,CH4_LM.Ct,CH4_LM.slope,CH4_LM.MAE,CH4_LM.RMSE,CH4_LM.AICc,CH4_LM.SE,CH4_LM.se.rel,CH4_LM.r2,CH4_LM.p.val,CH4_HM.flux,CH4_HM.C0,CH4_HM.Ci,CH4_HM.slope,CH4_HM.MAE,CH4_HM.RMSE,CH4_HM.AICc,CH4_HM.SE,CH4_HM.se.rel,CH4_HM.r2,CH4_HM.k,CH4_C0,CH4_Ct,CH4_MDF,CH4_prec,CH4_flux.term,CH4_nb.obs,CH4_k.max,CH4_k.mult,CH4_g.fact,CH4_HM.diagnose,CH4_LM.diagnose,CH4_best.flux,CH4_model,CH4_quality.check,CH4_HM.score,CH4_LM.score,CH4_RMSE.lim,CH4_MAE.lim,CH4_SE.lim,CH4_g.limit,CH4_g.reverse,CH4_k.ratio.lim,CH4_p.val.lim,CH4_MDF.lim,CH4_warn.nb.obs
9,T1_9,Mar_22_T1_9_FLM30_stem,FLM30,3/21/22,10:34:30,10:38:34,stem,alive,RHMA,LGR,LGR3,S1,C,NA,NA,0,27.1,24.5,26.6,NA,NA,sediment,NA,2022-03-21T10:34:30.000000Z,2022-03-21,March_2022,70,29,277,1064.6016666666667,213.35,1440.6016666666667,0.07,0.029,1.064601666666667,0.277,1.4406016666666668,0.21532021266113954,463.18594530576013,486.6571996700252,0.0784991784758029,0.42420562440911125,0.5440895208704294,57.12730586262474,0.0031127560750864344,1.4456404424907094,0.993768138613339,9.477542798895494e-34,0.2319745304941953,462.89742020275054,631.2908939198604,0.08457083450759048,0.4187635683819273,0.5262258215328818,57.70711052510768,0.012565751361522565,5.416866814970016,0.9941706333571643,5.022215685725683e-4,463.016,486.899,0.003200121576415772,0.35,2.7429613512135194,31,0.22428336707372262,1,1.0773467461657467,Noise (HM.RMSE) | Noise (HM.MAE),Noise (LM.RMSE) | Noise (LM.MAE),0.2319745304941953,HM,AICc | nb.obs,1,3,0.35,0.35,0.06286185570937122,2,0.5,1,0.05,0.0032,60,41.96859705969112,6240.414025493506,10815.254467665975,15.300469706262433,129.6019435878248,156.25971603768244,408.05728504569254,0.8939675581500648,2.1300868286795294,0.9865649661528513,6.540744774347118e-29,62.41527026204899,5910.637713225106,14104.649993234249,22.754702772037135,38.69454434904671,46.441553454858806,335.4807162351138,1.4052770400579697,2.2514955621564217,0.9988132528975412,0.002776991538998737,5901.09,10606.400000000001,0.008228884053640558,0.9,2.7429613512135194,31,17.000521895847147,1,1.4871898189324024,Noise (HM.RMSE) | Noise (HM.MAE) | Noise (HM.SE),Noise (LM.RMSE) | Noise (LM.MAE) | Noise (LM.SE),62.41527026204899,HM,SE | nb.obs,1,3,0.9,0.9,0.16164477182409742,2,0.5,1,0.05,0.0082,60
10,T1_10,Mar_22_T1_10_FLM30_stem,FLM30,3/21/22,10:41:30,10:45:30,stem,alive,RHMA,LGR,LGR3,S1,C,NA,NA,50,22.9,34.4,26.8,NA,NA,sediment,NA,2022-03-21T10:41:30.000000Z,2022-03-21,March_2022,70,29,277,1064.6016666666667,213.35,1440.6016666666667,0.07,0.029,1.064601666666667,0.277,1.4406016666666668,0.37844904818752273,423.8693985173496,473.2400948822367,0.13790697308627664,0.7383880910988578,0.850095564145216,99.71064263598703,0.003715026240066898,0.9816450213995755,0.996542602930098,6.94232551525375e-45,0.46597178673754247,422.09980899025675,564.8624605245388,0.16980029137432814,0.1692495498186903,0.20851355990824363,-1.7621376630414716,0.004214226455054299,0.9043951962327608,0.9997919908853506,0.0011893887480336788,422.193,471.487,0.0026754373570469464,0.35,2.744234317656725,37,0.39401992310364753,1,1.2312669009717048,,Noise (LM.RMSE) | Noise (LM.MAE),0.46597178673754247,HM,nb.obs,0,4,0.35,0.35,0.05753964555687505,2,0.5,1,0.05,0.0027,60,15.58889618775043,2621.5378832539195,4655.192516645454,5.680599534613224,52.55011640739426,61.15502261937263,416.1212118002707,0.2672552632024369,1.7143950410834279,0.9895267944311543,1.8458507447246203e-36,22.527939553764536,2486.164035136057,6314.22438644274,8.209189502812182,4.310377111773025,5.3438059100002455,238.2708720661803,0.12159611415516997,0.5397569265709904,0.99992003191104,0.0021444775550651988,2487.43,4551.21,0.006879696060977862,0.9,2.744234317656725,37,6.31177726068136,1,1.4451273061569763,Noise (HM.RMSE) | Noise (HM.MAE),Noise (LM.RMSE) | Noise (LM.MAE) | Noise (LM.SE),22.527939553764536,HM,nb.obs,0,4,0.9,0.9,0.14795908857482157,2,0.5,1,0.05,0.0069,60
11,T1_11,Mar_22_T1_11_FLM30_stem,FLM30,3/21/22,10:49:32,10:54:30,stem,alive,RHMA,LGR,LGR3,S1,C,NA,NA,100,17.2,23.5,26.9,NA,NA,sediment,NA,2022-03-21T10:49:32.000000Z,2022-03-21,March_2022,70,29,277,1064.6016666666667,213.35,1440.6016666666667,0.07,0.029,1.064601666666667,0.277,1.4406016666666668,0.27967688650506495,418.65615490925774,457.18960703447436,0.10194034953761012,0.6913653604935858,0.9987128196383263,117.2624551354681,0.004025271272482921,1.4392577530392465,0.9921883147327983,8.279245899160697e-41,0.3633718498041786,416.88512612752027,509.8074364164952,0.13244660237768735,0.4761579121281647,0.6077093646413628,81.005110839347,0.011789668417739525,3.2445189202446443,0.9971076200283068,0.001425347712145744,415.03,455.945,0.00253360724472349,0.35,2.743534702143436,39,0.2912581415360289,1,1.2992559175875906,Noise (HM.RMSE) | Noise (HM.MAE),Noise (LM.RMSE) | Noise (LM.MAE),0.3633718498041786,HM,nb.obs,0,4,0.35,0.35,0.05604485383178049,2,0.5,1,0.05,0.0025,60,0.4156334506983099,1898.485049199992,1955.7503880496215,0.1514956054223002,2.5304984747252743,3.184227022352597,207.70326605725595,0.012833897098448534,3.0877921584237686,0.9650036421642155,9.379929364359926e-29,0.7636723932215601,1891.6954267671858,1972.2280019281268,0.2783534659229669,1.157895322002688,1.442652172764398,148.43936626340022,0.036179563746069114,4.737576487928972,0.9928164673555786,0.0034564083585640875,1892.5700000000002,1950.61,0.006514990057860402,0.9,2.743534702143436,39,0.16832845046922243,1,1.8373699035496456,Noise (HM.RMSE) | Noise (HM.MAE),Noise (LM.RMSE) | Noise (LM.MAE) | Intercept (LM),0.7636723932215601,HM,Intercept (LM) | nb.obs,0,4,0.9,0.9,0.1441153384245784,2,0.5,1,0.05,0.0065,60
12,T1_12,Mar_22_T1_12_FLM30_stem,FLM30,3/21/22,11:18:00,11:22:00,stem,alive,AVGE,LGR,LGR3,S1,C,NA,NA,0,24.2,26.2,27,24.9,NA,sediment,NA,2022-03-21T11:18:00.000000Z,2022-03-21,March_2022,70,29,277,1064.6016666666667,213.35,1440.6016666666667,0.07,0.029,1.064601666666667,0.277,1.4406016666666668,0.9689019225967423,439.7009024428748,580.291107733183,0.3532417218349452,5.960067375198156,6.75886840417965,279.6917577487512,0.025235452797027276,2.604541513282794,0.9735648198295694,1.340166886668799e-32,1.724015056338657,424.04376906545195,626.9950516965444,0.628540446424422,1.0662927130919628,1.2956973749650802,146.70609405661338,0.02941799533100667,1.7063653372890235,0.9990285030287519,0.0030970015970134537,425.08,570.234,0.0024060407212805213,0.35,2.7428864222597946,41,1.0092620623855577,1,1.7793494017620948,Noise (HM.RMSE) | Noise (HM.MAE),Noise (LM.RMSE) | Noise (LM.MAE) | Intercept (LM),1.724015056338657,HM,Intercept (LM) | nb.obs,0,4,0.35,0.35,0.05466081666101212,2,0.5,1,0.05,0.0024,60,0.686746533038909,1955.4266613492355,2055.075381008688,0.2503736674860623,3.0359452928710695,3.671078600210238,229.6414206344298,0.013706633298629428,1.9958795041856954,0.9843096176185931,5.096254638020175e-37,1.0004463310884335,1948.594959538025,2133.685035466995,0.3647421646661516,1.6162498421479585,1.9435351921900528,179.95377429401296,0.03801443286043852,3.799747340677515,0.9956022455242453,0.0019706197797775215,1953.65,2047.8700000000001,0.006186961854721342,0.9,2.7428864222597946,41,0.2781929638734026,1,1.4567912365882323,Noise (HM.RMSE) | Noise (HM.MAE),Noise (LM.RMSE) | Noise (LM.MAE),1.0004463310884335,HM,nb.obs,0,4,0.9,0.9,0.14055638569974546,2,0.5,1,0.05,0.0062,60
13,T1_13,Mar_22_T1_13_FLM30_stem,FLM30,3/21/22,11:40:00,11:44:00,stem,alive,AVGE,LGR,LGR3,S1,C,NA,NA,50,20.4,25.5,27.1,NA,NA,sediment,NA,2022-03-21T11:40:00.000000Z,2022-03-21,March_2022,70,29,277,1064.6016666666667,213.35,1440.6016666666667,0.07,0.029,1.064601666666667,0.277,1.4406016666666668,0.4824009158501522,445.8879279955751,500.0943841911528,0.17599498764797947,1.4572609551495042,1.8220439196806544,136.06657882228515,0.009935716572327658,2.0596388285908604,0.9870147043427683,4.472038414772407e-30,0.5307540170656729,445.03043730828784,753.8041273785524,0.1936357158712453,1.4365915436715788,1.7806041854813257,137.21852275898607,0.04132961322416022,7.786961924971411,0.987598650714936,6.271120956814085e-4,442.524,501.713,0.003104683898463781,0.35,2.7409923560723093,32,0.5028428218513699,1,1.1002342649584451,Noise (HM.RMSE) | Noise (HM.MAE),Noise (LM.RMSE) | Noise (LM.MAE),0.5307540170656729,HM,AICc | nb.obs,1,3,0.35,0.35,0.0618718433538229,2,0.5,1,0.05,0.0031,60,0.3571990551867025,1894.6570645650356,1934.7948302737855,0.13031742113230443,2.5697221735295344,2.9135771494561635,166.10963056574357,0.01588791381806001,4.4479159693621355,0.9421058461582918,2.4968538259252572e-20,0.35783451405452127,1894.6431235121972,8582.5744087164,0.13054925646245813,2.5758054384984277,2.920178506574748,168.87881140179934,0.06332287950233349,17.69613522877934,0.9418468638135349,1.9520125266728434e-5,1895.1,1938.07,0.007983472881764007,0.9,2.7409923560723093,32,0.14479713459144938,1,1.0017790048954263,Noise (HM.RMSE) | Noise (HM.MAE),Noise (LM.RMSE) | Noise (LM.MAE),0.35783451405452127,HM,AICc | nb.obs,1,3,0.9,0.9,0.15909902576697318,2,0.5,1,0.05,0.008,60
14,T1_14,Mar_22_T1_14_FLM30_stem,FLM30,3/21/22,11:53:00,11:58:00,stem,alive,AVGE,LGR,LGR3,S1,C,NA,NA,100,19.1,29.2,26.9,NA,NA,sediment,NA,2022-03-21T11:53:00.000000Z,2022-03-21,March_2022,70,29,277,1064.6016666666667,213.35,1440.6016666666667,0.07,0.029,1.064601666666667,0.277,1.4406016666666668,0.39706561983635597,435.2952871837975,505.9424113204424,0.14476869700132153,4.0031073418655465,4.478567976568644,298.345927175022,0.012350474925896667,3.110436741157976,0.954697225187358,3.98649500145753e-34,0.8096496638072004,425.04854882465645,518.1954932317683,0.29519535563223376,0.9479952669498232,1.3125035903611268,177.97638730867013,0.02438414857494428,3.0116913110644865,0.996109123349528,0.0031691362235355875,428.274,497.709,0.0019631198062368097,0.35,2.7427588149994286,50,0.41362484857520443,1,2.0390827695958267,Noise (HM.RMSE) | Noise (HM.MAE) | Exaggerated curvature (g-fact),Noise (LM.RMSE) | Noise (LM.MAE) | Intercept (LM),0.39706561983635597,LM,g-fact. > 2 | Intercept (LM) | nb.obs,0,4,0.35,0.35,0.049497474683058325,2,0.5,1,0.05,0.002,60,0.12236037603102107,1873.9676501699428,1895.7383808578143,0.04461215304891712,1.6314380074677683,1.908475823883373,213.04608500308728,0.005262973104990301,4.301207037526609,0.9167416349978763,8.956056903262129e-28,0.28924591228619345,1869.970238465667,1897.0044781363972,0.10545801938704323,0.7609503331696351,1.0053903395614738,151.32032857713935,0.020863573038521693,7.213091750758537,0.9768940425942457,0.003900905691134426,1871.02,1890.72,0.005048022358894654,0.9,2.7427588149994286,50,0.04956905894324125,1,2.363885447792864,Noise (HM.RMSE) | Exaggerated curvature (g-fact),Noise (LM.RMSE) | Noise (LM.MAE) | Intercept (LM),0.12236037603102107,LM,g-fact. > 2 | Intercept (LM) | nb.obs,0,4,0.9,0.9,0.12727922061357855,2,0.5,1,0.05,0.005,60
15,T1_15,Mar_22_T1_15_FLM30_stem,FLM30,3/21/22,12:19:00,12:23:00,stem,alive,AVGE,LGR,LGR3,S3,B,NA,NA,0,11.1,28.1,27.5,25.2,NA,sediment,NA,2022-03-21T12:19:00.000000Z,2022-03-21,March_2022,70,29,277,418.99555555555554,107.68,794.9955555555555,0.07,0.029,0.4189955555555556,0.277,0.7949955555555555,0.1670422987258586,431.541806268985,454.8855139303084,0.055846190577328716,1.120212487753352,1.3245144122585781,152.81404681296303,0.0050131450445863234,3.0011231184106513,0.9635188645099174,2.560129911850436e-31,0.30977227854327066,428.70532982636666,461.37651222787645,0.10356419802083831,0.4482066521300337,0.5229171295012164,75.32476938304819,0.012399820065391642,4.002882415335163,0.9943138186329143,0.0031698943964774432,428.965,453.285,0.0024985435587397513,0.35,2.991113574605588,43,0.1595605445066535,1,1.8544541167483173,Noise (HM.RMSE) | Noise (HM.MAE),Noise (LM.RMSE) | Noise (LM.MAE) | Intercept (LM),0.30977227854327066,HM,Intercept (LM) | nb.obs,0,4,0.35,0.35,0.05337449961641163,2,0.5,1,0.05,0.0025,60,2.2729210329208636,2380.7018212915295,2698.3363637666343,0.759891249940442,17.59334793614803,19.95013260802642,386.0623764395944,0.07550911299804171,3.3221177464756524,0.9556535110442995,1.40646009319246e-29,4.565985731984198,2336.049540063605,2757.8241778466436,1.5265170038173075,5.705154907479461,6.980028805618331,298.18390718803494,0.17571753345007163,3.8484030341836326,0.9945714718106438,0.0036192716846159675,2332.77,2677.33,0.006424826293902218,0.9,2.991113574605588,43,0.8443236110449354,1,2.008862457538432,Noise (HM.RMSE) | Noise (HM.MAE) | Noise (HM.SE) | Exaggerated curvature (g-fact),Noise (LM.RMSE) | Noise (LM.MAE) | Intercept (LM),2.2729210329208636,LM,SE | g-fact. > 2 | Intercept (LM) | nb.obs,1,3,0.9,0.9,0.1372487132993442,2,0.5,1,0.05,0.0064,60
16,T1_16,Mar_22_T1_16_FLM30_stem,FLM30,3/21/22,12:37:00,12:47:00,stem,alive,AVGE,LGR,LGR3,S3,B,NA,NA,50,9.5,32.2,28.6,NA,NA,sediment,NA,2022-03-21T12:37:00.000000Z,2022-03-21,March_2022,70,29,277,418.99555555555554,107.68,794.9955555555555,0.07,0.029,0.4189955555555556,0.277,0.7949955555555555,0.26396314258112835,456.60168411313964,506.9143790572813,0.08873491171806283,4.013094973454513,4.30801887023497,340.4567784853707,0.010282648024839207,3.8954862880823837,0.9202782197177017,1.1800716722648776e-32,0.2642119537339587,456.5919772583433,12452.150385622323,0.08881855307596222,4.016545550601806,4.315563833132671,342.9700329959226,0.041022894314355414,15.526509582402293,0.9200016815165969,7.4042866578043516e-6,463.851,512.324,0.001833025375819848,0.35,2.9747383241876393,58,0.2535283191944652,1,1.0009425980854654,Noise (HM.RMSE) | Noise (HM.MAE),Noise (LM.RMSE) | Noise (LM.MAE),0.26396314258112835,LM,RMSE | MAE | AICc | Intercept | nb.obs,3,1,0.35,0.35,0.04595725150090289,2,0.5,1,0.05,0.0018,60,0.37917779483754427,1917.19143826147,1989.464622065494,0.12746593263496298,6.860448125020408,7.866451362284787,410.3037325355743,0.018776136548928256,4.95180277024733,0.8771086700012346,2.2089646406966997e-27,0.37941719120801687,1917.1819206951964,22307.28799298578,0.127546409081757,6.867060082441965,7.875413111819729,412.7460813025036,0.0747673946106221,19.705853172485956,0.8768311487027242,6.255308757568846e-6,1930.55,1998.49,0.004713493823536753,0.9,2.9747383241876393,58,0.14162881403884775,1,1.0006313565133085,Noise (HM.RMSE) | Noise (HM.MAE),Noise (LM.RMSE) | Noise (LM.MAE),0.37941719120801687,HM,AICc | Intercept | nb.obs,1,3,0.9,0.9,0.1181757895737503,2,0.5,1,0.05,0.0047,60
17,T1_17,Mar_22_T1_17_FLM30_stem,FLM30,3/21/22,12:57:00,12:07:00,stem,alive,AVGE,LGR,LGR3,S3,B,NA,NA,100,9.2,26.6,28.6,NA,NA,sediment,NA,2022-03-21T12:57:00.000000Z,2022-03-21,March_2022,70,29,277,418.99555555555554,107.68,794.9955555555555,0.07,0.029,0.4189955555555556,0.277,0.7949955555555555,-0.035198601456348046,425.35200010345034,421.81171090689503,-0.011880165089111782,5.1942846046028075,5.937012667595017,205.29785546282744,0.036735726686216365,-104.36700654648054,-0.0027386396512882882,0.34590400679041033,-0.03500184360048768,425.33722816343675,0,-0.01181375575142546,5.1957479905579325,5.937921485579001,207.9569181380946,0.12068417038055519,-344.79375360352077,-0.0030449040298656804,2.7775033477403484e-5,421.865,417.212,0.0034681652971689067,0.35,2.9628040681528662,31,0.03394332882603367,1,0.9944100660901434,Noise (HM.RMSE) | Noise (HM.MAE) | Noise (HM.SE),Noise (LM.RMSE) | Noise (LM.MAE) | No detect. flux (p-val.),-0.035198601456348046,LM,MAE | SE | AICc | p-value | Intercept | nb.obs,3,1,0.35,0.35,0.06286185570937122,2,0.5,1,0.05,0.0035,60,-0.05667870984672518,1859.360916393826,1853.660149435971,-0.019130090462600523,1.0716584110902234,1.3782611289783577,114.75408244423038,0.008528097710274022,-15.046386435641079,0.5900005489496647,2.7522405070183813e-7,-0.05667461192118906,1859.361436351691,74.50475314334193,-0.019128707338559293,1.0721431262795558,1.3786053966640492,117.419139772822,0.03319449677420549,-58.5703115539023,0.5898002614044354,1.0717223135347036e-5,1859.55,1854.3,0.00891813933557719,0.9,2.9628040681528662,31,0.021255656069556136,1,0.9999276990328961,Noise (HM.RMSE) | Noise (HM.MAE),Noise (LM.RMSE) | Noise (LM.MAE),-0.05667461192118906,HM,AICc | nb.obs,1,3,0.9,0.9,0.16164477182409742,2,0.5,1,0.05,0.0089,60
18,T1_18,Mar_22_T1_18_FLM30_stem,FLM30,3/21/22,13:23:00,12:30:00,stem,alive,AVGE,LGR,LGR3,S4,B,NA,NA,0,22,32.1,29.6,25.6,NA,sediment,NA,2022-03-21T13:23:00.000000Z,2022-03-21,March_2022,70,29,277,418.99555555555554,107.68,794.9955555555555,0.07,0.029,0.4189955555555556,0.277,0.7949955555555555,1.5678776781156154,456.09281915349493,687.2443616253262,0.5277432476525828,9.796314060574964,10.731239388417873,347.87414895538456,0.03762985337474658,2.400050329179554,0.9752675368114115,2.1298209331693444e-36,2.4960979437343913,435.9207877326238,811.6209360724736,0.8401795967071508,5.485797280128182,6.156509160331186,300.28036098298594,0.12086222657039652,4.84204663818502,0.9918597702003871,0.002236303606532366,446.114,682.213,0.002368607040704096,0.35,2.970909973911709,45,1.5078378504359509,1,1.5920233947933844,Noise (HM.RMSE) | Noise (HM.MAE) | Noise (HM.SE),Noise (LM.RMSE) | Noise (LM.MAE),2.4960979437343913,HM,SE | nb.obs,1,3,0.35,0.35,0.052174919474995085,2,0.5,1,0.05,0.0024,60,6.022234994529092,2182.1128735212246,3069.9684298209363,2.027067480136328,43.620058209386634,47.7912015364386,482.3055737272271,0.16758324377332573,2.782741688518747,0.967025896658035,1.0364101740187367e-33,10.515146445087558,2086.600511781197,3391.873916623466,3.5393689264984953,22.217333503918994,25.082397804954077,426.6994365591789,0.5274275792823007,5.015884296397061,0.9909172952108246,0.0027115920031529316,2127.17,3038.63,0.00609070381895339,0.9,2.970909973911709,45,2.252297200151476,1,1.7460538246415256,Noise (HM.RMSE) | Noise (HM.MAE) | Noise (HM.SE),Noise (LM.RMSE) | Noise (LM.MAE) | Noise (LM.SE),10.515146445087558,HM,SE | nb.obs,1,3,0.9,0.9,0.1341640786499874,2,0.5,1,0.05,0.0061,60
19,T1_19,Mar_22_T1_19_FLM30_stem,FLM30,3/21/22,13:39:00,12:44:00,stem,alive,AVGE,LGR,LGR3,S4,B,NA,NA,50,17.5,30.7,27.4,NA,NA,sediment,NA,2022-03-21T13:39:00.000000Z,2022-03-21,March_2022,70,29,277,418.99555555555554,107.68,794.9955555555555,0.07,0.029,0.4189955555555556,0.277,0.7949955555555555,0.5179194254332065,410.7081596358285,460.7051737039949,0.17300004867877647,0.6970997614740384,0.7764828001130557,76.88054168520304,0.005100563842168136,0.9848180222052573,0.9971950042474402,1.7089336695099616e-37,0.6142562772759752,409.2615556621587,579.8899342620201,0.2051793399737859,0.2725140809769944,0.3440463033531536,30.71757031851535,0.010112084673499605,1.6462322075638167,0.9994493161760274,0.0012024924672990624,409.549,459.738,0.0036131502470667654,0.35,2.9937530618553203,30,0.4942858533679328,1,1.1860074117941979,,Noise (LM.RMSE) | Noise (LM.MAE),0.6142562772759752,HM,nb.obs,0,4,0.35,0.35,0.06390096504226937,2,0.5,1,0.05,0.0036,60,0.9622844581908659,1884.5693439898412,1977.4628467842276,0.3214308055169082,2.246642898243469,2.5723330528640065,148.7481863018161,0.016897153365846455,1.7559416264099075,0.9911348752659621,1.7000213511382586e-30,1.3263434644394558,1879.2814438790126,2071.7942903783864,0.44303702978677884,0.569915621254601,0.7291754977576186,75.78586169539821,0.023931010544751895,1.8042845753279833,0.9992876480987153,0.0023013374839284807,1879.65,1973.35,0.009290957778171684,0.9,2.9937530618553203,30,0.35714533946323135,1,1.3783278459396877,,Noise (LM.RMSE) | Noise (LM.MAE),1.3263434644394558,HM,nb.obs,0,4,0.9,0.9,0.16431676725154984,2,0.5,1,0.05,0.0093,60
20,T1_20,Mar_22_T1_20_FLM30_stem,FLM30,3/21/22,13:48:30,13:53:00,stem,alive,AVGE,LGR,LGR3,S4,B,NA,NA,100,17.3,31.3,27.6,NA,NA,sediment,NA,2022-03-21T13:48:30.000000Z,2022-03-21,March_2022,70,29,277,418.99555555555554,107.68,794.9955555555555,0.07,0.029,0.4189955555555556,0.277,0.7949955555555555,0.48339194463803836,422.18891965024375,494.57888838243605,0.1615847516343578,1.8988918239616772,2.250779597414698,211.75122486903115,0.007687683549477623,1.5903623622098473,0.9887436323635534,9.910374379310438e-45,0.7041115924118242,417.21970224278033,551.6280126678373,0.23536531389229082,0.4875404766480593,0.5856074764017554,90.28824427192038,0.010489599942675263,1.4897638464870004,0.99923801652197,0.0017511217360590599,416.81,490.873,0.0023319580698024475,0.35,2.9915690666894257,46,0.4616707189553079,1,1.4566059700044436,Noise (HM.RMSE) | Noise (HM.MAE),Noise (LM.RMSE) | Noise (LM.MAE),0.7041115924118242,HM,nb.obs,0,4,0.35,0.35,0.05160468465421399,2,0.5,1,0.05,0.0023,60,0.17374115422931527,1880.0370297013856,1906.0554953826306,0.058076932324207804,4.562511996702305,4.981800133278715,284.8465730668249,0.017015661140425634,9.793684873284093,0.6964742476324262,3.498529015018068e-13,0.827535703804679,1868.854514594442,1901.7568382048503,0.27662263025083983,2.0957412744948978,2.689154130319072,230.52681070203525,0.11529251084831431,13.93202859021615,0.9115588595935611,0.008407388898312737,1874.85,1898.9199999999998,0.005996463608063436,0.9,2.9915690666894257,46,0.06452992480467534,1,4.763037908177136,Noise (HM.RMSE) | Noise (HM.MAE) | Exaggerated curvature (g-fact),Noise (LM.RMSE) | Noise (LM.MAE),0.17374115422931527,LM,g-fact. > 2 | Intercept | nb.obs,0,4,0.9,0.9,0.13269776053940743,2,0.5,1,0.05,0.006,60
21,T1_21,Mar_22_T1_21_FLM30_stem,FLM30,3/21/22,14:03:00,14:12:00,stem,alive,AVGE,LGR,LGR3,S3,B,NA,NA,0,13.4,31.5,30.6,25.8,NA,sediment,NA,2022-03-21T14:03:00.000000Z,2022-03-21,March_2022,70,29,277,418.99555555555554,107.68,794.9955555555555,0.07,0.029,0.4189955555555556,0.277,0.7949955555555555,0.22723358258080678,446.0134983913646,481.9141386598941,0.07671076980455027,2.896506355398966,3.565148235017684,264.7992945636884,0.011299326916067512,4.972560300170133,0.8956544957262442,1.99822915365451e-24,0.7216161598674117,436.4274907577114,478.81339976214855,0.24360717504045626,0.8279846904253816,0.9265040199082472,137.81998987808015,0.02777654407771289,3.8492131443975,0.9929528555428414,0.005747362290023183,434.713,477.389,0.0022106061621529837,0.35,2.9622122572849987,48,0.2191736280130008,1,3.1756580681061832,Noise (HM.RMSE) | Noise (HM.MAE) | Exaggerated curvature (g-fact),Noise (LM.RMSE) | Noise (LM.MAE) | Intercept (LM),0.22723358258080678,LM,g-fact. > 2 | Intercept (LM) | nb.obs,0,4,0.35,0.35,0.05051814855409226,2,0.5,1,0.05,0.0022,60,2.9444696719787595,3287.8223255664084,3753.019174001932,0.9940103599049647,21.933321241375797,28.398646101519162,464.01233500181394,0.09000623960680264,3.0567894946703977,0.9578932145537078,1.668125907353499e-33,4.96177988951816,3241.645449507155,3947.6977723880264,1.6750251023759708,17.68853844595453,21.49173455133832,439.6445002333256,0.39855897505473886,8.032580725652524,0.9758843067062434,0.0023723809809752428,3219.83,3747.7999999999997,0.005684415845536245,0.9,2.9622122572849987,48,1.1044559554499607,1,1.6851183548389943,Noise (HM.RMSE) | Noise (HM.MAE) | Noise (HM.SE),Noise (LM.RMSE) | Noise (LM.MAE) | Intercept (LM),4.96177988951816,HM,SE | Intercept (LM) | nb.obs,1,3,0.9,0.9,0.1299038105676658,2,0.5,1,0.05,0.0057,60
22,T1_22,Mar_22_T1_22_FLM30_stem,FLM30,3/21/22,14:25:00,14:35:00,stem,alive,AVGE,LGR,LGR3,S3,B,NA,NA,50,11.8,28.5,29.9,25.8,NA,sediment,NA,2022-03-21T14:25:00.000000Z,2022-03-21,March_2022,70,29,277,418.99555555555554,107.68,794.9955555555555,0.07,0.029,0.4189955555555556,0.277,0.7949955555555555,0.23740187350055347,424.21451548445344,455.22965693949146,0.07993593158514949,2.1292845166705177,2.588882602973433,196.27985773875852,0.010865722695730126,4.576932159595949,0.9243255605063474,4.0799902804543513e-23,0.5867606571834229,418.25183895792327,456.00667962553536,0.19756903792657768,1.031503410543489,1.2583516252742206,141.04215024474993,0.04112326342634134,7.0085243314952015,0.9821216050312398,0.005232945880130859,417.265,454.245,0.002672148221150227,0.35,2.9699018800783956,40,0.22838837595756997,1,2.4715923616418087,Noise (HM.RMSE) | Noise (HM.MAE) | Exaggerated curvature (g-fact),Noise (LM.RMSE) | Noise (LM.MAE) | Intercept (LM),0.23740187350055347,LM,g-fact. > 2 | Intercept (LM) | nb.obs,0,4,0.35,0.35,0.05533985905294663,2,0.5,1,0.05,0.0027,60,-0.003743262952463353,1934.7202380799579,1934.2312030598791,-0.0012603995362851998,4.42194855026546,5.25855560793705,252.97026050614684,0.0220705284010543,-589.6066795556056,-0.025539463662707984,0.8662208068882562,-0.004574733521831233,1934.742475958666,1933.0205342799393,-0.001540365206176601,4.422260042126117,5.258427096762751,255.44449587900903,0.0992980120183787,-2170.574778716956,-0.02548933887551108,8.945513226182767e-4,1926.75,1946.06,0.0068712382829577276,0.9,2.9699018800783956,40,0.0014004439292057776,1,1.2221245421245945,Noise (HM.RMSE) | Noise (HM.MAE) | MDF (HM),Noise (LM.RMSE) | Noise (LM.MAE) | No detect. flux (p-val.) | MDF (LM),-0.004574733521831233,HM,AICc | p-value | MDF | Intercept | nb.obs,1,3,0.9,0.9,0.14230249470757705,2,0.5,1,0.05,0.0069,60
23,T1_23,Mar_22_T1_23_FLM30_stem,FLM30,3/21/22,14:39:00,14:49:00,stem,alive,AVGE,LGR,LGR3,S3,B,NA,NA,100,10.5,24.5,27.6,25.8,NA,sediment,NA,2022-03-21T14:39:00.000000Z,2022-03-21,March_2022,70,29,277,418.99555555555554,107.68,794.9955555555555,0.07,0.029,0.4189955555555556,0.277,0.7949955555555555,0.1510691678274435,428.74495070631014,448.83618135150084,0.05048047900801687,2.6225513034188688,3.249697429431417,219.64368362787116,0.013226472980413632,8.75524315823423,0.7639502635559609,5.205535751632982e-14,0.8249957465791015,419.50208315033234,444.6681397149093,0.2756762419877712,0.9593167785182573,1.1868791173510949,139.51290710896868,0.06971553414448525,8.45041134255119,0.9685130464501454,0.010954288419418307,420.181,446.777,0.0026251100720077795,0.35,2.992625482088869,41,0.14422994002290535,1,5.461046475886069,Noise (HM.RMSE) | Noise (HM.MAE) | Noise (HM.SE) | Exaggerated curvature (g-fact),Noise (LM.RMSE) | Noise (LM.MAE) | Intercept (LM),0.1510691678274435,LM,SE | g-fact. > 2 | Intercept (LM) | nb.obs,1,3,0.35,0.35,0.05466081666101212,2,0.5,1,0.05,0.0026,60,0.1421319242880353,1886.858985423036,1905.7616199842953,0.047494056686580924,3.869396915924792,5.048132460437352,255.76111430769407,0.020546216698459168,14.455736669561684,0.5394576964552845,2.780646929890206e-8,1.4315150125712444,1872.1915295263093,1900.8875659382702,0.47834753167043104,2.1233289456115805,2.5271779442956057,201.48653677131117,0.2359880208448783,16.485193572717318,0.884580366724089,0.016669463503714024,1875.21,1902.53,0.00675028304230572,0.9,2.992625482088869,41,0.05277117409620102,1,10.07173455043238,Noise (HM.RMSE) | Noise (HM.MAE) | Noise (HM.SE) | Exaggerated curvature (g-fact),Noise (LM.RMSE) | Noise (LM.MAE),0.1421319242880353,LM,SE | g-fact. > 2 | Intercept | nb.obs,1,3,0.9,0.9,0.14055638569974546,2,0.5,1,0.05,0.0068,60
24,T1_24,Mar_22_T1_24_SRS6_stem,SRS6,3/22/22,13:58:00,14:01:51,stem,dead,RHMA,LGR,LGR3,B,B,NA,NA,NA,9.5,28.7,29.3,NA,NA,sediment,NA,2022-03-22T13:58:00.000000Z,2022-03-22,March_2022,70,29,277,418.99555555555554,107.68,794.9955555555555,0.07,0.029,0.4189955555555556,0.277,0.7949955555555555,0.26087168945599454,469.39445093903163,494.6390387397182,0.08765481875238389,1.1247203631952156,1.3761423871361067,111.21644170621114,0.008996016848318843,3.4484450447952293,0.9666251411962897,1.975279748929369e-22,0.4914168320674677,466.2860600453233,501.1141868567933,0.1651196932736188,0.22903133893727273,0.3005906116216475,22.61594993540573,0.012431412878539282,2.5297083997384417,0.9984076317218163,0.004740986908869292,465.886,492.19,0.003604303522639335,0.35,2.9761249086936226,30,0.2504423392925254,1,1.883749183716476,,Noise (LM.RMSE) | Noise (LM.MAE) | Intercept (LM),0.4914168320674677,HM,Intercept (LM) | nb.obs,0,4,0.35,0.35,0.06390096504226937,2,0.5,1,0.05,0.0036,60,0.3529571257539861,1893.0938596505716,1927.249567268962,0.11859620700829976,1.4585444943100052,1.7372449059720085,125.19741717364272,0.011356589688589103,3.2175550116261817,0.9708230523310528,3.002403335270706e-23,0.6181423727811957,1889.4536762288972,1939.4393360399038,0.20770041303559764,0.5432889063732015,0.682262537794557,71.79586744611778,0.02673432328656706,4.324945912748523,0.9954999140019245,0.004155199987774554,1888.9199999999998,1925.2,0.009268209058215434,0.9,2.9761249086936226,30,0.13177356334255527,1,1.7513242478409283,,Noise (LM.RMSE) | Noise (LM.MAE) | Intercept (LM),0.6181423727811957,HM,Intercept (LM) | nb.obs,0,4,0.9,0.9,0.16431676725154984,2,0.5,1,0.05,0.0093,60
25,T1_25,Mar_22_T1_25_SRS6_stem,SRS6,3/22/22,14:05:00,14:08:00,stem,dead,RHMA,LGR,LGR3,B,B,NA,NA,50,10.8,28.3,27.6,23.2,NA,sediment,NA,2022-03-22T14:05:00.000000Z,2022-03-22,March_2022,70,29,277,418.99555555555554,107.68,794.9955555555555,0.07,0.029,0.4189955555555556,0.277,0.7949955555555555,1.0330581153004645,439.21619108372386,521.7058535001399,0.3451450310310296,2.3478090636556637,2.861898723734634,130.6640485017095,0.024878071571645986,2.4081967125741235,0.9862646230009453,3.904904844104017e-23,1.5010421429725473,433.72282150898087,587.2984536978095,0.5014986372421657,0.9590563356664211,1.288598595802038,93.62469006091516,0.05822175856313933,3.878755758838422,0.997215370820535,0.0032654831374911686,433.371,517.25,0.004364956610595777,0.35,2.993113104408533,25,0.9861286600886561,1,1.4530084229927083,Noise (HM.RMSE) | Noise (HM.MAE),Noise (LM.RMSE) | Noise (LM.MAE),1.5010421429725473,HM,nb.obs,0,4,0.35,0.35,0.06999999999999999,2,0.5,1,0.05,0.0044,60,4.117952536349753,1972.605890581553,2301.4242886360685,1.375809196880817,8.478644456846723,10.161222708982736,194.01872281717718,0.08833003897483357,2.144998957494817,0.9890731813600994,2.8091699701369754e-24,5.613314903211065,1954.7908509801105,2652.906292735024,1.8754102191939412,4.169900749509143,5.722161319620342,168.16425601541803,0.24670920196969526,4.395071472447888,0.9965348503987754,0.002686389824696556,1954.1100000000001,2286.73,0.011224174141532,0.9,2.993113104408533,25,1.52867688542313,1,1.36313249209687,Noise (HM.RMSE) | Noise (HM.MAE),Noise (LM.RMSE) | Noise (LM.MAE),5.613314903211065,HM,nb.obs,0,4,0.9,0.9,0.18,2,0.5,1,0.05,0.011,60
26,T1_26,Mar_22_T1_26_SRS6_stem,SRS6,3/22/22,14:17:30,14:22:00,stem,dead,RHMA,LGR,LGR3,B,B,NA,NA,100,12.7,29.3,28.450000000000003,NA,NA,sediment,NA,2022-03-22T14:17:30.000000Z,2022-03-22,March_2022,70,29,277,418.99555555555554,107.68,794.9955555555555,0.07,0.029,0.4189955555555556,0.277,0.7949955555555555,0.3348834730275257,430.12294419828226,477.02351097022483,0.11220231285153726,2.0986496414024707,2.5107380190957675,207.81369823458203,0.0094825953031934,2.831610415845747,0.9673961485394393,2.553075508409425e-32,0.613320998144399,424.55973054380763,490.8343360326996,0.20549247739842522,0.6285607490109495,0.7406360425129211,105.26019416044683,0.017367085743330044,2.8316470161422997,0.9971628924882592,0.003100621661684083,425.356,471.648,0.002493135755271738,0.35,2.9846396613110238,43,0.3205780367186779,1,1.8314460029921726,Noise (HM.RMSE) | Noise (HM.MAE),Noise (LM.RMSE) | Noise (LM.MAE) | Intercept (LM),0.613320998144399,HM,Intercept (LM) | nb.obs,0,4,0.35,0.35,0.05337449961641163,2,0.5,1,0.05,0.0025,60,0.034862122712669606,1832.3278405939807,1837.2102950767758,0.01168051311673456,0.5359089096130256,0.6851749337464719,96.12912425014413,0.0025877795927709006,7.422897378048781,0.8112276428698781,1.1941832679764093e-16,0.0556775061925827,1831.900934698752,1839.784225115846,0.018654682812908132,0.5112651283948517,0.6623588098809219,95.65382938895156,0.014045780547908457,25.227028845950038,0.8235904467808309,0.002366357425125116,1830.92,1836.68,0.006410920513555899,0.9,2.9846396613110238,43,0.012978347907482844,1,1.597077339537571,,,0.0556775061925827,HM,Intercept | nb.obs,0,4,0.9,0.9,0.1372487132993442,2,0.5,1,0.05,0.0064,60
27,T1_27,Mar_22_T1_27_SRS6_CWD,SRS6,3/22/22,14:34:00,12:42:00,CWD,dead,RHMA,LGR,LGR3,RA,NA,NA,NA,NA,7,NA,27.916666666666668,NA,NA,sediment,NA,2022-03-22T14:34:00.000000Z,2022-03-22,March_2022,70,29,277,NA,NA,NA,0.07,0.029,NA,0.277,NA,NA,NA,NA,NA,NA,NA,NA,NA,NA,NA,NA,NA,NA,NA,NA,NA,NA,NA,NA,NA,NA,NA,NA,NA,NA,NA,NA,NA,NA,NA,NA,NA,NA,NA,NA,NA,NA,NA,NA,NA,NA,NA,NA,NA,NA,NA,NA,NA,NA,NA,NA,NA,NA,NA,NA,NA,NA,NA,NA,NA,NA,NA,NA,NA,NA,NA,NA,NA,NA,NA,NA,NA,NA,NA,NA,NA,NA,NA,NA,NA,NA,NA,NA,NA,NA,NA,NA,NA,NA,NA,NA,NA,NA,NA
28,T1_28,Mar_22_T1_28_SRS6_stem,SRS6,3/22/22,14:53:00,12:57:00,stem,alive,NA,LGR,LGR3,S4,B,NA,NA,100,20.7,27.7,27.808333333333337,NA,NA,sediment,NA,2022-03-22T14:53:00.000000Z,2022-03-22,March_2022,70,29,277,418.99555555555554,107.68,794.9955555555555,0.07,0.029,0.4189955555555556,0.277,0.7949955555555555,2.432273578371753,547.5919800299646,879.4898653076611,0.8134752090139622,10.537164910619614,12.338871589369184,336.89379969812666,0.04838837819252256,1.9894299154010215,0.9840257870788995,9.023090673618427e-38,3.7623288884971147,520.7580429495014,1080.8383191945709,1.2583129242386881,2.788972750358255,3.4103545215299285,231.32448296682787,0.0732613507261938,1.9472340908361814,0.9987796971202882,0.002246665304257383,521.283,860.215,0.0025586615112414136,0.35,2.989978737422109,42,2.324214882897035,1,1.5468362284376522,Noise (HM.RMSE) | Noise (HM.MAE) | Noise (HM.SE),Noise (LM.RMSE) | Noise (LM.MAE),3.7623288884971147,HM,SE | nb.obs,1,3,0.35,0.35,0.05400617248673217,2,0.5,1,0.05,0.0026,60,0.23667207589562597,1838.6890625180417,1870.9843446740176,0.07915510332347019,1.0948143990818349,1.280925851895611,146.61939934988297,0.0050233057463297814,2.1224750437162236,0.9818568443410236,1.1525696021481101e-36,0.3470537589143768,1836.4351382296259,1895.678757287006,0.11607231669265936,0.6342253317610206,0.7950727189174541,109.00889522361213,0.016415357979786303,4.729917932926412,0.9930099778989144,0.0019592374426052215,1836.6299999999999,1870.23,0.006579415314620777,0.9,2.989978737422109,42,0.08795011480385577,1,1.4663908177635199,,Noise (LM.RMSE) | Noise (LM.MAE),0.3470537589143768,HM,nb.obs,0,4,0.9,0.9,0.13887301496588272,2,0.5,1,0.05,0.0066,60
29,T1_29,Mar_22_T1_29_SRS6_stem,SRS6,3/22/22,15:02:00,15:06:00,stem,alive,RHMA,LGR,LGR3,S4,B,NA,NA,50,23.6,26.6,27.7,NA,NA,sediment,NA,2022-03-22T15:02:00.000000Z,2022-03-22,March_2022,70,29,277,418.99555555555554,107.68,794.9955555555555,0.07,0.029,0.4189955555555556,0.277,0.7949955555555555,0.4727523457928413,598.4551379306624,643.970105886097,0.15803808317859253,3.0907290144258845,3.52182604299984,167.5981659542734,0.02311997287905657,4.890504105332917,0.934993900972253,2.267740292699355e-18,1.1105932665447038,590.2994266251619,646.8984981971639,0.3712642202576976,0.6058000359649024,0.7163125574101664,74.717991517576,0.034868037261145714,3.139586589573672,0.9973107979527388,0.006559546118798029,590.918,637.743,0.003622781493462618,0.35,2.991382433173419,30,0.4515373805102644,1,2.3492073099757023,Noise (HM.RMSE) | Noise (HM.MAE) | Exaggerated curvature (g-fact),Noise (LM.RMSE) | Noise (LM.MAE) | Intercept (LM),0.4727523457928413,LM,g-fact. > 2 | Intercept (LM) | nb.obs,0,4,0.35,0.35,0.06390096504226937,2,0.5,1,0.05,0.0036,60,0.10747479034100979,1843.6665701944953,1854.0138729248167,0.03592813448028267,0.9692739765620293,1.1671064765541668,101.33104423686233,0.007661783902852638,7.1289126301548,0.8709777679008338,3.4457252504192826e-14,0.29445511403068364,1841.35296635589,1853.8467307984272,0.09843445985550896,0.49854150750203036,0.6358858435617206,67.57213861182109,0.034604589219430645,11.752076146935142,0.9616997237877861,0.007878687028896717,1841.33,1852.68,0.009315723840332447,0.9,2.991382433173419,30,0.0399201494225363,1,2.7397598366686617,Exaggerated curvature (g-fact),Noise (LM.RMSE) | Noise (LM.MAE) | Intercept (LM),0.10747479034100979,LM,g-fact. > 2 | Intercept (LM) | nb.obs,0,4,0.9,0.9,0.16431676725154984,2,0.5,1,0.05,0.0093,60
30,T1_30,Mar_22_T1_30_SRS6_stem,SRS6,3/22/22,15:09:00,15:13:00,stem,alive,RHMA,LGR,LGR3,S4,B,NA,NA,0,NA,25.1,27.754166666666663,23.2,NA,sediment,NA,2022-03-22T15:09:00.000000Z,2022-03-22,March_2022,70,29,277,418.99555555555554,107.68,794.9955555555555,0.07,0.029,0.4189955555555556,0.277,0.7949955555555555,0.6651329571407439,535.0008021499066,643.2866142976161,0.22235279701788416,2.771876199987073,3.4140539512416757,271.20563516977285,0.010273077186465614,1.5445148336397656,0.988443255856128,2.2623839634997538e-48,0.9760064798301077,527.4024364133542,725.8810701481966,0.3262772779005176,0.49103438307130093,0.6537947004405068,108.28655315878733,0.010382567328129295,1.0637805734585468,0.9995761838220248,0.0016438911925220512,525.379,636.241,0.0021454287344905673,0.35,2.991340635518277,50,0.6352937057653832,1,1.4673855345038662,Noise (HM.RMSE) | Noise (HM.MAE),Noise (LM.RMSE) | Noise (LM.MAE),0.9760064798301077,HM,nb.obs,0,4,0.35,0.35,0.049497474683058325,2,0.5,1,0.05,0.0021,60,0.3642312852447997,1863.8637210755091,1923.1617608266672,0.12176188860607423,2.3276630328515466,2.7161735107556226,248.33800168319462,0.008173116338034813,2.243935836687303,0.9759095374592061,1.0313377668582168e-40,0.6264773712132479,1857.6873853431132,1946.0421088687272,0.20943030150917769,0.5404621962047031,0.6968189934860662,114.65978264384765,0.012458133333406242,1.9886006910799645,0.9984144860062819,0.0023703350896510248,1858.59,1918.4399999999998,0.0055168167458328875,0.9,2.991340635518277,50,0.1352909873400825,1,1.7199987936022374,,Noise (LM.RMSE) | Noise (LM.MAE),0.6264773712132479,HM,nb.obs,0,4,0.9,0.9,0.12727922061357855,2,0.5,1,0.05,0.0055,60
31,T1_31,Mar_22_T1_31_SRS6_root,SRS6,3/22/22,15:20:00,12:24:00,root,alive,RHMA,LGR,LGR3,B,B,NA,NA,NA,NA,27,27.754166666666663,NA,NA,sediment,NA,2022-03-22T15:20:00.000000Z,2022-03-22,March_2022,70,29,277,418.99555555555554,107.68,794.9955555555555,0.07,0.029,0.4189955555555556,0.277,0.7949955555555555,1.4505354643968753,462.1259937762396,602.2706728904269,0.48492968551621884,3.819000000000026,4.440221248471822,181.50164127172854,0.029144956593028,2.0092550170875216,0.9884232523838907,7.138615086973532e-29,2.1192749172733287,452.53761372200734,711.2046455368359,0.7084965134465552,0.38428949556230996,0.44008406872043127,45.48894168947431,0.015062081507905804,0.7107186229186709,0.9998862769135114,0.0027390290462440733,453.007,593.654,0.0036101032838823967,0.35,2.9912284352168435,30,1.385513387189197,1,1.4610293710774673,Noise (HM.RMSE) | Noise (HM.MAE),Noise (LM.RMSE) | Noise (LM.MAE),2.1192749172733287,HM,nb.obs,0,4,0.35,0.35,0.06390096504226937,2,0.5,1,0.05,0.0036,60,0.2724176529153382,1843.7527386642391,1870.0725946690934,0.09107216610676203,1.2024767265024139,1.5226879233712338,117.28801754159714,0.00999469867557976,3.6688880359327913,0.9623816817952094,1.0573183209270294e-21,0.47737835836035564,1840.92933344849,1879.4858383403064,0.15959274548877742,0.6200939924850217,0.8119052173743974,82.23401161197671,0.03175972713371865,6.652946573196848,0.9893048166650522,0.004139191193199965,1841.0500000000002,1866.4,0.009283122729983308,0.9,2.9912284352168435,30,0.10119129567418002,1,1.7523767393617293,,Noise (LM.RMSE) | Noise (LM.MAE) | Intercept (LM),0.47737835836035564,HM,Intercept (LM) | nb.obs,0,4,0.9,0.9,0.16431676725154984,2,0.5,1,0.05,0.0093,60
40,T1_40,Mar_22_T1_40_FLM30_stem,FLM30,3/23/22,12:35:30,12:39:30,stem,dead,AVGE,LGR,LGR3,B,B,NA,NA,0,20.8,34,30.6,26.2,NA,sediment,NA,2022-03-23T12:35:30.000000Z,2022-03-23,March_2022,70,29,277,418.99555555555554,107.68,794.9955555555555,0.07,0.029,0.4189955555555556,0.277,0.7949955555555555,0.7384717169648499,445.5883218419196,530.3323643744703,0.2499824263497073,1.0493399220332371,1.4227674699542494,130.78216369285812,0.007275540283534803,0.9852158337813643,0.9967103275458766,9.102169707525001e-43,0.85509819559575,443.48641882709444,772.7899594338595,0.2894620292038304,0.861153443993924,1.0199644039106095,110.0427716568865,0.022966088038189968,2.6857837095761163,0.9983093456149734,8.79012805846169e-4,441.55,527.635,0.003040979657836892,0.35,2.9540945247558383,35,0.7142355038563066,1,1.1579295130086225,Noise (HM.RMSE) | Noise (HM.MAE),Noise (LM.RMSE) | Noise (LM.MAE),0.85509819559575,HM,nb.obs,0,4,0.35,0.35,0.059160797830996155,2,0.5,1,0.05,0.003,60,12.44980175239934,2278.7866477979123,3707.47579728009,4.214422269858931,15.69074033133971,18.958736266596375,312.0584298127012,0.09694841381000215,0.7787145188180858,0.9979423707737525,3.948554293747031e-46,13.406917819908506,2261.266104146863,12565.317425024581,4.538418695663306,13.598612382350698,16.963939471220694,306.8353225050146,0.36208144244384627,2.700706063150294,0.9983525896962219,4.404499312292551e-4,2231.43,3675.2,0.007819661977294865,0.9,2.9540945247558383,35,4.6826914109543685,1,1.0768780167382752,Noise (HM.RMSE) | Noise (HM.MAE) | Noise (HM.SE),Noise (LM.RMSE) | Noise (LM.MAE),13.406917819908506,HM,SE | nb.obs,1,3,0.9,0.9,0.152127765851133,2,0.5,1,0.05,0.0078,60
41,T1_41,Mar_22_T1_41_FLM30_stem,FLM30,3/23/22,12:50:00,12:54:00,stem,dead,AVGE,LGR,LGR3,B,B,NA,NA,50,16.9,34.3,31.9,NA,NA,sediment,NA,2022-03-23T12:50:00.000000Z,2022-03-23,March_2022,70,29,277,418.99555555555554,107.68,794.9955555555555,0.07,0.029,0.4189955555555556,0.277,0.7949955555555555,0.4973117667978622,419.3816033779891,468.04279411986766,0.168962467853745,1.4375335946512204,1.9096731655536594,130.87531550966298,0.012346199205906728,2.482587388873301,0.9824298154267572,2.4629699240916727e-26,0.6228769179367426,417.50345237237957,549.3833118818991,0.21162342870222842,1.3860545765459278,1.712452618790492,127.01190936699521,0.05183409152049255,8.32172296449692,0.9858715226164481,0.0016046682904371213,414.788,467.961,0.0035645826797152083,0.35,2.943326841250558,30,0.4827499081535572,1,1.2524877944219601,Noise (HM.RMSE) | Noise (HM.MAE),Noise (LM.RMSE) | Noise (LM.MAE),0.6228769179367426,HM,nb.obs,0,4,0.35,0.35,0.06390096504226937,2,0.5,1,0.05,0.0036,60,1.94177900864922,1851.8702808246428,2041.870367343532,0.6597225226350325,8.092131442966714,10.988874674876019,235.87239098348132,0.07104400807005555,3.658707183134946,0.9625826498091512,9.80835520367854e-22,1.9540941131939156,1851.6708189775545,15811.975513188685,0.6639065990930392,8.087858219050434,11.003265380377972,238.62783688275684,0.2835888404401447,14.512547708187206,0.96248528950564,4.755674132014747e-5,1845.15,2039.46,0.009166069747839107,0.9,2.943326841250558,30,0.7330250251500362,1,1.0063421761641467,Noise (HM.RMSE) | Noise (HM.MAE) | Noise (HM.SE),Noise (LM.RMSE) | Noise (LM.MAE),1.9540941131939156,HM,SE | AICc | nb.obs,2,2,0.9,0.9,0.16431676725154984,2,0.5,1,0.05,0.0092,60
42,T1_42,Mar_22_T1_42_FLM30_stem,FLM30,3/23/22,13:02:30,13:06:30,stem,dead,AVGE,LGR,LGR3,B,B,NA,NA,100,17.2,34,30.5,NA,NA,sediment,NA,2022-03-23T13:02:30.000000Z,2022-03-23,March_2022,70,29,277,418.99555555555554,107.68,794.9955555555555,0.07,0.029,0.4189955555555556,0.277,0.7949955555555555,0.820011191238294,474.822113945795,582.2104779480233,0.27677413402636136,2.6674314082978072,3.351029531194583,216.92315903245375,0.014023334552861911,1.7101394106201595,0.9887195146572816,7.786808031886558e-39,1.171890505585821,467.91318059644345,674.1549086614613,0.3955421381108628,0.9125927324029902,1.2942090940198878,143.2899214285406,0.02792642221663125,2.3830231650072973,0.9983174027698201,0.0019178569818139224,465.108,576.333,0.0026657088998500874,0.35,2.962745034404812,40,0.7907832400753183,1,1.4291152585566012,Noise (HM.RMSE) | Noise (HM.MAE),Noise (LM.RMSE) | Noise (LM.MAE),1.171890505585821,HM,nb.obs,0,4,0.35,0.35,0.05533985905294663,2,0.5,1,0.05,0.0027,60,0.6761468310058412,1864.1419055693987,1952.6898458692865,0.22821634097909232,2.1261938912707707,2.7771483941071167,201.8957208220683,0.01162176598892111,1.7188228142151436,0.9886059432560538,9.419845827591355e-39,0.8297195252984388,1861.0170315273663,2120.5126854474183,0.2800509377834876,1.9608941883765396,2.3274018074456717,190.23814310210136,0.044846270338870564,5.404991562991117,0.9919975505481108,0.0010792124397958835,1861.51,1947.43,0.00685468002818594,0.9,2.962745034404812,40,0.2535737121989915,1,1.2271292081102292,Noise (HM.RMSE) | Noise (HM.MAE),Noise (LM.RMSE) | Noise (LM.MAE),0.8297195252984388,HM,nb.obs,0,4,0.9,0.9,0.14230249470757705,2,0.5,1,0.05,0.0069,60
43,T1_43,Mar_22_T1_43_FLM30_stem,FLM30,3/23/22,13:20:00,13:24:00,stem,dead,AVGE,LGR,LGR3,B,B,NA,NA,0,12.4,29,30.2,25.6,NA,sediment,NA,2022-03-23T13:20:00.000000Z,2022-03-23,March_2022,70,29,277,418.99555555555554,107.68,794.9955555555555,0.07,0.029,0.4189955555555556,0.277,0.7949955555555555,0.41078718160649064,439.1885191632149,473.7465086305458,0.1387871062945016,1.1036378680478134,1.3351356399704044,95.90542308013553,0.010814483445511773,2.632624368467124,0.9829567178402743,5.977371717787163e-23,0.6457409344912709,436.32412477398117,493.2897087943853,0.21816775139736924,0.268847756993746,0.31376657796687235,23.416056138293527,0.013960093808766111,2.161872209598139,0.9990587265298105,0.003829816812186549,435.786,471.465,0.0041437714900456205,0.35,2.9598367786040147,26,0.3965345894128618,1,1.57195979671501,,Noise (LM.RMSE) | Noise (LM.MAE),0.6457409344912709,HM,nb.obs,0,4,0.35,0.35,0.06864064729836442,2,0.5,1,0.05,0.0041,60,4.272434588908045,2190.3776584260827,2549.8016038031833,1.443469660148999,5.202577468954045,6.47163496016049,177.98200912918222,0.05241968459744076,1.226927727191682,0.9962501689958705,7.64592028825739e-31,4.972051424252084,2181.2386060325994,3537.862333855836,1.679839733121066,3.791281874677592,4.732724206369166,164.52361653226762,0.16896925156058862,3.398381013044443,0.9979945766598718,0.001238250296429979,2173.5099999999998,2536.9,0.010655412402974452,0.9,2.9598367786040147,26,1.603855177943332,1,1.1637513274422882,Noise (HM.RMSE) | Noise (HM.MAE),Noise (LM.RMSE) | Noise (LM.MAE),4.972051424252084,HM,nb.obs,0,4,0.9,0.9,0.17650452162436564,2,0.5,1,0.05,0.011,60
44,T1_44,Mar_22_T1_44_FLM30_stem,FLM30,3/23/22,12:27:00,13:31:00,stem,dead,AVGE,LGR,LGR3,B,B,NA,NA,50,10.2,26,29.8,NA,NA,sediment,NA,2022-03-23T12:27:00.000000Z,2022-03-23,March_2022,70,29,277,418.99555555555554,107.68,794.9955555555555,0.07,0.029,0.4189955555555556,0.277,0.7949955555555555,-0.029540613792137904,406.53683004442047,403.6575082154046,-0.009963051311473453,5.497436154670294,7.283501246753421,211.19609014027085,0.04738465996471995,-160.40513002925877,-0.02153485706426017,0.5380532818249049,-0.11615426417200583,407.6954377978499,403.8100069931931,-0.03917491024848419,5.46277374606967,7.258872380890105,213.6697818324864,0.4669825686880322,-402.0365261808261,-0.01463797968837044,0.010082513939389208,400.938,410.276,0.003578468463821756,0.35,2.9650167271665984,30,0.028465860889924158,1,3.9320193205640077,Noise (HM.RMSE) | Noise (HM.MAE) | Noise (HM.SE) | Exaggerated curvature (g-fact),Noise (LM.RMSE) | Noise (LM.MAE) | No detect. flux (p-val.),-0.029540613792137904,LM,SE | AICc | g-fact. > 2 | p-value | Intercept | nb.obs,2,2,0.35,0.35,0.06390096504226937,2,0.5,1,0.05,0.0036,60,-0.2152665719003734,1838.9181696900182,1817.9361500240925,-0.07260214417275293,15.34277375398189,22.351054288413962,278.47179841664587,0.14541043811608842,-67.54900997047754,0.03946806180910567,0.14993015917093763,-2.0147668534195997,1852.857102769068,1823.7801001752146,-0.6795128118366242,15.684265977085731,22.01864796437232,280.2496957360638,3.2550916598503874,-161.56170399198416,0.06782579912015396,0.02336942432918674,1837.1299999999999,1811.22,0.009201776049827373,0.9,2.9650167271665984,30,0.0806690490808366,1,9.359404182605951,Noise (HM.RMSE) | Noise (HM.MAE) | Noise (HM.SE) | Exaggerated curvature (g-fact) | Intercept (HM),Noise (LM.RMSE) | Noise (LM.MAE) | No detect. flux (p-val.),-0.2152665719003734,LM,MAE | SE | AICc | g-fact. > 2 | p-value | Intercept (HM) | nb.obs,3,1,0.9,0.9,0.16431676725154984,2,0.5,1,0.05,0.0092,60
45,T1_45,Mar_22_T1_45_FLM30_stem,FLM30,3/23/22,12:33:30,12:37:30,stem,dead,AVGE,LGR,LGR3,B,B,NA,NA,100,8.9,31,31.4,NA,NA,sediment,NA,2022-03-23T12:33:30.000000Z,2022-03-23,March_2022,70,29,277,418.99555555555554,107.68,794.9955555555555,0.07,0.029,0.4189955555555556,0.277,0.7949955555555555,0.7247781140286267,451.4253069351618,529.9018448210732,0.24600795575520815,0.9153566559435331,1.1191164980474733,107.90513857502918,0.006247461233799089,0.8619826003123946,0.9976278187898336,1.7959745277544193e-42,0.800234654882116,450.13101562486673,882.9567064609107,0.27161980716797457,0.7825220678555231,0.9285511110916508,98.18594433818791,0.02202452688787385,2.752258572345673,0.9983669146110129,6.275501036995172e-4,449.38,527.635,0.0032223594549422524,0.35,2.9461572159472027,33,0.7028798735863092,1,1.104109850163755,Noise (HM.RMSE) | Noise (HM.MAE),Noise (LM.RMSE) | Noise (LM.MAE),0.800234654882116,HM,nb.obs,0,4,0.35,0.35,0.06092717958449424,2,0.5,1,0.05,0.0032,60,12.30763624768804,2370.8315853549084,3703.4610668234372,4.177521885481281,13.988852194746675,17.065698730290496,287.72418416370397,0.09526916226433983,0.7740654691694835,0.998086187009181,6.4396132239059e-44,12.87953728419824,2360.9100709390777,17639.80536936676,4.371639508741359,13.293081102595062,16.35162931793108,287.50413258025463,0.3728533759543111,2.8949283481772343,0.998242993307034,2.861227479706098e-4,2371.67,3675.2,0.008286067169851507,0.9,2.9461572159472027,33,4.64169098386809,1,1.0464671708686248,Noise (HM.RMSE) | Noise (HM.MAE) | Noise (HM.SE),Noise (LM.RMSE) | Noise (LM.MAE),12.87953728419824,HM,SE | nb.obs,1,3,0.9,0.9,0.15666989036012807,2,0.5,1,0.05,0.0083,60
46,T1_46,Mar_22_T1_46_FLM30_stem,FLM30,3/23/22,13:52:00,13:56:00,stem,dead,AVGE,LGR,LGR3,B,B,NA,NA,0,14,28.2,31.3,25.8,NA,sediment,NA,2022-03-23T13:52:00.000000Z,2022-03-23,March_2022,70,29,277,418.99555555555554,107.68,794.9955555555555,0.07,0.029,0.4189955555555556,0.277,0.7949955555555555,0.3775432380895675,427.79841642602815,488.86249224424785,0.12801693043651924,4.3745605522216096,5.244006367187759,307.98371603582166,0.016036118558843192,4.247491927014415,0.9201712405218307,1.1651513659672427e-27,1.0252971087878906,414.3576158543403,487.5125346490397,0.3476565738977027,0.44525473080052064,0.5350001131500105,86.66721174524983,0.013644964049447247,1.3308302473980802,0.9991691154039538,0.00475233353581267,413.935,480.604,0.0021594315114226987,0.35,2.949166464171572,49,0.36576265839005506,1,2.7157077795276297,Noise (HM.RMSE) | Noise (HM.MAE) | Exaggerated curvature (g-fact),Noise (LM.RMSE) | Noise (LM.MAE) | Intercept (LM),0.3775432380895675,LM,g-fact. > 2 | Intercept (LM) | nb.obs,0,4,0.35,0.35,0.049999999999999996,2,0.5,1,0.05,0.0022,60,4.469002356337963,2047.44627763823,2770.265470746074,1.5153442203518739,33.25103814574546,40.633122430330125,508.6384982137479,0.1242556784038006,2.7803896372437693,0.9641942243376487,7.482344194115956e-36,8.74858829914397,1950.907480979905,2922.0918018787434,2.9664613393064165,6.579039591841142,7.860633493588894,350.0280527966701,0.15669739459702858,1.791116340591328,0.9986599907758874,0.0030544782030263156,1940.69,2703.6,0.005552823886515511,0.9,2.949166464171572,49,1.6837158003909711,1,1.9576155037682348,Noise (HM.RMSE) | Noise (HM.MAE) | Noise (HM.SE),Noise (LM.RMSE) | Noise (LM.MAE) | Intercept (LM),8.74858829914397,HM,SE | Intercept (LM) | nb.obs,1,3,0.9,0.9,0.1285714285714286,2,0.5,1,0.05,0.0056,60
47,T1_47,Mar_22_T1_47_FLM30_stem,FLM30,3/23/22,14:01:00,14:08:00,stem,dead,AVGE,LGR,LGR3,B,B,NA,NA,50,12.4,30.6,28.8,NA,NA,sediment,NA,2022-03-23T14:01:00.000000Z,2022-03-23,March_2022,70,29,277,418.99555555555554,107.68,794.9955555555555,0.07,0.029,0.4189955555555556,0.277,0.7949955555555555,0.2763784846891478,472.9193658901681,498.89940679497266,0.09311842618209536,0.7486310775847344,0.8969707290635981,82.9519760553409,0.006154624407152544,2.226882607766975,0.9862982384216544,6.579374217495986e-27,0.40721458127564275,471.101432065558,518.3430100691288,0.1372001911416433,0.258923940802343,0.311865058579576,24.384389614160423,0.011228455362014592,2.757380476612666,0.9983436454598397,0.002904225407781106,471.411,497.373,0.003710040214660132,0.35,2.9680321717281055,29,0.26605264623455815,1,1.4733946520245624,,Noise (LM.RMSE) | Noise (LM.MAE),0.40721458127564275,HM,nb.obs,0,4,0.35,0.35,0.06499336836196815,2,0.5,1,0.05,0.0037,60,21.697116079628163,3955.7264714954104,5995.29175784191,7.310269843535842,78.93719834647779,91.35541764693403,351.11437500349865,0.6268412836196002,2.8890534636912117,0.977144502807077,6.6052875664856495e-24,36.63542790486645,3754.6359070197873,6846.977752413758,12.343339217760517,7.742523768562462,9.857336727425553,224.68163094673486,0.3924302176538955,1.0711768364571697,0.9997339022250175,0.003991583025061044,3773.39,5816.6,0.009540103409126054,0.9,2.9680321717281055,29,8.122522048373158,1,1.688492967010678,Noise (HM.RMSE) | Noise (HM.MAE) | Noise (HM.SE),Noise (LM.RMSE) | Noise (LM.MAE) | Noise (LM.SE),36.63542790486645,HM,nb.obs,0,4,0.9,0.9,0.16712580435934668,2,0.5,1,0.05,0.0095,60
48,T1_48,Mar_22_T1_48_FLM30_stem,FLM30,3/23/22,14:11:30,14:15:30,stem,dead,AVGE,LGR,LGR3,B,B,NA,NA,100,10.8,31.2,30.4,NA,NA,sediment,NA,2022-03-23T14:11:30.000000Z,2022-03-23,March_2022,70,29,277,418.99555555555554,107.68,794.9955555555555,0.07,0.029,0.4189955555555556,0.277,0.7949955555555555,0.35019950823466744,420.65091922457896,467.93377312455675,0.11880114045220544,1.6385376498497897,1.9230892260397545,176.62410329543513,0.007714936531713035,2.203011811925014,0.9809475746278331,2.2496543337341744e-35,0.5716078316745172,416.2810080719095,490.81768560956044,0.19391135823309105,0.21607226527565374,0.24923494868960863,11.53661164802255,0.005698344303715092,0.996897520984251,0.9996799857769003,0.0026015562356551253,416.346,464.175,0.002585771061740164,0.35,2.9477790103837873,41,0.33943182986344417,1,1.632234821105131,,Noise (LM.RMSE) | Noise (LM.MAE),0.5716078316745172,HM,nb.obs,0,4,0.35,0.35,0.05466081666101212,2,0.5,1,0.05,0.0026,60,0.39576428636213545,1847.3736495063558,1900.8085187476638,0.13425846543042205,3.715857950601575,4.559031781436298,247.40465070404892,0.01828965622789916,4.6213508540696395,0.9211407935011203,2.4793089120623096e-23,1.027300089051967,1836.2821095015581,1900.9261103007047,0.34849969601968817,1.0437471079039213,1.3301779122259454,148.85971238792132,0.04301854006009386,4.1875339560997284,0.9932868457311288,0.0053910601403291975,1835.57,1894.05,0.006649125587331851,0.9,2.9477790103837873,41,0.14917607270046895,1,2.595737221503505,Noise (HM.RMSE) | Noise (HM.MAE) | Exaggerated curvature (g-fact),Noise (LM.RMSE) | Noise (LM.MAE) | Intercept (LM),0.39576428636213545,LM,g-fact. > 2 | Intercept (LM) | nb.obs,0,4,0.9,0.9,0.14055638569974546,2,0.5,1,0.05,0.0066,60
49,T1_49,Mar_22_T1_49_FLM30_stem,FLM30,3/23/22,14:36:00,14:40:00,stem,dead,AVGE,LGR,LGR3,B,B,NA,NA,0,15.9,40.8,30.9,25.3,NA,sediment,NA,2022-03-23T14:36:00.000000Z,2022-03-23,March_2022,70,29,277,418.99555555555554,107.68,794.9955555555555,0.07,0.029,0.4189955555555556,0.277,0.7949955555555555,1.420443775089556,455.96711879515664,677.4959264488956,0.4836873529557619,7.957549242402863,9.39476435834939,350.5127014453195,0.030483906318551936,2.146083277152592,0.9792440770055527,9.956596900822405e-40,2.339362516871596,434.9809826752231,780.7125262865807,0.7965961646867799,1.7156352377950028,2.36349427830273,223.18587121032562,0.044043407423677565,1.8827098026079487,0.9986863508827534,0.0023040887631076167,437.152,656.57,0.0022393123471107024,0.35,2.9366981923537496,47,1.381963865587891,1,1.6469236994080279,Noise (HM.RMSE) | Noise (HM.MAE),Noise (LM.RMSE) | Noise (LM.MAE),2.339362516871596,HM,nb.obs,0,4,0.35,0.35,0.051052747024263094,2,0.5,1,0.05,0.0022,60,0.09427368456482343,2042.2839659637539,2056.9866506465414,0.03210193162180671,5.566055158007599,6.99154555893395,322.74031598620223,0.022685999532390033,24.063978868663966,0.2612686518613202,1.4325172481987881e-4,0.14391609892054583,2041.1449361000596,2066.289872917348,0.049006091022652125,5.609419437080857,6.980206893485737,324.9819874537604,0.12319262446892452,85.60030836921,0.26366281074745945,0.0019489446873041211,2041.4599999999998,2056.47,0.005758231749713234,0.9,2.9366981923537496,47,0.03566881291311857,1,1.5265776402489903,Noise (HM.RMSE) | Noise (HM.MAE),Noise (LM.RMSE) | Noise (LM.MAE),0.14391609892054583,HM,AICc | nb.obs,1,3,0.9,0.9,0.1312784923481051,2,0.5,1,0.05,0.0058,60
50,T1_50,Mar_22_T1_50_FLM30_stem,FLM30,3/23/22,14:50:00,15:00:00,stem,dead,AVGE,LGR,LGR3,B,B,NA,NA,50,11.5,33.9,31,NA,NA,sediment,NA,2022-03-23T14:50:00.000000Z,2022-03-23,March_2022,70,29,277,418.99555555555554,107.68,794.9955555555555,0.07,0.029,0.4189955555555556,0.277,0.7949955555555555,1.4963369256500911,605.5738328012379,923.087294859751,0.5146085284578817,22.03719679177782,26.167555459374892,596.5225929149137,0.053870199454486636,3.600138346588116,0.9255296143781138,2.5327275837240725e-36,3.9724362013374828,536.9067974350194,920.1660583896922,1.3661692850859541,1.4099626496945799,1.842368754325857,264.4684762359358,0.0313574982027415,0.7893770123276924,0.9996308435887576,0.0035646086716415383,536.089,880.509,0.0016467663467911117,0.35,2.9077188637625917,63,1.4703100813082337,1,2.6547738903199476,Noise (HM.RMSE) | Noise (HM.MAE) | Exaggerated curvature (g-fact),Noise (LM.RMSE) | Noise (LM.MAE) | Noise (LM.SE) | Intercept (LM),1.4963369256500911,LM,g-fact. > 2 | Intercept (LM),0,4,0.35,0.35,0.04409585518440984,2,0.5,1,0.05,0.0016,60,0.3293906624845675,1919.46430516238,1989.3589711446316,0.11328146836669609,6.296993708586129,7.978649208891148,446.86594460297135,0.01642535638942777,4.986588346352206,0.8661354018716343,1.5312306868701944e-28,0.6914462341360582,1908.6869233803054,1999.9527838972588,0.23779679760419684,5.219725169850963,6.485446048523765,423.0405455756307,0.09209999515498922,13.319906972964493,0.911552268661623,0.002605539423583523,1903.5200000000002,1974.69,0.004234542034605716,0.9,2.9077188637625917,63,0.1258682981852179,1,2.099167684112641,Noise (HM.RMSE) | Noise (HM.MAE) | Exaggerated curvature (g-fact),Noise (LM.RMSE) | Noise (LM.MAE) | Intercept (LM),0.3293906624845675,LM,g-fact. > 2 | Intercept (LM),0,4,0.9,0.9,0.11338934190276817,2,0.5,1,0.05,0.0042,60
51,T1_51,Mar_22_T1_51_FLM30_stem,FLM30,3/23/22,15:02:00,15:12:00,stem,dead,AVGE,LGR,LGR3,B,B,NA,NA,100,10.8,32.1,31,NA,NA,sediment,NA,2022-03-23T15:02:00.000000Z,2022-03-23,March_2022,70,29,277,418.99555555555554,107.68,794.9955555555555,0.07,0.029,0.4189955555555556,0.277,0.7949955555555555,1.9699983710571602,678.4285829647266,988.5325163693989,0.6770828240276687,10.806202879436007,12.807741640168217,379.64304320734925,0.0411719908308354,2.089950501265708,0.9802950004337083,3.0914808810263376e-40,3.2477450604653977,649.0011691438873,1132.2551870933178,1.1162407185554057,1.6045331249531234,1.9243768110478008,203.86520806936466,0.03556774493957374,1.0951519986139837,0.9995551521018815,0.002309842602637633,648.935,960.703,0.002218602147058467,0.35,2.909538244285247,47,1.9345223543647678,1,1.64860291672351,Noise (HM.RMSE) | Noise (HM.MAE),Noise (LM.RMSE) | Noise (LM.MAE),3.2477450604653977,HM,nb.obs,0,4,0.35,0.35,0.051052747024263094,2,0.5,1,0.05,0.0022,60,0.553448294597173,1859.8265267967245,1946.946646088291,0.19021860107328897,3.448823265809237,4.074640223961482,271.98791235061736,0.01309840990340994,2.366690805858135,0.9748678283830927,7.387539825569859e-38,0.5563919094963151,1859.7481616677628,9307.714399204853,0.19123031312241695,3.4606669412495106,4.08419838760845,274.6023978093611,0.05233903282202313,9.406864465265874,0.9747506244436351,2.5675507517560046e-5,1859.96,1940.25,0.005704976949578916,0.9,2.909538244285247,47,0.2113540011925433,1,1.0053186809461299,Noise (HM.RMSE) | Noise (HM.MAE),Noise (LM.RMSE) | Noise (LM.MAE),0.5563919094963151,HM,MAE | AICc | nb.obs,2,2,0.9,0.9,0.1312784923481051,2,0.5,1,0.05,0.0057,60
78,T1_78,Mar_22_T1_78_BL60_stem,BL60,3/24/22,15:05:30,13:13:30,stem,alive,LARA,LGR,LGR3,B,B,NA,NA,0,17.8,31.4,32.6,24.9,NA,sediment,NA,2022-03-24T15:05:30.000000Z,2022-03-24,March_2022,70,29,277,418.99555555555554,107.68,794.9955555555555,0.07,0.029,0.4189955555555556,0.277,0.7949955555555555,10.395558771727893,454.3823870443981,1101.6479337476435,3.616008640800254,25.191292965070463,29.383127238814662,189.9756472957566,0.3760252490604933,3.6171720762441746,0.9769613586587421,1.4272017519100082e-15,16.73664237678639,398.5575792491511,1432.1857627981692,5.8217018229972455,6.411048199645213,11.846886183065719,158.71527953912826,0.8460570258798481,5.05511802685898,0.9962548495879642,0.005632297876213203,431.992,1056.16,0.005590027156602306,0.35,2.8748711091097574,19,10.331453259429297,1,1.6099800640157906,Noise (HM.RMSE) | Noise (HM.MAE) | Noise (HM.SE),Noise (LM.RMSE) | Noise (LM.MAE) | Noise (LM.SE),16.73664237678639,HM,SE | nb.obs,1,3,0.35,0.35,0.08029550685469661,2,0.5,1,0.05,0.0056,60,57.94066721086228,1656.3661280163476,5263.964186197115,20.154179095981938,35.560541612274726,52.06975852623934,211.7178687896424,0.6663533040310499,1.150061495850581,0.9976245863150615,5.8016577801882245e-24,59.03539683682695,1645.5780122416736,98627.76301572277,20.534971689603175,32.38796524103255,51.793535959601954,214.77289053497404,2.653942188808008,4.495510034672027,0.9976498644526993,2.1173962711673377e-4,1810.3400000000001,5232,0.014374355545548787,0.9,2.8748711091097574,19,22.39353232886882,1,1.0188939768674157,Noise (HM.RMSE) | Noise (HM.MAE) | Noise (HM.SE),Noise (LM.RMSE) | Noise (LM.MAE) | Noise (LM.SE),59.03539683682695,HM,SE | AICc | nb.obs,2,2,0.9,0.9,0.2064741604835056,2,0.5,1,0.05,0.014,60
79,T1_79,Mar_22_T1_79_BL60_stem,BL60,3/24/22,13:24:00,13:29:30,stem,alive,LARA,LGR,LGR3,B,B,NA,NA,50,8.6,29.7,33.4,NA,NA,sediment,NA,2022-03-24T13:24:00.000000Z,2022-03-24,March_2022,70,29,277,418.99555555555554,107.68,794.9955555555555,0.07,0.029,0.4189955555555556,0.277,0.7949955555555555,2.2404490505093206,809.1663903928215,1089.2866098538243,0.78245871357822006,14.189817360693892,16.25352430979432,318.0636468583009,0.07405644974746166,3.3054288706376265,0.9621156282178308,1.1052337962145066e-26,4.413604720017094,771.5078125577177,1146.6449238617831,1.5414157580071999,1.235612258923732,1.599682497916895,149.01703409280938,0.047658599223427196,1.079811225669584,0.9996330282895743,0.004108939669148898,775.995,1059.95,0.002791561735096412,0.35,2.863344751141748,37,2.2355963245091997,1,1.9699643332722745,Noise (HM.RMSE) | Noise (HM.MAE),Noise (LM.RMSE) | Noise (LM.MAE) | Noise (LM.SE) | Intercept (LM),4.413604720017094,HM,Intercept (LM) | nb.obs,0,4,0.35,0.35,0.05753964555687505,2,0.5,1,0.05,0.0028,60,0.003867003744092515,1829.8265328023404,1830.3100188861704,0.0013505197872350375,1.4407085854974706,1.72488117867552,152.07042848200572,0.007859130973332977,203.23567013192303,-0.021505441347743792,0.6257634651060222,NA,NA,NA,NA,NA,NA,NA,NA,NA,NA,NA,1831.48,1829.38,0.00717830160453363,0.9,2.863344751141748,37,0.001500577541372264,1,NA,HM.flux is NA,NA,0.003867003744092515,LM,HM.flux is NA,NA,NA,0.9,0.9,0.14795908857482157,2,0.5,1,0.05,0.0072,60
80,T1_80,Mar_22_T1_80_BL60_stem,BL60,3/24/22,13:35:30,13:40:30,stem,alive,LARA,LGR,LGR3,B,B,NA,NA,100,8,30.8,27.3,NA,NA,sediment,NA,2022-03-24T13:35:30.000000Z,2022-03-24,March_2022,70,29,277,418.99555555555554,107.68,794.9955555555555,0.07,0.029,0.4189955555555556,0.277,0.7949955555555555,2.737582686097495,701.7815611183306,1064.93618370999,0.9359655221434523,15.871345028254368,18.458114616661113,353.42207655638083,0.0763099097673549,2.7874924163893264,0.970565655456389,6.44293774620282e-31,5.031357858321591,658.6235360781036,1169.4998085425664,1.7201955246391487,1.200319102449177,1.4595789261375094,152.909778788662,0.03758121552018525,0.7469398237699981,0.9998159504072349,0.0033671470321785355,659.224,1032.19,0.0026316361131385117,0.35,2.9248755657453747,40,2.6741872061241496,1,1.8378834304705298,Noise (HM.RMSE) | Noise (HM.MAE),Noise (LM.RMSE) | Noise (LM.MAE) | Noise (LM.SE) | Intercept (LM),5.031357858321591,HM,Intercept (LM) | nb.obs,0,4,0.35,0.35,0.05533985905294663,2,0.5,1,0.05,0.0026,60,0.0418457204736977,1824.6037964684042,1830.1548495572754,0.014306837857915419,0.8773873728334252,1.0931389641213998,127.3060166194841,0.004519277155207754,10.799855048614504,0.6848133593708579,2.7708587070326465e-11,0.04196684383113617,1824.6010374308287,2541.793919333112,0.014348249314476853,0.877742699137167,1.0934623352567072,129.8058691057736,0.01797112096645384,42.82218848471195,0.684628435583633,2.0006123424453872e-5,1823.71,1831.1599999999999,0.006767064290927602,0.9,2.9248755657453747,40,0.01589648650879491,1,1.0028945219742267,Noise (HM.RMSE),Noise (LM.RMSE),0.04196684383113617,HM,AICc | Intercept | nb.obs,1,3,0.9,0.9,0.14230249470757705,2,0.5,1,0.05,0.0068,60
81,T1_81,Mar_22_T1_81_BL60_stem,BL60,3/24/22,14:00:00,14:05:00,stem,alive,RHMA,LGR,LGR3,B,B,NA,NA,0,9.5,35.4,33.9,29.6,NA,sediment,NA,2022-03-24T14:00:00.000000Z,2022-03-24,March_2022,70,29,277,418.99555555555554,107.68,794.9955555555555,0.07,0.029,0.4189955555555556,0.277,0.7949955555555555,7.914748424438316,786.627713668983,1391.7397121806225,2.7630684863545185,9.745837325915673,11.173125733919749,183.55585513832736,0.10596914203945393,1.3388820004973716,0.9960710598185996,5.809829203255038e-27,9.8190303863619,764.4844561409034,2463.2906753973316,3.4278604918563,1.9780125716718076,2.5117656161257123,117.85874792386943,0.10974805930527715,1.1177077062284198,0.9998014434278133,0.0020178054759869453,770.088,1366.35,0.004557123821896369,0.35,2.8644778309062895,23,7.894481389584339,1,1.2405991776117287,Noise (HM.RMSE) | Noise (HM.MAE) | Noise (HM.SE),Noise (LM.RMSE) | Noise (LM.MAE) | Noise (LM.SE),9.8190303863619,HM,nb.obs,0,4,0.35,0.35,0.07298004491997617,2,0.5,1,0.05,0.0046,60,2.4831361525983264,1941.5470476928228,2131.3920559353824,0.8668721837559795,4.300886476446857,5.271212898947353,148.99831285521822,0.04999370111024292,2.0133290338481866,0.9911575843092286,2.912067151893527e-23,2.6702310623795733,1939.301418673216,3333.255475184366,0.9321877214650117,4.457895855022669,5.136233358130479,150.7641148015507,0.20216109004493843,7.570921217011939,0.9916046403179043,6.687363310941054e-4,1947.46,2117.29,0.011718318399162094,0.9,2.8644778309062895,23,0.9631913152844215,1,1.0753462147395634,Noise (HM.RMSE) | Noise (HM.MAE),Noise (LM.RMSE) | Noise (LM.MAE),2.6702310623795733,HM,MAE | AICc | nb.obs,2,2,0.9,0.9,0.1876629726513673,2,0.5,1,0.05,0.012,60
82,T1_82,Mar_22_T1_82_BL60_stem,BL60,3/24/22,14:07:30,14:12:30,stem,alive,RHMA,LGR,LGR3,B,B,NA,NA,50,6.4,33.9,32.4,NA,NA,sediment,NA,2022-03-24T14:07:30.000000Z,2022-03-24,March_2022,70,29,277,418.99555555555554,107.68,794.9955555555555,0.07,0.029,0.4189955555555556,0.277,0.7949955555555555,7.38887614731754,600.7913498237049,1292.196927045947,2.5702809562165134,10.394286138453623,12.19882538550005,226.5355792241715,0.08556204837219435,1.1579846064040038,0.9963920726521261,1.668230171674272e-33,9.021870138078246,577.2707670284773,2644.55725687763,3.1383312621608104,3.7678999849540884,4.296553888388664,170.83723197899417,0.13774914295807072,1.5268357984524565,0.9995524286482317,0.0015180920871735635,586.117,1262.68,0.0037265080925857103,0.35,2.874734814280405,28,7.343659874904325,1,1.2210070866262317,Noise (HM.RMSE) | Noise (HM.MAE) | Noise (HM.SE),Noise (LM.RMSE) | Noise (LM.MAE) | Noise (LM.SE),9.021870138078246,HM,SE | nb.obs,1,3,0.35,0.35,0.06614378277661476,2,0.5,1,0.05,0.0037,60,4.183434113057426,1894.982807647205,2286.4428375679613,1.45524174691731,14.95818630671064,17.994931601875063,248.30560573150046,0.1262156936850727,3.0170355328682135,0.9759914426397243,8.446461670383697e-23,6.12579020006063,1868.038497397469,2588.6178045217903,2.1309061864177616,10.718609281554775,12.269660768575385,229.59894651683874,0.4494217431132167,7.336551341715369,0.9888382889558844,0.0029572125723700765,1887.09,2248.38,0.009582449380934685,0.9,2.874734814280405,28,1.6169352743525665,1,1.4642970426953015,Noise (HM.RMSE) | Noise (HM.MAE) | Noise (HM.SE),Noise (LM.RMSE) | Noise (LM.MAE),6.12579020006063,HM,SE | nb.obs,1,3,0.9,0.9,0.17008401285415226,2,0.5,1,0.05,0.0096,60
83,T1_83,Mar_22_T1_83_BL60_stem,BL60,3/24/22,14:39:00,12:44:00,stem,alive,RHMA,LGR,LGR3,RZ,NA,NA,NA,134,5.1,32.6,33.3,NA,NA,sediment,NA,2022-03-24T14:39:00.000000Z,2022-03-24,March_2022,70,29,277,NA,NA,NA,0.07,0.029,NA,0.277,NA,NA,NA,NA,NA,NA,NA,NA,NA,NA,NA,NA,NA,NA,NA,NA,NA,NA,NA,NA,NA,NA,NA,NA,NA,NA,NA,NA,NA,NA,NA,NA,NA,NA,NA,NA,NA,NA,NA,NA,NA,NA,NA,NA,NA,NA,NA,NA,NA,NA,NA,NA,NA,NA,NA,NA,NA,NA,NA,NA,NA,NA,NA,NA,NA,NA,NA,NA,NA,NA,NA,NA,NA,NA,NA,NA,NA,NA,NA,NA,NA,NA,NA,NA,NA,NA,NA,NA,NA,NA,NA,NA,NA,NA,NA
84,T1_84,Mar_22_T1_84_BL60_pneumatophore,BL60,3/24/22,16:41:33,NA,pneumatophore,alive,AVGE,LGR,LGR3,pneumataphore chamber,NA,NA,NA,NA,NA,NA,30.5,NA,NA,sediment,NA,2022-03-24T16:41:33.000000Z,2022-03-24,March_2022,70,29,277,NA,NA,NA,0.07,0.029,NA,0.277,NA,NA,NA,NA,NA,NA,NA,NA,NA,NA,NA,NA,NA,NA,NA,NA,NA,NA,NA,NA,NA,NA,NA,NA,NA,NA,NA,NA,NA,NA,NA,NA,NA,NA,NA,NA,NA,NA,NA,NA,NA,NA,NA,NA,NA,NA,NA,NA,NA,NA,NA,NA,NA,NA,NA,NA,NA,NA,NA,NA,NA,NA,NA,NA,NA,NA,NA,NA,NA,NA,NA,NA,NA,NA,NA,NA,NA,NA,NA,NA,NA,NA,NA,NA,NA,NA,NA,NA,NA,NA,NA,NA,NA,NA,NA
85,T1_85,Mar_22_T1_85_BL60_pneumatophore,BL60,3/24/22,NA,NA,pneumatophore,alive,AVGE,LGR,LGR3,pneumataphore chamber,NA,NA,NA,NA,NA,NA,NA,NA,NA,sediment,NA,NA,NA,March_2022,70,29,277,NA,NA,NA,0.07,0.029,NA,0.277,NA,NA,NA,NA,NA,NA,NA,NA,NA,NA,NA,NA,NA,NA,NA,NA,NA,NA,NA,NA,NA,NA,NA,NA,NA,NA,NA,NA,NA,NA,NA,NA,NA,NA,NA,NA,NA,NA,NA,NA,NA,NA,NA,NA,NA,NA,NA,NA,NA,NA,NA,NA,NA,NA,NA,NA,NA,NA,NA,NA,NA,NA,NA,NA,NA,NA,NA,NA,NA,NA,NA,NA,NA,NA,NA,NA,NA,NA,NA,NA,NA,NA,NA,NA,NA,NA,NA,NA,NA,NA,NA,NA,NA,NA,NA
86,T1_86,Mar_22_T1_86_BL60_pneumatophore,BL60,3/24/22,NA,NA,pneumatophore,alive,AVGE,LGR,LGR3,pneumataphore chamber,NA,NA,NA,NA,NA,NA,NA,NA,NA,NA,NA,NA,NA,March_2022,70,29,277,NA,NA,NA,0.07,0.029,NA,0.277,NA,NA,NA,NA,NA,NA,NA,NA,NA,NA,NA,NA,NA,NA,NA,NA,NA,NA,NA,NA,NA,NA,NA,NA,NA,NA,NA,NA,NA,NA,NA,NA,NA,NA,NA,NA,NA,NA,NA,NA,NA,NA,NA,NA,NA,NA,NA,NA,NA,NA,NA,NA,NA,NA,NA,NA,NA,NA,NA,NA,NA,NA,NA,NA,NA,NA,NA,NA,NA,NA,NA,NA,NA,NA,NA,NA,NA,NA,NA,NA,NA,NA,NA,NA,NA,NA,NA,NA,NA,NA,NA,NA,NA,NA,NA
