index,flux_id,date,plot,surface,collar_notes,collar_location_notes,chamber_id,soil_temp_c,water_temp_c,water_depth_cm,start_time,end_time,temp_start,temp_end,pressure_start,pressure_end,rh_start,rh_end,pneumatophore_count,notes_1,notes_2,...24,...25,...26,...27,...28,...29,datetime,date_only,air_temp,temp_source,date_parsed,year,month,time_period,Diameter_cm,Height_cm,Chamber_Volume_cm3,Chamber_Volume_L,Offset_cm,Collar_Volume_cm3,Collar_Volume_L,Chamber+Collar_Volume_L,Ground_Surface_Area_cm2,analyzer_cell_volume_cm3,tubing_volume_cm3,filter_volume_cm3,chamber_volume_L,chamber_volume_cm3,surface_area_cm2,analyzer_cell_volume_L,tubing_volume_L,filter_volume_L,total_system_volume_cm3,total_system_volume_L,CH4_LM.flux,CH4_LM.C0,CH4_LM.Ct,CH4_LM.slope,CH4_LM.MAE,CH4_LM.RMSE,CH4_LM.AICc,CH4_LM.SE,CH4_LM.se.rel,CH4_LM.r2,CH4_LM.p.val,CH4_HM.flux,CH4_HM.C0,CH4_HM.Ci,CH4_HM.slope,CH4_HM.MAE,CH4_HM.RMSE,CH4_HM.AICc,CH4_HM.SE,CH4_HM.se.rel,CH4_HM.r2,CH4_HM.k,CH4_C0,CH4_Ct,CH4_MDF,CH4_prec,CH4_flux.term,CH4_nb.obs,CH4_k.max,CH4_k.mult,CH4_g.fact,CH4_HM.diagnose,CH4_LM.diagnose,CH4_best.flux,CH4_model,CH4_quality.check,CH4_HM.score,CH4_LM.score,CH4_RMSE.lim,CH4_MAE.lim,CH4_SE.lim,CH4_g.limit,CH4_g.reverse,CH4_k.ratio.lim,CH4_p.val.lim,CH4_MDF.lim,CH4_warn.nb.obs,CO2_LM.flux,CO2_LM.C0,CO2_LM.Ct,CO2_LM.slope,CO2_LM.MAE,CO2_LM.RMSE,CO2_LM.AICc,CO2_LM.SE,CO2_LM.se.rel,CO2_LM.r2,CO2_LM.p.val,CO2_HM.flux,CO2_HM.C0,CO2_HM.Ci,CO2_HM.slope,CO2_HM.MAE,CO2_HM.RMSE,CO2_HM.AICc,CO2_HM.SE,CO2_HM.se.rel,CO2_HM.r2,CO2_HM.k,CO2_C0,CO2_Ct,CO2_MDF,CO2_prec,CO2_flux.term,CO2_nb.obs,CO2_k.max,CO2_k.mult,CO2_g.fact,CO2_HM.diagnose,CO2_LM.diagnose,CO2_best.flux,CO2_model,CO2_quality.check,CO2_HM.score,CO2_LM.score,CO2_RMSE.lim,CO2_MAE.lim,CO2_SE.lim,CO2_g.limit,CO2_g.reverse,CO2_k.ratio.lim,CO2_p.val.lim,CO2_MDF.lim,CO2_warn.nb.obs,processing_date,timestamp_correction,primary_gas,measurement_type,notes
1,44638_MI_Soil_1,3/18/22,MI,Soil,1,north of tree plot,Soil 8 in,26.5,NA,NA,13:30:00,13:44:00,NA,NA,NA,NA,NA,NA,NA,"system time 13:45:00, real time 15:50:00",NA,NA,NA,NA,NA,NA,NA,2022-03-18T13:30:00.000000Z,2022-03-18,25.6,Weather station,2022-03-18,2022,03,March_2022,19.38,9.68,1905.7,1.91,5,1621.5,1.62,3.53,324.3,35,29,277,3.53,3530,324.3,0.035,0.029,0.277,3871,3.871,4.960881291465231,2018.1136016453777,2800.653764021139,1.0189325030934393,8.338134747742343,9.728550655219665,1550.2105202906666,0.01519548817036444,0.30630622418857245,0.9980522543232649,9.858504307950186e-283,5.765868481854479,1998.2110915183234,4898.717036855633,1.1842715960228756,2.758966919148341,3.4310969602743757,1116.6562351504313,0.02314421671854011,0.4014003578364005,0.9997577287153949,4.0829828255537425e-4,2002.9722594,2783.8323129,6.331215250883186e-4,0.1,4.86870452792917,209,10.189325030934395,1,1.1622669729618726,Noise (HM.RMSE) | Noise (HM.MAE),Noise (LM.RMSE) | Noise (LM.MAE),5.765868481854479,HM,,0,4,0.1,0.1,0.006917144638660747,2,0.5,1,0.05,6.3e-4,60,2.233741859900476,468.36460647172777,820.719886723913,0.45879593782836614,3.515713455601198,4.060614158142644,1184.991089298779,0.006342467299727254,0.2839391343102574,0.9983258684364957,1.5466305465925328e-289,2.557681955629116,460.33018207791434,1891.3306612507263,0.5253311103512349,1.3564155633259478,1.6965983092976669,822.2777405914023,0.011315619538836407,0.4424169906634498,0.9997077434890839,3.671075712391808e-4,460.17214188,810.22309846,1.5828038127207965e-4,0.025,4.86870452792917,209,18.351837513134644,1,1.1450212764258594,Noise (HM.RMSE) | Noise (HM.MAE) | Noise (HM.SE),Noise (LM.RMSE) | Noise (LM.MAE) | Noise (LM.SE),2.557681955629116,HM,SE,1,3,0.025,0.025,0.0017292861596651867,2,0.5,1,0.05,1.6e-4,60,2025-09-08,-25220 seconds,CH4dry_ppb,soil water,"Timestamps corrected by -25220 seconds, CH4 focus, soil water measurements"
2,44638_MI_Soil_2,3/18/22,MI,Soil,2,north of tree plot,Soil 8 in,26.7,NA,NA,13:50:00,13:52:00,NA,NA,NA,NA,NA,NA,NA,red,NA,NA,NA,NA,NA,NA,NA,2022-03-18T13:50:00.000000Z,2022-03-18,25.6,Weather station,2022-03-18,2022,03,March_2022,19.38,9.68,1905.7,1.91,5,1621.5,1.62,3.53,324.3,35,29,277,3.53,3530,324.3,0.035,0.029,0.277,3871,3.871,6.633237688548143,1971.846179348241,2217.0928626476452,1.3624815738855782,3.405521218676839,3.7556401060915756,198.72800255761112,0.05934502590091963,0.8946615316284382,0.9972857437297357,3.812856199273688e-44,6.736417369503082,1971.213603223244,10024.7689665887,1.3836749067195877,3.42235386554764,3.7539608828375663,201.25583691636652,0.24143953253526243,3.584094026422719,0.9972882775589631,1.7180920032085946e-4,1972.1162951,2211.8091262,0.0026897774427630744,0.1,4.868497171401164,35,13.624815738855778,1,1.0155549500559993,Noise (HM.RMSE) | Noise (HM.MAE) | Noise (HM.SE),Noise (LM.RMSE) | Noise (LM.MAE) | Noise (LM.SE),6.736417369503082,HM,SE | AICc | nb.obs,2,2,0.1,0.1,0.016903085094570332,2,0.5,1,0.05,0.0027,60,3.9649796724387003,468.7862814875375,615.3810757150882,0.8144155234863926,2.1447129224524573,2.260811911456855,163.2005709864889,0.03572438722892971,0.9009979919255695,0.9972472631024275,4.809907116056626e-44,4.073303508391733,468.12928581407016,3285.0666411764205,0.8366654770427704,2.1443325682289793,2.239585736226168,165.09939432817941,0.14524460096383632,3.56576917640943,0.9972987099150192,2.9701245412862504e-4,470.46932886,615.0349748,6.724443606907686e-4,0.025,4.868497171401164,35,32.576620939455694,1,1.0273201491311574,Noise (HM.RMSE) | Noise (HM.MAE) | Noise (HM.SE),Noise (LM.RMSE) | Noise (LM.MAE) | Noise (LM.SE),4.073303508391733,HM,SE | AICc | nb.obs,2,2,0.025,0.025,0.004225771273642583,2,0.5,1,0.05,6.7e-4,60,2025-09-08,-25220 seconds,CH4dry_ppb,soil water,"Timestamps corrected by -25220 seconds, CH4 focus, soil water measurements"
3,44638_MI_Soil_3,3/18/22,MI,Soil,3,north of tree plot,Soil 8 in,27,NA,NA,13:54:00,13:56:00,NA,NA,NA,NA,NA,NA,NA,red,NA,NA,NA,NA,NA,NA,NA,2022-03-18T13:54:00.000000Z,2022-03-18,25.6,Weather station,2022-03-18,2022,03,March_2022,19.38,9.68,1905.7,1.91,5,1621.5,1.62,3.53,324.3,35,29,277,3.53,3530,324.3,0.035,0.029,0.277,3871,3.871,4.378176240115703,1977.0350172625485,2274.700175537295,0.8992905083829197,4.123051829558412,5.076886558156814,365.5854971454609,0.033592554647935126,0.767272782217816,0.9965969155856863,2.923538569428109e-72,5.154361486953451,1968.9265933284994,3010.2879969005694,1.0587212820535552,2.690943902171257,3.25707513536549,315.51337985888296,0.0952800109138823,1.8485317949672702,0.9985993379635917,0.0010166703686366112,1966.8957145,2261.4692768,0.0014664090979217403,0.1,4.868478205100177,59,8.992905083829196,1,1.1772850621511834,Noise (HM.RMSE) | Noise (HM.MAE) | Noise (HM.SE),Noise (LM.RMSE) | Noise (LM.MAE),5.154361486953451,HM,SE | nb.obs,1,3,0.1,0.1,0.013018891098082389,2,0.5,1,0.05,0.0015,60,3.206484294015497,473.42661085713496,691.4303189167236,0.658621474500268,2.714168633385941,3.328352917296598,315.76346289380365,0.022022922115969578,0.6868245747241806,0.9972713144157958,5.3959939447976775e-75,3.7351167514308954,467.89186680605746,1275.920293877596,0.767204164027687,1.876934519767206,1.9975030096680335,257.81944049309146,0.05797313561635251,1.5521104017469718,0.9990171898309606,9.494766994871616e-4,469.70012885,685.0253607,3.6660227448043507e-4,0.025,4.868478205100177,59,26.344858980010716,1,1.1648635729799224,Noise (HM.RMSE) | Noise (HM.MAE) | Noise (HM.SE),Noise (LM.RMSE) | Noise (LM.MAE) | Noise (LM.SE),3.7351167514308954,HM,SE | nb.obs,1,3,0.025,0.025,0.0032547227745205972,2,0.5,1,0.05,3.7e-4,60,2025-09-08,-25220 seconds,CH4dry_ppb,soil water,"Timestamps corrected by -25220 seconds, CH4 focus, soil water measurements"
4,44638_MI_Soil_4,3/18/22,MI,Soil,4,north of tree plot,Soil 8 in,27,NA,NA,14:00:00,14:02:00,NA,NA,NA,NA,NA,NA,NA,red,NA,NA,NA,NA,NA,NA,NA,2022-03-18T14:00:00.000000Z,2022-03-18,26.6,Weather station,2022-03-18,2022,03,March_2022,19.38,9.68,1905.7,1.91,5,1621.5,1.62,3.53,324.3,35,29,277,3.53,3530,324.3,0.035,0.029,0.277,3871,3.871,5.60362420217869,1940.16682636498,2555.734442941575,1.15491110051894,9.301362605502565,10.672043406881844,748.4222727362437,0.0341565179591657,0.6095433370761308,0.9964088409133655,2.216510087878832e-119,5.638530164549983,1939.5040321929287,46432.20627856828,1.1621052452300056,9.55312712562554,10.932924598485677,755.3307130157106,0.14025300714834452,2.4874036859841517,0.9962326483347089,2.611900798461118e-5,1958.0343324,2561.7503059,9.086135094310153e-4,0.1,4.851996140361622,98,11.549111005189399,1,1.006229176174541,Noise (HM.RMSE) | Noise (HM.MAE) | Noise (HM.SE),Noise (LM.RMSE) | Noise (LM.MAE),5.60362420217869,LM,RMSE | MAE | SE | AICc,4,0,0.1,0.1,0.010101525445522109,2,0.5,1,0.05,9.1e-4,60,2.284756627090878,462.82612988942776,713.8105179661826,0.4708900339151123,2.3874776830963267,3.0395127939411575,502.25993019203116,0.00972814384042118,0.42578468643322315,0.9982445169446078,2.661081181977202e-134,2.589754113433802,457.37211129895013,1582.3730069007102,0.5337502418624732,1.5329344950385282,1.8456591067941388,406.65800485288497,0.025859481374267464,0.9985303716722321,0.9993527207720599,4.7444428173274615e-4,459.24969739,703.75191611,2.2715337735775383e-4,0.025,4.851996140361622,98,18.835601356604492,1,1.1334923303105895,Noise (HM.RMSE) | Noise (HM.MAE) | Noise (HM.SE),Noise (LM.RMSE) | Noise (LM.MAE) | Noise (LM.SE),2.589754113433802,HM,SE,1,3,0.025,0.025,0.0025253813613805272,2,0.5,1,0.05,2.3e-4,60,2025-09-08,-25220 seconds,CH4dry_ppb,soil water,"Timestamps corrected by -25220 seconds, CH4 focus, soil water measurements"
5,44638_MI_Soil_5,3/18/22,MI,Soil,5,north of tree plot,Soil 8 in,26.6,NA,NA,14:12:00,14:14:00,NA,NA,NA,NA,NA,NA,NA,red,NA,NA,NA,NA,NA,NA,NA,2022-03-18T14:12:00.000000Z,2022-03-18,26.6,Weather station,2022-03-18,2022,03,March_2022,19.38,9.68,1905.7,1.91,5,1621.5,1.62,3.53,324.3,35,29,277,3.53,3530,324.3,0.035,0.029,0.277,3871,3.871,2.5358229265805137,1960.3319263785108,2068.0325985844693,0.5228187971163032,1.8858473931652384,2.3218282324608435,187.57014184926035,0.030109106601432928,1.1873505159145405,0.994531072897847,8.243180483145801e-45,2.5602344708408724,1960.1603996453314,7308.4797041308575,0.527851803984477,1.8977190430052246,2.3426989383480237,190.76223237362834,0.12091801781943609,4.722927497328879,0.9944331077165803,9.869489346714555e-5,1960.8223103999999,2067.0341717,0.0023431353979409776,0.1,4.850290273737823,40,5.228187971163032,1,1.0096266754292962,Noise (HM.RMSE) | Noise (HM.MAE) | Noise (HM.SE),Noise (LM.RMSE) | Noise (LM.MAE),2.5602344708408724,HM,SE | AICc | nb.obs,2,2,0.1,0.1,0.015811388300841896,2,0.5,1,0.05,0.0023,60,2.536275641407475,460.60568382146664,568.3255835888885,0.5229121347933104,1.2946259627977255,1.3981743436077942,146.99513695029137,0.01813130694618937,0.7148791972834476,0.9980107590384902,3.7180298989285285e-53,2.57140449901637,460.36171914502387,4319.095569814701,0.5301547647445738,1.295116324152724,1.4123703611532628,150.27949180818607,0.07311202409486436,2.843271998739663,0.9979704698308228,1.373908606452778e-4,459.99259793,569.18514504,5.857838494852444e-4,0.025,4.850290273737823,40,20.916485391732415,1,1.0138505677519343,Noise (HM.RMSE) | Noise (HM.MAE) | Noise (HM.SE),Noise (LM.RMSE) | Noise (LM.MAE) | Noise (LM.SE),2.536275641407475,LM,RMSE | SE | AICc | nb.obs,3,1,0.025,0.025,0.003952847075210474,2,0.5,1,0.05,5.9e-4,60,2025-09-08,-25220 seconds,CH4dry_ppb,soil water,"Timestamps corrected by -25220 seconds, CH4 focus, soil water measurements"
6,44638_MI_Soil_6,3/18/22,MI,Soil,6,north of tree plot,Soil 8 in,27.6,NA,NA,14:16:00,14:18:30,NA,NA,NA,NA,NA,NA,NA,white,NA,NA,NA,NA,NA,NA,NA,2022-03-18T14:16:00.000000Z,2022-03-18,26.6,Weather station,2022-03-18,2022,03,March_2022,19.38,9.68,1905.7,1.91,5,1621.5,1.62,3.53,324.3,35,29,277,3.53,3530,324.3,0.035,0.029,0.277,3871,3.871,2.7081703260766594,1946.3298385760656,2060.2704207804823,0.5585322657079255,1.8070755405513605,2.1342237180961674,159.16709964640876,0.02974659880943719,1.0984020658896756,0.9959142115099591,3.2533953202395664e-41,2.7865183171113186,1945.8052274487607,3984.3043663192643,0.5746907327455758,1.777175352950722,2.1183328221821465,161.20308688487742,0.11903014832429354,4.27164420895276,0.9959748285151714,2.819185555624035e-4,1944.5929513,2055.3198132,0.002365232551019667,0.1,4.848726729590317,35,5.585322657079254,1,1.0289302302297072,Noise (HM.RMSE) | Noise (HM.MAE) | Noise (HM.SE),Noise (LM.RMSE) | Noise (LM.MAE),2.7865183171113186,HM,SE | AICc | nb.obs,2,2,0.1,0.1,0.016903085094570332,2,0.5,1,0.05,0.0024,60,3.8573810484572153,452.8765677417157,615.1677789751769,0.7955451531052022,2.3034908053958394,2.6191004980423265,173.49805649539348,0.036504763346160304,0.94636134951616,0.9969639340357913,2.422202099343748e-43,4.087831362644475,451.3429283812209,1916.4692342965407,0.8430731593301954,2.3134345001921086,2.509051986694741,173.05237976552553,0.14408636458852364,3.5247629318865097,0.9972137107679374,5.754269484660545e-4,454.45465258,615.09390404,5.913081377549168e-4,0.025,4.848726729590317,35,31.821806124208088,1,1.0597426884438679,Noise (HM.RMSE) | Noise (HM.MAE) | Noise (HM.SE),Noise (LM.RMSE) | Noise (LM.MAE) | Noise (LM.SE),4.087831362644475,HM,MAE | SE | nb.obs,2,2,0.025,0.025,0.004225771273642583,2,0.5,1,0.05,5.9e-4,60,2025-09-08,-25220 seconds,CH4dry_ppb,soil water,"Timestamps corrected by -25220 seconds, CH4 focus, soil water measurements"
7,44638_MI_Soil_7,3/18/22,MI,Soil,7,north of tree plot,Soil 8 in,27.5,NA,NA,14:23:00,14:25:00,NA,NA,NA,NA,NA,NA,NA,white,NA,NA,NA,NA,NA,NA,NA,2022-03-18T14:23:00.000000Z,2022-03-18,26.6,Weather station,2022-03-18,2022,03,March_2022,19.38,9.68,1905.7,1.91,5,1621.5,1.62,3.53,324.3,35,29,277,3.53,3530,324.3,0.035,0.029,0.277,3871,3.871,1.8606828567793952,1979.3771814609618,2146.3801478814185,0.38391486533438374,2.03303480222828,2.6144158849458528,301.53121822025287,0.012835101092135814,0.6898059519047613,0.9971056867655754,4.39200078213222e-78,2.0633654331060276,1976.5461266549935,2848.875134180058,0.4257343799886699,1.8081895814393316,2.225368141283698,283.84050498071366,0.046029941018932506,2.230818655793931,0.9979029928274102,4.8804336014979683e-4,1976.374733,2144.0377860000003,0.0011116061440935275,0.1,4.84660278824778,62,3.8391486533438375,1,1.108929136197584,Noise (HM.RMSE) | Noise (HM.MAE),Noise (LM.RMSE) | Noise (LM.MAE),2.0633654331060276,HM,,0,4,0.1,0.1,0.01270001270001905,2,0.5,1,0.05,0.0011,60,4.815248416921646,559.0348252869513,991.2206578953217,0.9935306496744146,8.361959433238772,9.826273998302604,465.709588700872,0.048240687663145765,1.0018317537599792,0.9939142808761724,2.1199036266814605e-68,6.251040791675387,539.6467104308815,1568.2648245500707,1.2897778226912138,3.4786184293518527,3.700844614422827,346.91170490656725,0.08613341642212734,1.3779052047913782,0.9991367514324001,0.0012538937483087755,543.97717131,970.26149899,2.7790153602338187e-4,0.025,4.84660278824778,62,39.74122598697659,1,1.2981761791786504,Noise (HM.RMSE) | Noise (HM.MAE) | Noise (HM.SE),Noise (LM.RMSE) | Noise (LM.MAE) | Noise (LM.SE),6.251040791675387,HM,SE,1,3,0.025,0.025,0.0031750031750047624,2,0.5,1,0.05,2.8e-4,60,2025-09-08,-25220 seconds,CH4dry_ppb,soil water,"Timestamps corrected by -25220 seconds, CH4 focus, soil water measurements"
8,44638_MI_Soil_8,3/18/22,MI,Soil,8,north of tree plot,Soil 8 in,27.6,NA,NA,14:34:00,14:36:00,NA,NA,NA,NA,NA,NA,NA,white,NA,NA,NA,NA,NA,NA,NA,2022-03-18T14:34:00.000000Z,2022-03-18,26.6,Weather station,2022-03-18,2022,03,March_2022,19.38,9.68,1905.7,1.91,5,1621.5,1.62,3.53,324.3,35,29,277,3.53,3530,324.3,0.035,0.029,0.277,3871,3.871,1.211344140250755,1995.2371452665138,2056.7559296263425,0.250076359186295,2.769778553344218,3.22773840239587,193.28185729284974,0.03672600545959437,3.031839114852356,0.9688028337370062,2.114737201519152e-27,1.9011447860968897,1990.113780418384,2091.7216802098033,0.3924824916350368,1.9827272844848443,2.367133849806381,173.49484813156155,0.14953672541612867,7.865614786927002,0.9832210754754482,0.0038627163088768225,1990.2783296999999,2056.6176482,0.0019610919258510077,0.1,4.843897056851988,36,2.5007635918629494,1,1.5694505986575724,Noise (HM.RMSE) | Noise (HM.MAE) | Noise (HM.SE),Noise (LM.RMSE) | Noise (LM.MAE),1.9011447860968897,HM,SE | nb.obs,1,3,0.1,0.1,0.016666666666666666,2,0.5,1,0.05,0.002,60,3.7486374609910738,553.7325176531815,744.1091512976446,0.7738887546522891,4.7631611894378585,5.873677739442131,236.38820416394077,0.06683215732927059,1.7828386453674647,0.9889941417375896,4.254053513413288e-35,5.137818117655721,543.0704428416739,942.478417216123,1.0606786348582622,2.873949068692942,3.38406596859311,199.22750835035458,0.19339400695757264,3.764127155318886,0.9963467337376506,0.002655627085361758,544.73860233,736.4194176,4.902729814627519e-4,0.025,4.843897056851988,36,30.95555018609156,1,1.3705828240582572,Noise (HM.RMSE) | Noise (HM.MAE) | Noise (HM.SE),Noise (LM.RMSE) | Noise (LM.MAE) | Noise (LM.SE),5.137818117655721,HM,SE | nb.obs,1,3,0.025,0.025,0.004166666666666667,2,0.5,1,0.05,4.9e-4,60,2025-09-08,-25220 seconds,CH4dry_ppb,soil water,"Timestamps corrected by -25220 seconds, CH4 focus, soil water measurements"
9,44638_MI_Soil_9,3/18/22,MI,Soil,9,north of tree plot,Soil 8 in,28.1,NA,NA,14:39:00,14:41:00,NA,NA,NA,NA,NA,NA,NA,white,NA,NA,NA,NA,NA,NA,NA,2022-03-18T14:39:00.000000Z,2022-03-18,26.6,Weather station,2022-03-18,2022,03,March_2022,19.38,9.68,1905.7,1.91,5,1621.5,1.62,3.53,324.3,35,29,277,3.53,3530,324.3,0.035,0.029,0.277,3871,3.871,2.1927661075778735,1971.1603538959087,2032.7505232316903,0.4528688921748658,2.291928144778503,2.7329333468707935,99.7239339603383,0.07835585858938761,3.573379683250367,0.9775040548940918,1.1651625787605371e-15,2.1996716826569718,1971.126907211259,9240.911817530274,0.4542950908583889,2.3045461703926726,2.746626491675803,103.17099739543139,0.30581982281877723,13.9029758499859,0.9772808857970313,6.249085722103619e-5,1974.7226966,2034.9057683999997,0.003534266164595744,0.1,4.841944645496169,19,4.528688921748658,1,1.0031492529254413,Noise (HM.RMSE) | Noise (HM.MAE) | Noise (HM.SE),Noise (LM.RMSE) | Noise (LM.MAE) | Noise (LM.SE),2.1996716826569718,HM,SE | AICc | nb.obs,2,2,0.1,0.1,0.022941573387056175,2,0.5,1,0.05,0.0035,60,5.256588298575752,519.4461468785437,667.092611459934,1.0856357689808107,3.9672513773283886,4.64077017911184,119.84511715675131,0.13305539716754963,2.53121206398455,0.9885915993755006,3.612820106343173e-18,5.2909131073767,519.2918608098314,10734.802578446808,1.0927248233409996,3.9562163296673374,4.670878442493742,123.34799909667433,0.5209535765992007,9.84619414506877,0.9884442413153524,1.0696722401303159e-4,517.09812898,665.18893659,8.83566541148936e-4,0.025,4.841944645496169,19,43.42543075923243,1,1.006529864400879,Noise (HM.RMSE) | Noise (HM.MAE) | Noise (HM.SE),Noise (LM.RMSE) | Noise (LM.MAE) | Noise (LM.SE),5.256588298575752,LM,RMSE | SE | AICc | nb.obs,3,1,0.025,0.025,0.005735393346764044,2,0.5,1,0.05,8.8e-4,60,2025-09-08,-25220 seconds,CH4dry_ppb,soil water,"Timestamps corrected by -25220 seconds, CH4 focus, soil water measurements"
10,44638_MI_Soil_10,3/18/22,MI,Soil,10,north of tree plot,Soil 8 in,27.6,NA,NA,14:44:00,14:46:00,NA,NA,NA,NA,NA,NA,NA,white,NA,NA,NA,NA,NA,NA,NA,2022-03-18T14:44:00.000000Z,2022-03-18,26.6,Weather station,2022-03-18,2022,03,March_2022,19.38,9.68,1905.7,1.91,5,1621.5,1.62,3.53,324.3,35,29,277,3.53,3530,324.3,0.035,0.029,0.277,3871,3.871,2.20537897887969,1952.4206137294939,2049.9079099502737,0.4555481131812142,2.7536158391853127,3.236481127889812,167.68125136122987,0.04592286552490014,2.0823117461756384,0.9871534721300521,3.415401146189846e-29,2.233935798385401,1952.2124126909564,5686.516610574649,0.46144687496722325,2.7588719102135832,3.243531710387435,170.46574235070824,0.18299632146852116,8.19165535557394,0.9870978365078229,1.235697068355424e-4,1951.7591293,2047.2225595000002,0.0022516999520249678,0.1,4.841154896853681,31,4.555481131812142,1,1.0129487130235628,Noise (HM.RMSE) | Noise (HM.MAE) | Noise (HM.SE),Noise (LM.RMSE) | Noise (LM.MAE),2.233935798385401,HM,SE | AICc | nb.obs,2,2,0.1,0.1,0.01796053020267749,2,0.5,1,0.05,0.0023,60,3.648627774408698,452.9542126145266,614.2393522887221,0.753668876982222,2.8647566590102578,3.315492925976374,169.1766690561362,0.04704397454269775,1.2893607529017335,0.9950365759631431,3.4939567374535784e-35,4.196859358300208,449.1122633431828,1103.6481760377176,0.866912843674511,2.5664460215630043,2.7627466839490387,160.51862293043274,0.1709957332181237,4.074373683262514,0.9965535871496478,0.00132446948572414,449.2633139,606.9877176,5.629249880062419e-4,0.025,4.841154896853681,31,30.146755079288877,1,1.1502569233663078,Noise (HM.RMSE) | Noise (HM.MAE) | Noise (HM.SE),Noise (LM.RMSE) | Noise (LM.MAE) | Noise (LM.SE),4.196859358300208,HM,SE | nb.obs,1,3,0.025,0.025,0.004490132550669373,2,0.5,1,0.05,5.6e-4,60,2025-09-08,-25220 seconds,CH4dry_ppb,soil water,"Timestamps corrected by -25220 seconds, CH4 focus, soil water measurements"
41,44851_SRS6_Soil_41,10/17/22,SRS6,Soil,9,white mangrive by pink tape,Soil 6 in,27.2,NA,0.7,08:55:47,08:59:00,NA,NA,NA,NA,NA,NA,NA,NA,NA,NA,NA,NA,NA,NA,NA,2022-10-17T08:55:47.000000Z,2022-10-17,27.1,Tree same-day,2022-10-17,2022,10,Oct_2022,14.3,7.14,765.6,0.77,5,912.1,0.91,1.68,182.4,35,29,849,1.68,1680,182.4,0.035,0.029,0.849,2593,2.593,7.151524882312733,2027.522956638805,2264.242301496226,1.239368297682832,4.455237394940858,5.431021674966859,398.40107086686777,0.07144309948241541,0.9989911334729413,0.993849942513982,2.2604743049682633e-69,7.191500152430889,2027.2991990288072,20627.95104949116,1.2462960625009736,4.52454782929807,5.513629685750036,402.5860274367198,0.28967658348923875,4.028041122843077,0.9936630568093934,6.700281648839069e-5,2038.0406167,2272.5644616,0.0030053637404112627,0.1,5.770298381589624,63,12.39368297682832,1,1.0055897547412613,Noise (HM.RMSE) | Noise (HM.MAE) | Noise (HM.SE),Noise (LM.RMSE) | Noise (LM.MAE) | Noise (LM.SE),7.151524882312733,LM,RMSE | SE | AICc,3,1,0.1,0.1,0.01259881576697424,2,0.5,1,0.05,0.003,60,4.2018318025866765,683.6122287897998,822.6951359847941,0.7281827601832159,52.97827097624914,59.8244701975787,700.7112968583468,0.786968977772397,18.729188000527138,0.3073220945625995,1.455671304428508e-6,40.45427049164108,556.9922876447824,797.8299172298169,7.010776188058508,33.728062945825705,39.71031989987564,651.3589090838273,10.007603632903852,24.738064761226347,0.6948029130983605,0.029109970066297952,608.64614463,700.05068247,7.513409351028157e-4,0.025,5.770298381589624,63,29.127310407328636,1,9.627770075598256,Noise (HM.RMSE) | Noise (HM.MAE) | Noise (HM.SE) | Exaggerated curvature (g-fact),Noise (LM.RMSE) | Noise (LM.MAE) | Noise (LM.SE),4.2018318025866765,LM,SE | g-fact. > 2 | Intercept,1,3,0.025,0.025,0.00314970394174356,2,0.5,1,0.05,7.5e-4,60,2025-09-08,-25220 seconds,CH4dry_ppb,soil water,"Timestamps corrected by -25220 seconds, CH4 focus, soil water measurements"
42,44851_SRS6_Soil_42,10/17/22,SRS6,Soil,4,red mangrove by pink tape,Soil 6 in,27.1,NA,0,09:09:00,09:12:10,NA,NA,NA,NA,NA,NA,NA,NA,NA,NA,NA,NA,NA,NA,NA,2022-10-17T09:09:00.000000Z,2022-10-17,27.1,Tree same-day,2022-10-17,2022,10,Oct_2022,14.3,7.14,765.6,0.77,5,912.1,0.91,1.68,182.4,35,29,849,1.68,1680,182.4,0.035,0.029,0.849,2593,2.593,1.3497660905160438,2081.7008628431727,2123.8053114106497,0.2339136031526511,1.8708446807490506,2.514226305996437,296.68584664801136,0.03553820199013884,2.6329156021805113,0.9594019273417788,1.1466164164033163e-43,2.035208082792962,2078.478641445945,2152.4369473779147,0.35270026351713435,1.6420793984759199,2.11821265655926,277.7211406765292,0.161312509646734,7.926094192067142,0.97118386024594,0.004768906738366399,2072.8606691,2120.9361727,0.0031880451234185376,0.1,5.770361673387552,62,2.339136031526511,1,1.5078227976633045,Noise (HM.RMSE) | Noise (HM.MAE) | Noise (HM.SE),Noise (LM.RMSE) | Noise (LM.MAE),2.035208082792962,HM,SE | Intercept,1,3,0.1,0.1,0.01270001270001905,2,0.5,1,0.05,0.0032,60,-0.7386821004682439,510.0948306148554,487.0524659226217,-0.12801313717907611,0.8347016828326437,1.0266709705958597,185.6260372763066,0.014511836203220097,-1.964557716238308,0.9769899731793081,4.5500925188297e-51,-0.7551127053345628,510.1706708068382,0,-0.1308605505296284,0.8586182380479028,1.049213470286638,190.60719264008927,0.05993306666468586,-7.936969705486775,0.9759687087705847,2.565034762242831e-4,508.05548546,486.77943223,7.970112808546344e-4,0.025,5.770361673387552,62,5.120525487163044,1,1.0222431338946802,Noise (HM.RMSE) | Noise (HM.MAE) | Noise (HM.SE),Noise (LM.RMSE) | Noise (LM.MAE) | Noise (LM.SE),-0.7386821004682439,LM,RMSE | MAE | SE | AICc,4,0,0.025,0.025,0.0031750031750047624,2,0.5,1,0.05,8e-4,60,2025-09-08,-25220 seconds,CH4dry_ppb,soil water,"Timestamps corrected by -25220 seconds, CH4 focus, soil water measurements"
43,44851_SRS6_Soil_43,10/17/22,SRS6,Soil,8,red mangrove by pink tape,Soil 6 in,27,NA,0.5,09:18:18,09:21:18,NA,NA,NA,NA,NA,NA,NA,NA,NA,NA,NA,NA,NA,NA,NA,2022-10-17T09:18:18.000000Z,2022-10-17,27.1,Tree same-day,2022-10-17,2022,10,Oct_2022,14.3,7.14,765.6,0.77,5,912.1,0.91,1.68,182.4,35,29,849,1.68,1680,182.4,0.035,0.029,0.849,2593,2.593,8.34793115060769,2044.1351685040129,2291.51699517222,1.4466773489368836,7.689768179252963,8.758171663987094,429.92959649742903,0.13368714852069022,1.6014404779914653,0.9853395645987295,3.5080280673028913e-54,12.170748828746305,2026.7574994783236,2488.6079212241148,2.1091628970688943,3.8934625843320823,4.740553684630475,359.801652577544,0.38214238899520225,3.1398428672902483,0.9957048523246539,0.004566766203430699,2035.4215769000002,2282.8958985,0.0033548934369804066,0.1,5.770416711606299,59,14.466773489368837,1,1.4579359375598504,Noise (HM.RMSE) | Noise (HM.MAE) | Noise (HM.SE),Noise (LM.RMSE) | Noise (LM.MAE) | Noise (LM.SE),12.170748828746305,HM,SE | nb.obs,1,3,0.1,0.1,0.013018891098082389,2,0.5,1,0.05,0.0034,60,8.5926135798603,719.7884613056228,974.4211846582999,1.4890802535244272,72.14931300679918,81.61090189609484,693.3027274107649,1.2457313217041757,14.497699799092198,0.4453875200340355,4.711207713089611e-9,65.2871306383651,534.9680190195752,927.5208518019805,11.314110210974912,42.21100555635616,49.24302138516371,635.9940715170442,12.756693424266963,19.53936909086745,0.798078451990406,0.02882187890679775,612.87667582,807.53612844,8.387233592451016e-4,0.025,5.770416711606299,59,59.5632101409771,1,7.598052679965453,Noise (HM.RMSE) | Noise (HM.MAE) | Noise (HM.SE) | Exaggerated curvature (g-fact),Noise (LM.RMSE) | Noise (LM.MAE) | Noise (LM.SE),8.5926135798603,LM,SE | g-fact. > 2 | Intercept | nb.obs,1,3,0.025,0.025,0.0032547227745205972,2,0.5,1,0.05,8.4e-4,60,2025-09-08,-25220 seconds,CH4dry_ppb,soil water,"Timestamps corrected by -25220 seconds, CH4 focus, soil water measurements"
44,44851_SRS6_Soil_44,10/17/22,SRS6,Soil,6,red mangrove sol,Soil 6 in,27.2,NA,0,09:44:10,09:47:10,NA,NA,NA,NA,NA,NA,NA,NA,NA,NA,NA,NA,NA,NA,NA,2022-10-17T09:44:10.000000Z,2022-10-17,27.1,Tree same-day,2022-10-17,2022,10,Oct_2022,14.3,7.14,765.6,0.77,5,912.1,0.91,1.68,182.4,35,29,849,1.68,1680,182.4,0.035,0.029,0.849,2593,2.593,11.459047292477305,4081.8024784276486,4276.416099666118,1.9858532779435631,6.565350397508624,7.994303926810698,237.6736618079348,0.2835615867751313,2.474565114687024,0.9807699256915166,2.210944732119399e-28,15.478073711098492,4071.551727512285,4493.092703972728,2.6823506903244514,5.067753696121269,6.476377279923265,226.3771599112635,1.1374506025322626,7.348786572302328,0.9873792857711741,0.0063632027255034,4067.9754608999997,4262.6807855,0.0058286255955992735,0.1,5.7703393396432805,33,19.85853277943563,1,1.3507295428704287,Noise (HM.RMSE) | Noise (HM.MAE) | Noise (HM.SE),Noise (LM.RMSE) | Noise (LM.MAE) | Noise (LM.SE),15.478073711098492,HM,SE | nb.obs,1,3,0.1,0.1,0.017407765595569787,2,0.5,1,0.05,0.0058,60,1.690946767588098,472.9478803073789,501.6659111665273,0.2930411312157998,1.1203102730075054,1.4580967288840687,125.36823974363423,0.05171935241633299,3.058603227948063,0.9709075258559583,1.359772224573307e-25,2.4290129700398726,471.0867318081272,525.6670728066726,0.4209480287150726,0.8799241850849705,1.164295805553224,113.11820002349062,0.21394479561555288,8.807890211143704,0.9814503956236282,0.007712447760747604,473.28740316,500.51557083,0.0014571563988998184,0.025,5.7703393396432805,33,11.72164524863199,1,1.4364810392609366,Noise (HM.RMSE) | Noise (HM.MAE) | Noise (HM.SE),Noise (LM.RMSE) | Noise (LM.MAE) | Noise (LM.SE),2.4290129700398726,HM,SE | nb.obs,1,3,0.025,0.025,0.004351941398892447,2,0.5,1,0.05,0.0015,60,2025-09-08,-25220 seconds,CH4dry_ppb,soil water,"Timestamps corrected by -25220 seconds, CH4 focus, soil water measurements"
45,44851_SRS6_Soil_45,10/17/22,SRS6,Soil,7,by red mangrove sol and dead white mangrove,Soil 6 in,27.1,NA,0,09:50:30,09:53:30,NA,NA,NA,NA,NA,NA,NA,NA,NA,NA,NA,NA,NA,NA,NA,2022-10-17T09:50:30.000000Z,2022-10-17,27.1,Tree same-day,2022-10-17,2022,10,Oct_2022,14.3,7.14,765.6,0.77,5,912.1,0.91,1.68,182.4,35,29,849,1.68,1680,182.4,0.035,0.029,0.849,2593,2.593,11.601727548163938,2172.3721231344375,2528.239075241453,2.0105477520170374,4.877774434207908,6.235992610964054,383.36049518639527,0.0924222500697096,0.7966248964735957,0.9963955253840445,2.5292692348596385e-70,11.77509475300089,2171.5067003283975,14132.653040777772,2.040591815930051,4.8111285454182555,6.236056892369039,385.6719634596737,0.36947527918867495,3.1377690535739764,0.9963955438690786,1.706016930023939e-4,2190.8555381,2525.5642912999997,0.0032418153006919517,0.1,5.770431235231674,58,20.10547752017037,1,1.0149432232499191,Noise (HM.RMSE) | Noise (HM.MAE) | Noise (HM.SE),Noise (LM.RMSE) | Noise (LM.MAE) | Noise (LM.SE),11.77509475300089,HM,SE | AICc | nb.obs,2,2,0.1,0.1,0.013130643285972255,2,0.5,1,0.05,0.0032,60,0.1743764850326882,542.9080100014227,548.2567675886096,0.030218969419135152,12.912309710031687,14.619964459324079,482.19832500547,0.21667921942277976,124.25942602419218,-0.006220004484033481,0.42435723809362436,12.529337479311053,509.06590794170273,550.4236238313952,2.1713000239587847,9.693336939051566,11.438712668138223,456.04398710373744,6.012262707592119,47.98547981902323,0.38403701447439553,0.05250048212889671,518.86664645,526.2781259,8.104538251729879e-4,0.025,5.770431235231674,58,1.2087587767654058,1,71.85221950633041,Noise (HM.RMSE) | Noise (HM.MAE) | Noise (HM.SE) | Exaggerated curvature (g-fact),Noise (LM.RMSE) | Noise (LM.MAE) | Noise (LM.SE) | No detect. flux (p-val.),0.1743764850326882,LM,SE | g-fact. > 2 | p-value | Intercept | nb.obs,1,3,0.025,0.025,0.003282660821493064,2,0.5,1,0.05,8.1e-4,60,2025-09-08,-25220 seconds,CH4dry_ppb,soil water,"Timestamps corrected by -25220 seconds, CH4 focus, soil water measurements"
46,44851_SRS6_Soil_46,10/17/22,SRS6,Soil,3,by dead white,Soil 6 in,27,NA,0,11:51:35,11:55:35,NA,NA,NA,NA,NA,NA,NA,NA,NA,NA,NA,NA,NA,NA,NA,2022-10-17T11:51:35.000000Z,2022-10-17,26.1,Tree 30min,2022-10-17,2022,10,Oct_2022,14.3,7.14,765.6,0.77,5,912.1,0.91,1.68,182.4,35,29,849,1.68,1680,182.4,0.035,0.029,0.849,2593,2.593,3.218737267115902,2723.7125137761295,2851.0276689723764,0.5559613764028243,3.3304506868740407,4.285199638080575,202.23918584239976,0.06377919247325643,1.9814973133984546,0.9872038795851037,4.4458351282513467e-32,3.2471965271574565,2723.5367270459674,9787.763085158405,0.5608770461425561,3.3343125023981,4.302600294302297,205.094060651158,0.2561631236151648,7.8887471538227425,0.9870998275232332,7.939681115943493e-5,2737.1741558,2855.4388672,0.0025171730359351214,0.1,5.789497982650779,34,5.559613764028244,1,1.0088417468341724,Noise (HM.RMSE) | Noise (HM.MAE) | Noise (HM.SE),Noise (LM.RMSE) | Noise (LM.MAE) | Noise (LM.SE),3.2471965271574565,HM,SE | AICc | Intercept | nb.obs,2,2,0.1,0.1,0.017149858514250885,2,0.5,1,0.05,0.0025,60,-2.287026507731915,576.4074799225311,485.945565635653,-0.39503019339248086,15.199642750474663,17.79247152430145,299.0445488014158,0.2648160089996759,-11.579052892670608,0.6903891670238167,7.201159752006314e-10,-2.4873934719931543,577.640275023838,0,-0.429638887421164,15.123676597247742,17.77830151197469,301.5696820335779,1.1179332120366587,-44.94396341487767,0.6908821316013636,7.437827762328964e-4,537.09495999,507.71565633,6.292932589837803e-4,0.025,5.789497982650779,34,15.801207735699236,1,1.0876102500709302,Noise (HM.RMSE) | Noise (HM.MAE) | Noise (HM.SE),Noise (LM.RMSE) | Noise (LM.MAE) | Noise (LM.SE),-2.4873934719931543,HM,SE | AICc | Intercept | nb.obs,2,2,0.025,0.025,0.004287464628562721,2,0.5,1,0.05,6.3e-4,60,2025-09-08,-25220 seconds,CH4dry_ppb,soil water,"Timestamps corrected by -25220 seconds, CH4 focus, soil water measurements"
47,44851_SRS6_Soil_47,10/17/22,SRS6,Soil,1,by dead red,Soil 6 in,26.8,NA,0,10:30:40,10:33:40,NA,NA,NA,NA,NA,NA,NA,NA,NA,NA,NA,NA,NA,NA,NA,2022-10-17T10:30:40.000000Z,2022-10-17,27.1,Tree 30min,2022-10-17,2022,10,Oct_2022,14.3,7.14,765.6,0.77,5,912.1,0.91,1.68,182.4,35,29,849,1.68,1680,182.4,0.035,0.029,0.849,2593,2.593,17.580699184840515,2053.6466552550974,2580.7333956180682,3.046744163947808,5.444958654040504,6.424786126797208,360.6230025835803,0.10089092946340875,0.573873248172092,0.9982575320825732,1.251431902267649e-73,18.244969511578415,2050.440627335937,9373.82757212643,3.161862551447296,5.33678794534935,6.238121239734508,359.7750259131586,0.3987716485962959,2.1856525895712346,0.9983573120831404,4.3174866701485614e-4,2055.001241,2564.4209155,0.0033162778239765795,0.1,5.7703234137192485,54,30.467441639478086,1,1.0377840676160757,Noise (HM.RMSE) | Noise (HM.MAE) | Noise (HM.SE),Noise (LM.RMSE) | Noise (LM.MAE) | Noise (LM.SE),18.244969511578415,HM,SE | nb.obs,1,3,0.1,0.1,0.013608276348795434,2,0.5,1,0.05,0.0033,60,1.3423333129149624,497.3243881391568,537.5688677782294,0.23262704993683614,5.583950119727876,6.325793940107228,358.94600107938584,0.09933641643719088,7.40027945976216,0.7740847301806129,1.2064278816396986e-18,5.475749925899914,482.6902027083297,531.9391721250067,0.9489502638415429,2.4329535257948187,2.785587663159764,272.70324512966175,0.49101334842893174,8.96705209466329,0.9561924298288486,0.019268428864223152,487.87898112,526.83470039,8.290694559941449e-4,0.025,5.7703234137192485,54,9.305081997473446,1,4.079277384548383,Noise (HM.RMSE) | Noise (HM.MAE) | Noise (HM.SE) | Exaggerated curvature (g-fact),Noise (LM.RMSE) | Noise (LM.MAE) | Noise (LM.SE),1.3423333129149624,LM,SE | g-fact. > 2 | Intercept | nb.obs,1,3,0.025,0.025,0.0034020690871988586,2,0.5,1,0.05,8.3e-4,60,2025-09-08,-25220 seconds,CH4dry_ppb,soil water,"Timestamps corrected by -25220 seconds, CH4 focus, soil water measurements"
48,44851_SRS6_Soil_48,10/17/22,SRS6,Soil,5,by dead red with blue tape,Soil 6 in,26.8,NA,1,10:56:20,11:00:20,NA,NA,NA,NA,NA,NA,NA,NA,NA,NA,NA,NA,NA,NA,NA,2022-10-17T10:56:20.000000Z,2022-10-17,27.1,Tree 30min,2022-10-17,2022,10,Oct_2022,14.3,7.14,765.6,0.77,5,912.1,0.91,1.68,182.4,35,29,849,1.68,1680,182.4,0.035,0.029,0.849,2593,2.593,114.57677361474411,3418.072122795061,4331.65955349383,19.860596319538445,92.97654655666449,106.14100297841087,120.30672528251421,15.723253599239253,13.722897846737702,0.866892260166251,1.6457876896926074e-4,146.9711802499161,3382.351243039025,5655.455455339034,25.47580272564148,89.85802691379715,104.47779597517203,127.22243585987255,72.49603859605752,49.326703693052025,0.8710311166917487,0.01120749439809631,3391.6483869,4444.0186435,0.012274574512812915,0.1,5.76905002102207,9,198.60596319538448,1,1.2827310074561513,Noise (HM.RMSE) | Noise (HM.MAE) | Noise (HM.SE),Noise (LM.RMSE) | Noise (LM.MAE) | Noise (LM.SE),146.9711802499161,HM,SE | AICc | nb.obs,2,2,0.1,0.1,0.03333333333333333,2,0.5,1,0.05,0.012,60,0.4272692933958974,503.45177043117087,506.85863766660685,0.07406233120512977,1.7645840765432075,1.8903506735949678,47.802615959702635,0.2800280965733081,65.53901740695437,0.14237552864783076,0.17088933748209081,0.42669806859720943,503.452223783035,4472.183385310412,0.07396331580456876,1.7644420990083884,1.890468651228133,55.003739312719745,1.1183053112636903,262.0835184326409,0.142270500256918,1.863651449147384e-5,505.52524019,509.09009985,0.003068643628203229,0.025,5.76905002102207,9,2.962493248205191,1,0.9986630801522198,Noise (HM.RMSE) | Noise (HM.MAE) | Noise (HM.SE),Noise (LM.RMSE) | Noise (LM.MAE) | Noise (LM.SE) | No detect. flux (p-val.),0.42669806859720943,HM,SE | AICc | p-value | Intercept | nb.obs,2,2,0.025,0.025,0.008333333333333333,2,0.5,1,0.05,0.0031,60,2025-09-08,-25220 seconds,CH4dry_ppb,soil water,"Timestamps corrected by -25220 seconds, CH4 focus, soil water measurements"
49,44851_SRS6_Soil_49,10/17/22,SRS6,Soil,10,7 ft from 37,Soil 6 in,26.5,NA,0,11:06:00,11:09:00,NA,NA,NA,NA,NA,NA,NA,NA,NA,NA,NA,NA,NA,NA,NA,2022-10-17T11:06:00.000000Z,2022-10-17,27.1,Tree 30min,2022-10-17,2022,10,Oct_2022,14.3,7.14,765.6,0.77,5,912.1,0.91,1.68,182.4,35,29,849,1.68,1680,182.4,0.035,0.029,0.849,2593,2.593,3.3165066794880698,3918.963723458804,4019.5467177840997,0.5747599675731179,3.9148850937158084,4.716261105279881,185.1203697340326,0.09948318766066917,2.999637789845345,0.9745475448432334,4.429750220870104e-24,3.3377940064440113,3918.855820888318,10958.107839636386,0.578449121412785,3.9387544601774302,4.731543912210572,187.9914054570016,0.39354236625491823,11.790492927218923,0.9743837453124199,8.217479923607881e-5,3924.8565071,4019.6296538,0.0032785491361208203,0.1,5.770246479572643,30,5.747599675731178,1,1.006418599150606,Noise (HM.RMSE) | Noise (HM.MAE) | Noise (HM.SE),Noise (LM.RMSE) | Noise (LM.MAE) | Noise (LM.SE),3.3377940064440113,HM,SE | AICc | nb.obs,2,2,0.1,0.1,0.018257418583505537,2,0.5,1,0.05,0.0033,60,0.4396571347847816,450.951753797356,464.2856726966116,0.07619382228146059,1.6679078677575983,1.9318583014476225,131.5683323252325,0.040749953755015854,9.268575562856164,0.799176787192687,1.7534961877419282e-11,1.7589037600734467,446.31673605254974,462.3513662037568,0.3048229856905029,0.5911801526584555,0.6805643980816573,71.64634231886474,0.1567100250895842,8.909528118982498,0.9750769133986477,0.019010291027358444,447.54252636,461.01126769,8.196372840302051e-4,0.025,5.770246479572643,30,3.047752891258423,1,4.000625989919293,Noise (HM.RMSE) | Noise (HM.MAE) | Noise (HM.SE) | Exaggerated curvature (g-fact),Noise (LM.RMSE) | Noise (LM.MAE) | Noise (LM.SE) | Intercept (LM),0.4396571347847816,LM,SE | g-fact. > 2 | Intercept (LM) | nb.obs,1,3,0.025,0.025,0.004564354645876384,2,0.5,1,0.05,8.2e-4,60,2025-09-08,-25220 seconds,CH4dry_ppb,soil water,"Timestamps corrected by -25220 seconds, CH4 focus, soil water measurements"
50,44851_SRS6_Soil_50,10/17/22,SRS6,Soil,2,red #2,Soil 6 in,26.5,NA,0,11:39:20,11:42:20,NA,NA,NA,NA,NA,NA,NA,NA,NA,NA,NA,NA,NA,NA,NA,2022-10-17T11:39:20.000000Z,2022-10-17,27.1,Tree 30min,2022-10-17,2022,10,Oct_2022,14.3,7.14,765.6,0.77,5,912.1,0.91,1.68,182.4,35,29,849,1.68,1680,182.4,0.035,0.029,0.849,2593,2.593,14.419213459874772,5206.598221316787,5648.875655476197,2.4987425658723685,16.73910833468035,20.464910722525058,229.02537117749046,0.4662276505443425,3.233377824953786,0.9754978207568721,3.050668122195648e-20,16.178493000254846,5198.1383295606565,7324.4607710185,2.803612639753239,16.50887286512316,19.993238709540105,230.71663425394883,1.9551668906651605,12.084975347421805,0.976614249799767,0.0013185265720240594,5202.1734983999995,5620.1986611,0.003241903279541179,0.1,5.770587837583298,25,24.98742565872368,1,1.1220093970642524,Noise (HM.RMSE) | Noise (HM.MAE) | Noise (HM.SE),Noise (LM.RMSE) | Noise (LM.MAE) | Noise (LM.SE),16.178493000254846,HM,SE | AICc | nb.obs,2,2,0.1,0.1,0.02,2,0.5,1,0.05,0.0032,60,-2.4826971059396508,546.3606299215996,470.20939539930305,-0.43023296340280576,6.816866273860824,8.140910049366846,182.93488247518312,0.1854646432164265,-7.47028877476505,0.8813025468568042,2.4204276346740867e-12,-5.271874920592317,558.1199896789386,459.26315447904113,-0.9135767566446333,4.970299457019382,5.82066211473599,169.01762769478898,0.9005701567246587,-17.08254027816494,0.9393207411923149,0.009241412137029253,547.03225786,489.59093841,8.104758198852947e-4,0.025,5.770587837583298,25,17.209318536112228,1,2.1234466773976517,Noise (HM.RMSE) | Noise (HM.MAE) | Noise (HM.SE) | Exaggerated curvature (g-fact) | Intercept (HM),Noise (LM.RMSE) | Noise (LM.MAE) | Noise (LM.SE),-2.4826971059396508,LM,SE | g-fact. > 2 | Intercept (HM) | nb.obs,1,3,0.025,0.025,0.005,2,0.5,1,0.05,8.1e-4,60,2025-09-08,-25220 seconds,CH4dry_ppb,soil water,"Timestamps corrected by -25220 seconds, CH4 focus, soil water measurements"
51,44852_FLM30_Water_51,10/18/22,FLM30,Water,surface 1,NA,Floating 8 in,NA,NA,10,08:57:00,09:02:00,NA,NA,NA,NA,NA,NA,NA,NA,System time = 9:23:00,NA,NA,NA,NA,NA,NA,2022-10-18T08:57:00.000000Z,2022-10-18,25.9,Tree same-day,2022-10-18,2022,10,Oct_2022,19.38,9.68,1905.7,1.91,2.54,463.3,0.46,3.37,324.3,35,29,849,3.37,3370,324.3,0.035,0.029,0.849,4283,4.283,12.805612199561079,2085.706701099073,3339.53611668333,2.3791829517727834,34.16163843386044,42.13374199029798,2173.2272234967922,0.10311744271783337,0.8052519560241547,0.9866281486759622,4.4932527183357654e-197,12.950710590101181,2083.319387542664,55740.46915594787,2.406141101974655,34.44176653411156,42.24244759080771,2176.388050579692,0.41361899319975015,3.1937938101705248,0.9865597350711527,4.484287951111888e-5,2105.9411959,3271.1701620000003,0.0010193858101659695,0.1,5.382357077676319,210,23.79182951772784,1,1.0113308437174973,Noise (HM.RMSE) | Noise (HM.MAE) | Noise (HM.SE),Noise (LM.RMSE) | Noise (LM.MAE) | Noise (LM.SE),12.805612199561079,LM,RMSE | MAE | SE | AICc,4,0,0.1,0.1,0.006900655593423542,2,0.5,1,0.05,0.001,60,0.6161810351945856,444.03278228797313,504.3646036185153,0.11448163440330575,1.7731556717165022,2.7248953628727404,1023.0913007418413,0.00666886510003838,1.0822898984439533,0.9761010316282062,7.627256661291856e-171,0.6185361628811086,443.9912164589152,6662.2764184135485,0.1149191987738101,1.7851137174232588,2.737110537994385,1027.048488531333,0.02666039841422514,4.310240858035272,0.9758889964382405,1.84808504340854e-5,457.11424395,506.40137068,2.548464525414924e-4,0.025,5.382357077676319,210,4.579265376132231,1,1.0038221359503205,Noise (HM.RMSE) | Noise (HM.MAE) | Noise (HM.SE),Noise (LM.RMSE) | Noise (LM.MAE) | Noise (LM.SE),0.6161810351945856,LM,RMSE | MAE | SE | AICc | Intercept,4,0,0.025,0.025,0.0017251638983558856,2,0.5,1,0.05,2.5e-4,60,2025-09-08,-25220 seconds,CH4dry_ppb,soil water,"Timestamps corrected by -25220 seconds, CH4 focus, soil water measurements"
52,44852_FLM30_Water_52,10/18/22,FLM30,Water,surface 2,NA,Floating 8 in,NA,NA,10,11:23:00,11:28:00,NA,NA,NA,NA,NA,NA,NA,NA,NA,NA,NA,NA,NA,NA,NA,2022-10-18T11:23:00.000000Z,2022-10-18,26.725,Tree 30min,2022-10-18,2022,10,Oct_2022,19.38,9.68,1905.7,1.91,2.54,463.3,0.46,3.37,324.3,35,29,849,3.37,3370,324.3,0.035,0.029,0.849,4283,4.283,11.897985458077299,2386.9981213614856,3291.4073643988527,2.2166893211700174,10.161795454225668,12.247240064389267,908.7912193236062,0.052005115692397394,0.43709177386069326,0.9978267303740402,1.605562040393285e-152,12.463655009633282,2380.0167212963847,12495.213563143787,2.3220780576635494,9.702381135221422,11.818783025854481,902.7482099905161,0.2057384986330303,1.6507075851667348,0.9979761297417518,2.2956330894688287e-4,2364.7131055,3268.1512762999996,0.0013123367679463292,0.1,5.367457380900486,115,22.166893211700174,1,1.047543305003114,Noise (HM.RMSE) | Noise (HM.MAE) | Noise (HM.SE),Noise (LM.RMSE) | Noise (LM.MAE) | Noise (LM.SE),12.463655009633282,HM,SE,1,3,0.1,0.1,0.009325048082403139,2,0.5,1,0.05,0.0013,60,0.2850277061747677,442.14135068274726,463.80734556015705,0.053102928621102385,0.6029800285850451,0.7707329864923884,272.6770229759256,0.0032727420969748382,1.1482189366419426,0.9851907887860176,1.9790502523235803e-105,0.32507816562495373,441.655820217706,534.0098302050691,0.06056464775700112,0.5730349391740486,0.7396029058347948,265.3418733743573,0.013720888911859819,4.220796830658187,0.9863629242957876,6.557879594539344e-4,441.15614971,464.10640458,3.280841919865823e-4,0.025,5.367457380900486,115,2.1241171448440954,1,1.1405142678502582,Noise (HM.RMSE) | Noise (HM.MAE) | Noise (HM.SE),Noise (LM.RMSE) | Noise (LM.MAE) | Noise (LM.SE),0.32507816562495373,HM,SE,1,3,0.025,0.025,0.0023312620206007847,2,0.5,1,0.05,3.3e-4,60,2025-09-08,-25220 seconds,CH4dry_ppb,soil water,"Timestamps corrected by -25220 seconds, CH4 focus, soil water measurements"
53,44852_FLM30_Water_53,10/18/22,FLM30,Water,surface 3,NA,Floating 8 in,NA,NA,10,12:06:00,12:11:00,NA,NA,NA,NA,NA,NA,NA,NA,NA,NA,NA,NA,NA,NA,NA,2022-10-18T12:06:00.000000Z,2022-10-18,27.357142857142858,Tree 30min,2022-10-18,2022,10,Oct_2022,19.38,9.68,1905.7,1.91,2.54,463.3,0.46,3.37,324.3,35,29,849,3.37,3370,324.3,0.035,0.029,0.849,4283,4.283,8.91483898790924,3234.0578716841965,3996.3826319342015,1.6644645420305786,24.308997438203615,28.829202018190028,666.0544072223533,0.14081077198760913,1.5795099853018535,0.9833139233232727,1.6753323703270915e-61,13.79745411648802,3171.711417459638,4457.447440204587,2.5760838954393863,8.725500097695658,11.440238881441553,540.7634052252823,0.3047804575983974,2.2089615593226246,0.9973724004549216,0.0020035869337623772,3175.7399405,3950.5766439999998,0.0011668801991724343,0.1,5.355980114201473,69,16.644645420305782,1,1.5476952679909117,Noise (HM.RMSE) | Noise (HM.MAE) | Noise (HM.SE),Noise (LM.RMSE) | Noise (LM.MAE) | Noise (LM.SE),13.79745411648802,HM,SE,1,3,0.1,0.1,0.01203858530857692,2,0.5,1,0.05,0.0012,60,0.38056694002758434,444.8251750230732,477.36817458919836,0.0710545842055135,0.6987287489728778,0.8418403763288698,178.42399773794554,0.004111809727040432,1.0804432268190187,0.9921235720844814,1.9971639840451917e-72,0.40474431062567534,444.4895547334771,723.6245354817391,0.07556867314583354,0.6720332716667049,0.8270152590008152,178.2278832144632,0.01667168612032959,4.119066206158059,0.9923985429675212,2.70724482267542e-4,445.72787473,477.27933442,2.917200497931086e-4,0.025,5.355980114201473,69,2.8421833682205393,1,1.063529876232388,Noise (HM.RMSE) | Noise (HM.MAE) | Noise (HM.SE),Noise (LM.RMSE) | Noise (LM.MAE) | Noise (LM.SE),0.40474431062567534,HM,SE,1,3,0.025,0.025,0.00300964632714423,2,0.5,1,0.05,2.9e-4,60,2025-09-08,-25220 seconds,CH4dry_ppb,soil water,"Timestamps corrected by -25220 seconds, CH4 focus, soil water measurements"
54,44854_SRS5_Water_54,10/20/22,SRS5,Water,surface water 1,plot edge (river),Floating 8 in,NA,NA,9,12:50:00,12:55:00,NA,NA,NA,NA,NA,NA,NA,NA,NA,NA,NA,NA,NA,NA,NA,2022-10-20T12:50:00.000000Z,2022-10-20,20.788888888888888,Tree 30min,2022-10-20,2022,10,Oct_2022,19.38,9.68,1905.7,1.91,2.54,463.3,0.46,3.37,324.3,35,29,849,3.37,3370,324.3,0.035,0.029,0.849,4283,4.283,NA,NA,NA,NA,NA,NA,NA,NA,NA,NA,NA,NA,NA,NA,NA,NA,NA,NA,NA,NA,NA,NA,NA,NA,NA,NA,NA,NA,NA,NA,NA,NA,NA,NA,NA,NA,NA,NA,NA,NA,NA,NA,NA,NA,NA,NA,NA,NA,NA,NA,NA,NA,NA,NA,NA,NA,NA,NA,NA,NA,NA,NA,NA,NA,NA,NA,NA,NA,NA,NA,NA,NA,NA,NA,NA,NA,NA,NA,NA,NA,NA,NA,NA,NA,NA,NA,NA,NA,NA,NA,NA,NA,NA,NA,2025-09-08,-25220 seconds,CH4dry_ppb,soil water,"Timestamps corrected by -25220 seconds, CH4 focus, soil water measurements"
55,44854_SRS5_Water_55,10/20/22,SRS5,Water,surface water 2,plot center,Floating 8 in,NA,NA,6,13:01:00,13:05:00,NA,NA,NA,NA,NA,NA,NA,NA,NA,NA,NA,NA,NA,NA,NA,2022-10-20T13:01:00.000000Z,2022-10-20,20.6,Tree 30min,2022-10-20,2022,10,Oct_2022,19.38,9.68,1905.7,1.91,2.54,463.3,0.46,3.37,324.3,35,29,849,3.37,3370,324.3,0.035,0.029,0.849,4283,4.283,NA,NA,NA,NA,NA,NA,NA,NA,NA,NA,NA,NA,NA,NA,NA,NA,NA,NA,NA,NA,NA,NA,NA,NA,NA,NA,NA,NA,NA,NA,NA,NA,NA,NA,NA,NA,NA,NA,NA,NA,NA,NA,NA,NA,NA,NA,NA,NA,NA,NA,NA,NA,NA,NA,NA,NA,NA,NA,NA,NA,NA,NA,NA,NA,NA,NA,NA,NA,NA,NA,NA,NA,NA,NA,NA,NA,NA,NA,NA,NA,NA,NA,NA,NA,NA,NA,NA,NA,NA,NA,NA,NA,NA,NA,2025-09-08,-25220 seconds,CH4dry_ppb,soil water,"Timestamps corrected by -25220 seconds, CH4 focus, soil water measurements"
56,44854_SRS5_Water_56,10/20/22,SRS5,Water,surface water 3,plot river interface,Floating 8 in,NA,NA,12,13:11:00,13:20:00,NA,NA,NA,NA,NA,NA,NA,NA,NA,NA,NA,NA,NA,NA,NA,2022-10-20T13:11:00.000000Z,2022-10-20,20.522222222222226,Tree 30min,2022-10-20,2022,10,Oct_2022,19.38,9.68,1905.7,1.91,2.54,463.3,0.46,3.37,324.3,35,29,849,3.37,3370,324.3,0.035,0.029,0.849,4283,4.283,NA,NA,NA,NA,NA,NA,NA,NA,NA,NA,NA,NA,NA,NA,NA,NA,NA,NA,NA,NA,NA,NA,NA,NA,NA,NA,NA,NA,NA,NA,NA,NA,NA,NA,NA,NA,NA,NA,NA,NA,NA,NA,NA,NA,NA,NA,NA,NA,NA,NA,NA,NA,NA,NA,NA,NA,NA,NA,NA,NA,NA,NA,NA,NA,NA,NA,NA,NA,NA,NA,NA,NA,NA,NA,NA,NA,NA,NA,NA,NA,NA,NA,NA,NA,NA,NA,NA,NA,NA,NA,NA,NA,NA,NA,2025-09-08,-25220 seconds,CH4dry_ppb,soil water,"Timestamps corrected by -25220 seconds, CH4 focus, soil water measurements"
81,44859_BL60_Water_81,10/25/22,BL60,Water,W1,NA,Floating 8 in,24.2,NA,14,10:56:00,10:59:00,NA,NA,NA,NA,NA,NA,NA,NA,NA,NA,NA,NA,NA,NA,NA,2022-10-25T10:56:00.000000Z,2022-10-25,24.771428571428572,Tree 30min,2022-10-25,2022,10,Oct_2022,19.38,9.68,1905.7,1.91,2.54,463.3,0.46,3.37,324.3,35,29,849,3.37,3370,324.3,0.035,0.029,0.849,4283,4.283,40.81461951379447,2756.3259594661845,4992.483952034732,7.554587812731582,76.65457529868814,89.16389486364312,1400.8324013563338,0.5197931882987004,1.2735465734845852,0.981373961828659,2.1063237662128135e-102,66.55008846916569,2548.4896532634057,6062.5037374882495,12.318098104906896,12.251312899677375,15.353193490125632,987.815821512774,0.5105341030197074,0.7671426361157289,0.999447744725016,0.0035054208121149703,2583.3453947,4828.426136,0.0018190663042437787,0.1,5.402626923604022,118,75.54587812731582,1,1.630545360019176,Noise (HM.RMSE) | Noise (HM.MAE) | Noise (HM.SE),Noise (LM.RMSE) | Noise (LM.MAE) | Noise (LM.SE),66.55008846916569,HM,,0,4,0.1,0.1,0.009205746178983234,2,0.5,1,0.05,0.0018,60,2.183675176692355,494.6076635739583,614.2472132672681,0.40418766788280347,3.2068743600422533,3.8074014915995456,656.5994963997443,0.022195770647730245,1.0164410386965383,0.9880552698582519,1.353097854679124e-113,2.8261319884751037,489.13966665848824,779.8440859927035,0.5231033029742923,2.000940392936392,2.8786387887688023,592.7504154894981,0.08048180947934958,2.847772496385604,0.993172002754356,0.001799433610855754,503.09213325,606.84960289,4.5476657606094466e-4,0.025,5.402626923604022,118,16.16750671531214,1,1.294208964153674,Noise (HM.RMSE) | Noise (HM.MAE) | Noise (HM.SE) | Intercept (HM),Noise (LM.RMSE) | Noise (LM.MAE) | Noise (LM.SE),2.8261319884751037,HM,SE | Intercept (HM),1,3,0.025,0.025,0.0023014365447458084,2,0.5,1,0.05,4.5e-4,60,2025-09-08,-25220 seconds,CH4dry_ppb,soil water,"Timestamps corrected by -25220 seconds, CH4 focus, soil water measurements"
82,44859_BL60_Water_82,10/25/22,BL60,Water,W2,NA,Floating 8 in,24.3,NA,15,11:13:00,11:19:00,NA,NA,NA,NA,NA,NA,NA,NA,NA,NA,NA,NA,NA,NA,NA,2022-10-25T11:13:00.000000Z,2022-10-25,24.9,Tree 30min,2022-10-25,2022,10,Oct_2022,19.38,9.68,1905.7,1.91,2.54,463.3,0.46,3.37,324.3,35,29,849,3.37,3370,324.3,0.035,0.029,0.849,4283,4.283,22.539700053867563,4402.6458209754155,5692.425759388458,4.174045108132823,10.873741085457302,13.924587188114021,914.0034290191976,0.08011297770211948,0.3554305403827811,0.9985996735031496,5.093291938993503e-159,24.247867658596796,4386.855759598232,13752.0173941418,4.490374456675666,9.487145267076926,11.944948053801058,881.8051519785212,0.2881674131156012,1.1884237293477424,0.9989695351558353,4.7947645026358526e-4,4371.1226674,5664.6093791,0.0017419243915097625,0.1,5.399965613680264,112,41.74045108132823,1,1.0757848418855127,Noise (HM.RMSE) | Noise (HM.MAE) | Noise (HM.SE),Noise (LM.RMSE) | Noise (LM.MAE) | Noise (LM.SE),24.247867658596796,HM,SE,1,3,0.1,0.1,0.00944911182523068,2,0.5,1,0.05,0.0017,60,1.708870717221496,538.7680881782727,636.5540907934939,0.31645955538906506,1.0777405790449646,1.3877063328870114,397.45856078923543,0.007983955646352237,0.467206533875985,0.9975828745164362,5.57259972352981e-146,1.8844867512542578,537.1531849304196,1079.2294192920788,0.3489812502657614,0.9520428382620553,1.1849202379149186,364.22336682368365,0.02912335126895414,1.5454261617690075,0.9982376900597023,6.437862945176271e-4,534.9242585,635.8580428,4.354810978774406e-4,0.025,5.399965613680264,112,12.658382215562604,1,1.1027673025600795,Noise (HM.RMSE) | Noise (HM.MAE) | Noise (HM.SE),Noise (LM.RMSE) | Noise (LM.MAE) | Noise (LM.SE),1.8844867512542578,HM,SE,1,3,0.025,0.025,0.00236227795630767,2,0.5,1,0.05,4.4e-4,60,2025-09-08,-25220 seconds,CH4dry_ppb,soil water,"Timestamps corrected by -25220 seconds, CH4 focus, soil water measurements"
83,44859_BL60_Water_83,10/25/22,BL60,Water,W3,NA,Floating 8 in,24.3,NA,14,11:28:30,11:32:00,NA,NA,NA,NA,NA,NA,NA,NA,NA,NA,NA,NA,NA,NA,NA,2022-10-25T11:28:30.000000Z,2022-10-25,24.944444444444443,Tree 30min,2022-10-25,2022,10,Oct_2022,19.38,9.68,1905.7,1.91,2.54,463.3,0.46,3.37,324.3,35,29,849,3.37,3370,324.3,0.035,0.029,0.849,4283,4.283,40.982857731357555,2342.415058895668,4224.827107757595,7.590371164765832,21.92626181985435,26.802442703860255,571.3203588966991,0.26234651575202816,0.6401371946088005,0.9975880562923463,7.801961698894247e-78,41.262908115734604,2340.199139633328,127166.80262020788,7.642238859697967,22.6502705219178,27.6816281818577,577.4921707860477,1.0785040908225165,2.6137374704601957,0.9974289218661733,6.122283749302887e-5,2359.7434584000002,4275.178341100001,0.002168402394467768,0.1,5.399321962224742,60,75.90371164765833,1,1.0068333542334402,Noise (HM.RMSE) | Noise (HM.MAE) | Noise (HM.SE),Noise (LM.RMSE) | Noise (LM.MAE) | Noise (LM.SE),40.982857731357555,LM,RMSE | MAE | SE | AICc,4,0,0.1,0.1,0.012909944487358056,2,0.5,1,0.05,0.0022,60,2.2110270001978503,447.7209581776466,549.2771720662383,0.409500862453999,1.013009769479146,1.2291890744504068,201.46375496029435,0.012031495578426605,0.5441586908414047,0.9982559540849603,6.435723454378805e-82,2.233585063059249,447.546863213263,5249.413153920081,0.41367880609566765,1.0422951645413083,1.2677855655739865,207.47250423870284,0.049506298865029816,2.2164501224423074,0.9981454877101406,8.614958873308728e-5,450.14446242,549.08066211,5.42100598616942e-4,0.025,5.399321962224742,60,16.38003449815996,1,1.0102025270878103,Noise (HM.RMSE) | Noise (HM.MAE) | Noise (HM.SE),Noise (LM.RMSE) | Noise (LM.MAE) | Noise (LM.SE),2.2110270001978503,LM,RMSE | MAE | SE | AICc,4,0,0.025,0.025,0.003227486121839514,2,0.5,1,0.05,5.4e-4,60,2025-09-08,-25220 seconds,CH4dry_ppb,soil water,"Timestamps corrected by -25220 seconds, CH4 focus, soil water measurements"
84,44859_BL60_Water_84,10/25/22,BL60,Water,W4,NA,Floating 8 in,NA,NA,14,11:57:30,12:01:30,NA,NA,NA,NA,NA,NA,NA,NA,NA,NA,NA,NA,NA,NA,NA,2022-10-25T11:57:30.000000Z,2022-10-25,24.96,Tree 30min,2022-10-25,2022,10,Oct_2022,19.38,9.68,1905.7,1.91,2.54,463.3,0.46,3.37,324.3,35,29,849,3.37,3370,324.3,0.035,0.029,0.849,4283,4.283,23.535493088306207,2385.9312873931917,3480.0790870059072,4.35915458013034,11.75173100447158,14.372353863118374,423.10363073118793,0.15148841474345626,0.6436594048616915,0.9979327097407314,1.1679494842679827e-67,23.748406808049214,2384.2286961755044,60469.025070213174,4.398589650095008,11.984146670973008,14.824507370568861,428.62203050269375,0.6334658879401778,2.667403725480535,0.9978015348287618,7.5727039168223e-5,2423.942254,3500.6083018,0.0021424983245189808,0.1,5.3990957777878315,51,43.591545801303404,1,1.009046494965886,Noise (HM.RMSE) | Noise (HM.MAE) | Noise (HM.SE),Noise (LM.RMSE) | Noise (LM.MAE) | Noise (LM.SE),23.535493088306207,LM,RMSE | MAE | SE | AICc | nb.obs,4,0,0.1,0.1,0.014002800840280098,2,0.5,1,0.05,0.0021,60,1.4220012744909212,460.18224085452323,526.2900364164428,0.26337767156143266,0.858842829664294,1.0212994623370077,153.39210019826956,0.010764766718192181,0.7570152651266776,0.9971426632311039,3.245676789312224e-64,1.4679005347906278,459.8242691795239,1542.768544284058,0.27187895810806856,0.8646303791529325,1.0089621620361828,154.51136410554838,0.0438245764575624,2.9855276579630967,0.9972112795420272,2.5105535377785226e-4,457.97112983,524.78185357,5.356245811297452e-4,0.025,5.3990957777878315,51,10.535106862457306,1,1.0322779318999826,Noise (HM.RMSE) | Noise (HM.MAE) | Noise (HM.SE),Noise (LM.RMSE) | Noise (LM.MAE) | Noise (LM.SE),1.4220012744909212,LM,MAE | SE | AICc | nb.obs,3,1,0.025,0.025,0.0035007002100700246,2,0.5,1,0.05,5.4e-4,60,2025-09-08,-25220 seconds,CH4dry_ppb,soil water,"Timestamps corrected by -25220 seconds, CH4 focus, soil water measurements"
85,44859_BL60_Soil_85,10/25/22,BL60,Soil,S1,plot center,2 ft soil,NA,NA,0,12:33:00,12:29:00,NA,NA,NA,NA,NA,NA,NA,NA,NA,NA,NA,NA,NA,NA,NA,2022-10-25T12:33:00.000000Z,2022-10-25,26.02,Tree 30min,2022-10-25,2022,10,Oct_2022,23.5,61,26429.3,26.4,-2,-867.5,-0.87,25.6,433.7,35,29,849,25.6,25600,433.7,0.035,0.029,0.849,26513,26.513,8.109367185685281,2346.0846738980986,2399.8157529359096,0.32564290325946155,1.3173378451375097,1.5995230620052512,112.76406577896165,0.15764988449959272,1.9440466918044792,0.9898951356960194,1.091617395772995e-27,8.182957930280054,2346.005009701531,5171.354582136334,0.32859804182627467,1.3234462563314244,1.608429173306403,115.81413819645284,0.6325246386428062,7.729779916162402,0.9897831532190409,1.1630349923145918e-4,2346.0012815,2400.1478814,0.015001588876450233,0.1,24.902637534907385,28,3.256429032594615,1,1.0090747826445294,Noise (HM.RMSE) | Noise (HM.MAE) | Noise (HM.SE),Noise (LM.RMSE) | Noise (LM.MAE) | Noise (LM.SE),8.182957930280054,HM,SE | AICc | nb.obs,2,2,0.1,0.1,0.01889822365046136,2,0.5,1,0.05,0.015,60,2.1736135910891656,512.2587432816963,526.6606813104283,0.08728447290140624,0.6177916044502813,0.8157336273117257,75.05518265148211,0.080399160964209307,3.6988709167908023,0.9643284744587113,1.4602426925545386e-20,2.3947548632300832,512.0287328511206,593.1656327797432,0.09616470784964945,0.6067641364451808,0.8079766738812344,77.2592512633932,0.33868321870903495,14.142709298112194,0.9650036624069173,0.0011852154560286017,510.96679028,526.29356932,0.0037503972191125583,0.025,24.902637534907385,28,3.491378916056249,1,1.101738999538601,Noise (HM.RMSE) | Noise (HM.MAE) | Noise (HM.SE),Noise (LM.RMSE) | Noise (LM.MAE) | Noise (LM.SE),2.3947548632300832,HM,SE | AICc | nb.obs,2,2,0.025,0.025,0.00472455591261534,2,0.5,1,0.05,0.0038,60,2025-09-08,-25220 seconds,CH4dry_ppb,soil water,"Timestamps corrected by -25220 seconds, CH4 focus, soil water measurements"
