"site","campaign","height_bin_num","height_mid_m","stem_SA_m2","flux_nmol_m2_s","total_flux_nmol_s","scenario"
"CP40","Mar 2022",0,0.25,46.74574591,NA,NA,"exponential"
"CP40","Mar 2022",0.5,0.75,28.95552353,NA,NA,"exponential"
"CP40","Mar 2022",1,1.25,23.20125921,NA,NA,"exponential"
"CP40","Mar 2022",1.5,1.75,29.328222484,NA,NA,"exponential"
"CP40","Mar 2022",2,2.25,26.96826386,NA,NA,"exponential"
"CP40","Mar 2022",2.5,2.75,28.32326539,NA,NA,"exponential"
"CP40","Mar 2022",3,3.25,22.64762369,NA,NA,"exponential"
"CP40","Mar 2022",3.5,3.75,22.323977948,NA,NA,"exponential"
"CP40","Mar 2022",4,4.25,21.659234474,NA,NA,"exponential"
"CP40","Mar 2022",4.5,4.75,21.398478075,NA,NA,"exponential"
"CP40","Mar 2022",5,5.25,19.995737916,NA,NA,"exponential"
"CP40","Mar 2022",5.5,5.75,19.732948216,NA,NA,"exponential"
"CP40","Mar 2022",6,6.25,19.194600626,NA,NA,"exponential"
"CP40","Mar 2022",6.5,6.75,17.010922738,NA,NA,"exponential"
"CP40","Mar 2022",7,7.25,14.48891203,NA,NA,"exponential"
"CP40","Mar 2022",7.5,7.75,12.644456098,NA,NA,"exponential"
"CP40","Mar 2022",8,8.25,15.232143672,NA,NA,"exponential"
"CP40","Mar 2022",8.5,8.75,9.721603803,NA,NA,"exponential"
"CP40","Mar 2022",9,9.25,7.785579611,NA,NA,"exponential"
"CP40","Mar 2022",9.5,9.75,5.162688347,NA,NA,"exponential"
"CP40","Mar 2022",10,10.25,4.19555219,NA,NA,"exponential"
"CP40","Mar 2022",10.5,10.75,1.770607714,NA,NA,"exponential"
"CP40","Mar 2022",11,11.25,0.582547913,NA,NA,"exponential"
"CP40","Mar 2022",11.5,11.75,0.036946261,NA,NA,"exponential"
"FLM30","Mar 2022",0,0.25,59.12687936,2.96444812906355,175.278566896118,"exponential"
"FLM30","Mar 2022",0.5,0.75,36.279548959,0.796275690068243,28.8885228826923,"exponential"
"FLM30","Mar 2022",1,1.25,33.185797234,0.213886344772695,7.09798886874807,"exponential"
"FLM30","Mar 2022",1.5,1.75,29.044421687,0.0574516703835369,1.66865054124198,"exponential"
"FLM30","Mar 2022",2,2.25,26.981116496,0.0154320016706366,0.416372634841912,"exponential"
"FLM30","Mar 2022",2.5,2.75,25.802751711,0.00414516538810283,0.106956673310248,"exponential"
"FLM30","Mar 2022",3,3.25,24.08722039,0.0011134262723299,0.0268193440096265,"exponential"
"FLM30","Mar 2022",3.5,3.75,23.213233519,0.000299075657505154,0.0069425130775156,"exponential"
"FLM30","Mar 2022",4,4.25,20.727214663,8.03342359840039e-05,0.00166510495402855,"exponential"
"FLM30","Mar 2022",4.5,4.75,18.394616863,2.15784511684052e-05,0.000396927341739767,"exponential"
"FLM30","Mar 2022",5,5.25,16.596003043,5.79615339741279e-06,9.61929794211575e-05,"exponential"
"FLM30","Mar 2022",5.5,5.75,13.164497246,1.55689553175762e-06,2.04957469401328e-05,"exponential"
"FLM30","Mar 2022",6,6.25,11.198496228,4.18195228906258e-07,4.68315769347432e-06,"exponential"
"FLM30","Mar 2022",6.5,6.75,9.41790114,1.1233075432012e-07,1.05791993916852e-06,"exponential"
"FLM30","Mar 2022",7,7.25,7.178411854,3.0172984993465e-08,2.16594113147654e-07,"exponential"
"FLM30","Mar 2022",7.5,7.75,4.955332173,8.10471743847979e-09,4.0161567075973e-08,"exponential"
"FLM30","Mar 2022",8,8.25,3.656596828,2.17699524166485e-09,7.96039389524279e-09,"exponential"
"FLM30","Mar 2022",8.5,8.75,1.417504889,5.84759224267338e-10,8.28899059286799e-10,"exponential"
"FLM30","Mar 2022",9,9.25,0.698586722,1.57071243804942e-10,1.09727885330157e-10,"exponential"
"FLM30","Mar 2022",9.5,9.75,0.365448341,4.21906566097235e-11,1.54185054637242e-11,"exponential"
"FLM30","Mar 2022",10,10.25,0.310972685,1.13327650691437e-11,3.52418038202583e-12,"exponential"
"FLM30","Mar 2022",10.5,10.75,0.166994499,3.04407597398721e-12,5.08343942193931e-13,"exponential"
"SRS5","Mar 2022",0,0.25,30.89988231,NA,NA,"exponential"
"SRS5","Mar 2022",0.5,0.75,59.773419509,NA,NA,"exponential"
"SRS5","Mar 2022",1,1.25,137.93032641,NA,NA,"exponential"
"SRS5","Mar 2022",1.5,1.75,112.30752079,NA,NA,"exponential"
"SRS5","Mar 2022",2,2.25,104.80543806,NA,NA,"exponential"
"SRS5","Mar 2022",2.5,2.75,103.13717564,NA,NA,"exponential"
"SRS5","Mar 2022",3,3.25,97.2843071,NA,NA,"exponential"
"SRS5","Mar 2022",3.5,3.75,101.72916534,NA,NA,"exponential"
"SRS5","Mar 2022",4,4.25,95.55579855,NA,NA,"exponential"
"SRS5","Mar 2022",4.5,4.75,97.89035965,NA,NA,"exponential"
"SRS5","Mar 2022",5,5.25,101.12305604,NA,NA,"exponential"
"SRS5","Mar 2022",5.5,5.75,98.60312502,NA,NA,"exponential"
"SRS5","Mar 2022",6,6.25,90.81221839,NA,NA,"exponential"
"SRS5","Mar 2022",6.5,6.75,82.16338252,NA,NA,"exponential"
"SRS5","Mar 2022",7,7.25,74.17819774,NA,NA,"exponential"
"SRS5","Mar 2022",7.5,7.75,61.76272611,NA,NA,"exponential"
"SRS5","Mar 2022",8,8.25,51.659799563,NA,NA,"exponential"
"SRS5","Mar 2022",8.5,8.75,42.737087319,NA,NA,"exponential"
"SRS5","Mar 2022",9,9.25,40.767775377,NA,NA,"exponential"
"SRS5","Mar 2022",9.5,9.75,37.105875599,NA,NA,"exponential"
"SRS5","Mar 2022",10,10.25,31.128182847,NA,NA,"exponential"
"SRS5","Mar 2022",10.5,10.75,26.967752973,NA,NA,"exponential"
"SRS5","Mar 2022",11,11.25,19.787765177,NA,NA,"exponential"
"SRS5","Mar 2022",11.5,11.75,13.567057665,NA,NA,"exponential"
"SRS5","Mar 2022",12,12.25,8.243451724,NA,NA,"exponential"
"SRS5","Mar 2022",12.5,12.75,3.710412687,NA,NA,"exponential"
"SRS5","Mar 2022",13,13.25,2.392276499,NA,NA,"exponential"
"SRS5","Mar 2022",13.5,13.75,0.424985418,NA,NA,"exponential"
"SRS5","Mar 2022",14,14.25,0.050380025,NA,NA,"exponential"
"SRS6","Mar 2022",0,0.25,47.73429654,0.459196092031449,21.9194024270383,"exponential"
"SRS6","Mar 2022",0.5,0.75,35.678437568,0.256699201796932,9.15862644506726,"exponential"
"SRS6","Mar 2022",1,1.25,103.33855613,0.143499653735444,14.8290470221757,"exponential"
"SRS6","Mar 2022",1.5,1.75,103.03794731,0.0802189896892714,8.26560003286458,"exponential"
"SRS6","Mar 2022",2,2.25,92.56806634,0.0448439152238734,4.15111451938885,"exponential"
"SRS6","Mar 2022",2.5,2.75,78.89138387,0.025068587131245,1.97769553044959,"exponential"
"SRS6","Mar 2022",3,3.25,82.93827841,0.01401380895534,1.16228118872254,"exponential"
"SRS6","Mar 2022",3.5,3.75,68.7351061,0.00783398124547647,0.538469532093236,"exponential"
"SRS6","Mar 2022",4,4.25,68.78117328,0.0043793420011689,0.30121628103478,"exponential"
"SRS6","Mar 2022",4.5,4.75,71.89296102,0.00244813406647817,0.176003607013049,"exponential"
"SRS6","Mar 2022",5,5.25,69.34825828,0.00136855271998653,0.0949067474954221,"exponential"
"SRS6","Mar 2022",5.5,5.75,73.0826153,0.000765046560573736,0.0559116034729985,"exponential"
"SRS6","Mar 2022",6,6.25,71.63120025,0.000427675332705828,0.0306348973990366,"exponential"
"SRS6","Mar 2022",6.5,6.75,67.44151417,0.000239078507937965,0.0161238165808407,"exponential"
"SRS6","Mar 2022",7,7.25,65.2632522,0.000133649356384928,0.00872239165211721,"exponential"
"SRS6","Mar 2022",7.5,7.75,66.76944564,7.4712489282977e-05,0.00498851149180882,"exponential"
"SRS6","Mar 2022",8,8.25,64.54636338,4.1765678532579e-05,0.00269582266337611,"exponential"
"SRS6","Mar 2022",8.5,8.75,63.6124659,2.33477952619118e-05,0.00148521082993854,"exponential"
"SRS6","Mar 2022",9,9.25,66.36048152,1.30518541238815e-05,0.000866127324389575,"exponential"
"SRS6","Mar 2022",9.5,9.75,65.80203365,7.29623050742539e-06,0.000480106805367762,"exponential"
"SRS6","Mar 2022",10,10.25,64.85786297,4.07872928338041e-06,0.000264537664953213,"exponential"
"SRS6","Mar 2022",10.5,10.75,58.13859212,2.28008593617957e-06,0.000132560986242092,"exponential"
"SRS6","Mar 2022",11,11.25,55.182101038,1.27461067287484e-06,7.03356949346928e-05,"exponential"
"SRS6","Mar 2022",11.5,11.75,52.560907426,7.12531199647959e-07,3.74512864228331e-05,"exponential"
"SRS6","Mar 2022",12,12.25,45.375874789,3.98318263981468e-07,1.80740396725949e-05,"exponential"
"SRS6","Mar 2022",12.5,12.75,37.425082277,2.22667357583217e-07,8.33334417795408e-06,"exponential"
"SRS6","Mar 2022",13,13.25,31.191275642,1.24475216470111e-07,3.88254078751686e-06,"exponential"
"SRS6","Mar 2022",13.5,13.75,25.433878339,6.95839735264767e-08,1.7697903170166e-06,"exponential"
"SRS6","Mar 2022",14,14.25,20.495999416,3.88987423283254e-08,7.97268600044493e-07,"exponential"
"SRS6","Mar 2022",14.5,14.75,19.232399134,2.17451243158703e-08,4.18210910061266e-07,"exponential"
"SRS6","Mar 2022",15,15.25,15.532284152,1.2155931097246e-08,1.88809375934559e-07,"exponential"
"SRS6","Mar 2022",15.5,15.75,12.90201222,6.79539278297659e-09,8.76742407256637e-08,"exponential"
"SRS6","Mar 2022",16,16.25,9.452496987,3.79875163041948e-09,3.59076883409015e-08,"exponential"
"SRS6","Mar 2022",16.5,16.75,8.741245562,2.12357319296762e-09,1.85626747486104e-08,"exponential"
"SRS6","Mar 2022",17,17.25,5.382725622,1.18711712284088e-09,6.3899257534305e-09,"exponential"
"SRS6","Mar 2022",17.5,17.75,2.194612892,6.63620669166873e-10,1.45639047595129e-09,"exponential"
"SRS6","Mar 2022",18,18.25,0.582026786,3.70976362881188e-10,2.15918180169708e-10,"exponential"
"SRS6","Mar 2022",18.5,18.75,0.085158838,2.07382723611262e-10,1.76604717640102e-11,"exponential"
"CP40","Oct 2022",0,0.25,46.74574591,7.09665347204256,331.738360015421,"exponential"
"CP40","Oct 2022",0.5,0.75,28.95552353,0.803934283560687,23.2783380642152,"exponential"
"CP40","Oct 2022",1,1.25,23.20125921,0.0910725505804095,2.11299785293192,"exponential"
"CP40","Oct 2022",1.5,1.75,29.328222484,0.0103170242130807,0.302579981494044,"exponential"
"CP40","Oct 2022",2,2.25,26.96826386,0.00116874939743028,0.0315191421361158,"exponential"
"CP40","Oct 2022",2.5,2.75,28.32326539,0.000132400111290014,0.00375000348973259,"exponential"
"CP40","Oct 2022",3,3.25,22.64762369,1.49987580812025e-05,0.000339686228840421,"exponential"
"CP40","Oct 2022",3.5,3.75,22.323977948,1.69911295229709e-06,3.79309600782414e-05,"exponential"
"CP40","Oct 2022",4,4.25,21.659234474,1.92481591411351e-07,4.16900392030712e-06,"exponential"
"CP40","Oct 2022",4.5,4.75,21.398478075,2.18050030059264e-08,4.66593878747624e-07,"exponential"
"CP40","Oct 2022",5,5.25,19.995737916,2.47014871709139e-09,4.9392446360503e-08,"exponential"
"CP40","Oct 2022",5.5,5.75,19.732948216,2.7982728013795e-10,5.52181722838629e-09,"exponential"
"CP40","Oct 2022",6,6.25,19.194600626,3.16998349806264e-11,6.08465672363229e-10,"exponential"
"CP40","Oct 2022",6.5,6.75,17.010922738,3.59107066796188e-12,6.10874256793975e-11,"exponential"
"CP40","Oct 2022",7,7.25,14.48891203,4.06809327246579e-13,5.89422455545916e-12,"exponential"
"CP40","Oct 2022",7.5,7.75,12.644456098,4.60848153758946e-14,5.82717424804935e-13,"exponential"
"CP40","Oct 2022",8,8.25,15.232143672,5.22065268907417e-15,7.95217318215909e-14,"exponential"
"CP40","Oct 2022",8.5,8.75,9.721603803,5.9141420612468e-16,5.74949459540992e-15,"exponential"
"CP40","Oct 2022",9,9.25,7.785579611,6.69975162182478e-17,5.21614496256432e-16,"exponential"
"CP40","Oct 2022",9.5,9.75,5.162688347,7.58971822612615e-18,3.9183349843035e-17,"exponential"
"CP40","Oct 2022",10,10.25,4.19555219,8.59790422145556e-19,3.60729558857381e-18,"exponential"
"CP40","Oct 2022",10.5,10.75,1.770607714,9.74001337056945e-20,1.72457428083934e-19,"exponential"
"CP40","Oct 2022",11,11.25,0.582547913,1.10338354574985e-20,6.42773781815115e-21,"exponential"
"CP40","Oct 2022",11.5,11.75,0.036946261,1.24995233857705e-21,4.6181065338628e-23,"exponential"
"FLM30","Oct 2022",0,0.25,59.12687936,2.45919192139153,145.404344059204,"exponential"
"FLM30","Oct 2022",0.5,0.75,36.279548959,0.363096470402959,13.1729761748242,"exponential"
"FLM30","Oct 2022",1,1.25,33.185797234,0.0536107189000872,1.77911444698727,"exponential"
"FLM30","Oct 2022",1.5,1.75,29.044421687,0.00791555251912674,0.229902645251112,"exponential"
"FLM30","Oct 2022",2,2.25,26.981116496,0.00116872097536733,0.0315333967877047,"exponential"
"FLM30","Oct 2022",2.5,2.75,25.802751711,0.000172560123246362,0.00445252601534545,"exponential"
"FLM30","Oct 2022",3,3.25,24.08722039,2.54782764769331e-05,0.00061370086065724,"exponential"
"FLM30","Oct 2022",3.5,3.75,23.213233519,3.7618341944985e-06,8.7324335616653e-05,"exponential"
"FLM30","Oct 2022",4,4.25,20.727214663,5.55429898082401e-07,1.15125147278021e-05,"exponential"
"FLM30","Oct 2022",4.5,4.75,18.394616863,8.2008497911736e-08,1.50851489859652e-06,"exponential"
"FLM30","Oct 2022",5,5.25,16.596003043,1.21084474439679e-08,2.00951830626097e-07,"exponential"
"FLM30","Oct 2022",5.5,5.75,13.164497246,1.78779642642803e-09,2.35354411321205e-08,"exponential"
"FLM30","Oct 2022",6,6.25,11.198496228,2.63965803802627e-10,2.95602005820471e-09,"exponential"
"FLM30","Oct 2022",6.5,6.75,9.41790114,3.89742056462108e-11,3.67055215786044e-10,"exponential"
"FLM30","Oct 2022",7,7.25,7.178411854,5.75449048274794e-12,4.1308102695088e-11,"exponential"
"FLM30","Oct 2022",7.5,7.75,4.955332173,8.49642992512311e-13,4.21026325636025e-12,"exponential"
"FLM30","Oct 2022",8,8.25,3.656596828,1.25448676453549e-13,4.58715232396846e-13,"exponential"
"FLM30","Oct 2022",8.5,8.75,1.417504889,1.85223329829549e-14,2.62554975590245e-14,"exponential"
"FLM30","Oct 2022",9,9.25,0.698586722,2.7347982364604e-15,1.91049373534025e-15,"exponential"
"FLM30","Oct 2022",9.5,9.75,0.365448341,4.03789382311047e-16,1.47564159878987e-16,"exponential"
"FLM30","Oct 2022",10,10.25,0.310972685,5.96189741142166e-17,1.85398724572434e-17,"exponential"
"FLM30","Oct 2022",10.5,10.75,0.166994499,8.80266354228598e-18,1.46999638810961e-18,"exponential"
"SRS5","Oct 2022",0,0.25,30.89988231,0.101551475777389,3.13792864992814,"exponential"
"SRS5","Oct 2022",0.5,0.75,59.773419509,0.0798878249312257,4.7751684732757,"exponential"
"SRS5","Oct 2022",1,1.25,137.93032641,0.0628456112861647,8.66831567813668,"exponential"
"SRS5","Oct 2022",1.5,1.75,112.30752079,0.0494389584562084,5.55236685465657,"exponential"
"SRS5","Oct 2022",2,2.25,104.80543806,0.0388923039049631,4.07612494792231,"exponential"
"SRS5","Oct 2022",2.5,2.75,103.13717564,0.030595533366178,3.15553689858698,"exponential"
"SRS5","Oct 2022",3,3.25,97.2843071,0.0240686862945513,2.34150546897269,"exponential"
"SRS5","Oct 2022",3.5,3.75,101.72916534,0.0189341905895948,1.92615940506796,"exponential"
"SRS5","Oct 2022",4,4.25,95.55579855,0.0148950203968656,1.42330556844103,"exponential"
"SRS5","Oct 2022",4.5,4.75,97.89035965,0.0117175134354549,1.14703160440039,"exponential"
"SRS5","Oct 2022",5,5.25,101.12305604,0.00921785384993226,0.932137551435229,"exponential"
"SRS5","Oct 2022",5.5,5.75,98.60312502,0.00725143863215993,0.715014510021724,"exponential"
"SRS5","Oct 2022",6,6.25,90.81221839,0.00570451247026096,0.518039432257816,"exponential"
"SRS5","Oct 2022",6.5,6.75,82.16338252,0.00448758710844525,0.368715336183008,"exponential"
"SRS5","Oct 2022",7,7.25,74.17819774,0.00353026453371269,0.261868660656249,"exponential"
"SRS5","Oct 2022",7.5,7.75,61.76272611,0.00277716451554462,0.171525251335993,"exponential"
"SRS5","Oct 2022",8,8.25,51.659799563,0.00218472091050044,0.112862244337548,"exponential"
"SRS5","Oct 2022",8.5,8.75,42.737087319,0.00171866140088639,0.0734505823614763,"exponential"
"SRS5","Oct 2022",9,9.25,40.767775377,0.0013520248726965,0.0551190463142081,"exponential"
"SRS5","Oct 2022",9.5,9.75,37.105875599,0.001063601739963,0.0394658738499469,"exponential"
"SRS5","Oct 2022",10,10.25,31.128182847,0.000836706989713976,0.0260451681651796,"exponential"
"SRS5","Oct 2022",10.5,10.75,26.967752973,0.000658214969317913,0.0177505786956963,"exponential"
"SRS5","Oct 2022",11,11.25,19.787765177,0.000517800079550291,0.0102461063827731,"exponential"
"SRS5","Oct 2022",11.5,11.75,13.567057665,0.000407339448174703,0.00552639778261548,"exponential"
"SRS5","Oct 2022",12,12.25,8.243451724,0.000320443029254414,0.00264155664195108,"exponential"
"SRS5","Oct 2022",12.5,12.75,3.710412687,0.000252083944871711,0.000935335467241005,"exponential"
"SRS5","Oct 2022",13,13.25,2.392276499,0.000198307684863482,0.000474406814070006,"exponential"
"SRS5","Oct 2022",13.5,13.75,0.424985418,0.000156003342045157,6.62991455284581e-05,"exponential"
"SRS5","Oct 2022",14,14.25,0.050380025,0.00012272364909112,6.18282050930185e-06,"exponential"
"SRS6","Oct 2022",0,0.25,47.73429654,0.389624268557446,18.5984403745017,"exponential"
"SRS6","Oct 2022",0.5,0.75,35.678437568,0.143006516045621,5.10224905455088,"exponential"
"SRS6","Oct 2022",1,1.25,103.33855613,0.0524886802026584,5.42410442531203,"exponential"
"SRS6","Oct 2022",1.5,1.75,103.03794731,0.0192652868246789,1.98505560875331,"exponential"
"SRS6","Oct 2022",2,2.25,92.56806634,0.00707107275328959,0.654555531721477,"exponential"
"SRS6","Oct 2022",2.5,2.75,78.89138387,0.00259534521013536,0.204750375247955,"exponential"
"SRS6","Oct 2022",3,3.25,82.93827841,0.000952587675842953,0.0790059818689977,"exponential"
"SRS6","Oct 2022",3.5,3.75,68.7351061,0.000349634906610575,0.0240321924021414,"exponential"
"SRS6","Oct 2022",4,4.25,68.78117328,0.000128328941283447,0.00882661514725569,"exponential"
"SRS6","Oct 2022",4.5,4.75,71.89296102,4.71014674437893e-05,0.00338626396292115,"exponential"
"SRS6","Oct 2022",5,5.25,69.34825828,1.72879805067364e-05,0.00119889133732076,"exponential"
"SRS6","Oct 2022",5.5,5.75,73.0826153,6.34532820783074e-06,0.000463733180365132,"exponential"
"SRS6","Oct 2022",6,6.25,71.63120025,2.32897012172148e-06,0.000166826925165298,"exponential"
"SRS6","Oct 2022",6.5,6.75,67.44151417,8.5481816703784e-07,5.76502315250559e-05,"exponential"
"SRS6","Oct 2022",7,7.25,65.2632522,3.13749881066665e-07,2.04763376157738e-05,"exponential"
"SRS6","Oct 2022",7.5,7.75,66.76944564,1.15157809771945e-07,7.68902311958937e-06,"exponential"
"SRS6","Oct 2022",8,8.25,64.54636338,4.22671750707496e-08,2.72819244116268e-06,"exponential"
"SRS6","Oct 2022",8.5,8.75,63.6124659,1.5513616419063e-08,9.86859395443324e-07,"exponential"
"SRS6","Oct 2022",9,9.25,66.36048152,5.69407096629877e-09,3.77861291132638e-07,"exponential"
"SRS6","Oct 2022",9.5,9.75,65.80203365,2.08993462861477e-09,1.37521948758409e-07,"exponential"
"SRS6","Oct 2022",10,10.25,64.85786297,7.67083300811464e-10,4.97513836106052e-08,"exponential"
"SRS6","Oct 2022",10.5,10.75,58.13859212,2.81547940460614e-10,1.63688008726657e-08,"exponential"
"SRS6","Oct 2022",11,11.25,55.182101038,1.0333850664427e-10,5.70243591476015e-09,"exponential"
"SRS6","Oct 2022",11.5,11.75,52.560907426,3.79290537092799e-11,1.99358548076924e-09,"exponential"
"SRS6","Oct 2022",12,12.25,45.375874789,1.39213654425421e-11,6.31694135212703e-10,"exponential"
"SRS6","Oct 2022",12.5,12.75,37.425082277,5.10965597165393e-12,1.91229295146313e-10,"exponential"
"SRS6","Oct 2022",13,13.25,31.191275642,1.87543271214431e-12,5.84971386725168e-11,"exponential"
"SRS6","Oct 2022",13.5,13.75,25.433878339,6.88353164536524e-13,1.75074906410876e-11,"exponential"
"SRS6","Oct 2022",14,14.25,20.495999416,2.52651068768918e-13,5.17833615793953e-12,"exponential"
"SRS6","Oct 2022",14.5,14.75,19.232399134,9.27322860396166e-14,1.78346433772216e-12,"exponential"
"SRS6","Oct 2022",15,15.25,15.532284152,3.40361784972241e-14,5.28659595867077e-13,"exponential"
"SRS6","Oct 2022",15.5,15.75,12.90201222,1.24925362694065e-14,1.61178855606676e-13,"exponential"
"SRS6","Oct 2022",16,16.25,9.452496987,4.58522282268459e-15,4.33418049161497e-14,"exponential"
"SRS6","Oct 2022",16.5,16.75,8.741245562,1.68294635134698e-15,1.47110473247959e-14,"exponential"
"SRS6","Oct 2022",17,17.25,5.382725622,6.17703551395535e-16,3.32492873289714e-15,"exponential"
"SRS6","Oct 2022",17.5,17.75,2.194612892,2.26720047909588e-16,4.97562740017239e-16,"exponential"
"SRS6","Oct 2022",18,18.25,0.582026786,8.32146423765855e-17,4.84331508505834e-17,"exponential"
"SRS6","Oct 2022",18.5,18.75,0.085158838,3.05428512816141e-17,2.60099372434907e-18,"exponential"
"CP40","Mar 2023",0,0.25,46.74574591,3.16995484553533,148.181903755568,"exponential"
"CP40","Mar 2023",0.5,0.75,28.95552353,0.401326403100772,11.6206161081947,"exponential"
"CP40","Mar 2023",1,1.25,23.20125921,0.0508092038133129,1.17883750792639,"exponential"
"CP40","Mar 2023",1.5,1.75,29.328222484,0.00643260740433903,0.188656941106681,"exponential"
"CP40","Mar 2023",2,2.25,26.96826386,0.000814388632626346,0.0219626475292519,"exponential"
"CP40","Mar 2023",2.5,2.75,28.32326539,0.000103104200717059,0.00292024763973309,"exponential"
"CP40","Mar 2023",3,3.25,22.64762369,1.30533209571222e-05,0.000295626700941693,"exponential"
"CP40","Mar 2023",3.5,3.75,22.323977948,1.65259210414939e-06,3.68924296900698e-05,"exponential"
"CP40","Mar 2023",4,4.25,21.659234474,2.0922343606412e-07,4.53161945916873e-06,"exponential"
"CP40","Mar 2023",4.5,4.75,21.398478075,2.64883549234967e-08,5.66810482073261e-07,"exponential"
"CP40","Mar 2023",5,5.25,19.995737916,3.35351029383775e-09,6.70559129341877e-08,"exponential"
"CP40","Mar 2023",5.5,5.75,19.732948216,4.24565108832026e-10,8.37792130690278e-09,"exponential"
"CP40","Mar 2023",6,6.25,19.194600626,5.37512981453432e-11,1.03173470102892e-09,"exponential"
"CP40","Mar 2023",6.5,6.75,17.010922738,6.8050859390159e-12,1.1576079113405e-10,"exponential"
"CP40","Mar 2023",7,7.25,14.48891203,8.61545604204242e-13,1.24828584691485e-11,"exponential"
"CP40","Mar 2023",7.5,7.75,12.644456098,1.09074423861132e-13,1.37918676392673e-12,"exponential"
"CP40","Mar 2023",8,8.25,15.232143672,1.38091702662991e-14,2.10343265487378e-13,"exponential"
"CP40","Mar 2023",8.5,8.75,9.721603803,1.74828503963879e-15,1.69961344900805e-14,"exponential"
"CP40","Mar 2023",9,9.25,7.785579611,2.21338467183951e-16,1.72324825723736e-15,"exponential"
"CP40","Mar 2023",9.5,9.75,5.162688347,2.80221565388803e-17,1.44669661021087e-16,"exponential"
"CP40","Mar 2023",10,10.25,4.19555219,3.54769447480145e-18,1.48845373232041e-17,"exponential"
"CP40","Mar 2023",10.5,10.75,1.770607714,4.49149446049004e-19,7.95267473913194e-19,"exponential"
"CP40","Mar 2023",11,11.25,0.582547913,5.68637537192143e-20,3.31258610544743e-20,"exponential"
"CP40","Mar 2023",11.5,11.75,0.036946261,7.19913275076527e-21,2.65981037583421e-22,"exponential"
"FLM30","Mar 2023",0,0.25,59.12687936,2.67227979775832,158.003565218221,"exponential"
"FLM30","Mar 2023",0.5,0.75,36.279548959,0.457810872085112,16.6091719477743,"exponential"
"FLM30","Mar 2023",1,1.25,33.185797234,0.0784314557087731,2.6028103859188,"exponential"
"FLM30","Mar 2023",1.5,1.75,29.044421687,0.0134367565728181,0.390262824006499,"exponential"
"FLM30","Mar 2023",2,2.25,26.981116496,0.00230196450602123,0.0621095725066158,"exponential"
"FLM30","Mar 2023",2.5,2.75,25.802751711,0.000394369024865809,0.0101758060311217,"exponential"
"FLM30","Mar 2023",3,3.25,24.08722039,6.75626958481763e-05,0.00162739754503756,"exponential"
"FLM30","Mar 2023",3.5,3.75,23.213233519,1.15747373207782e-05,0.000268687080348308,"exponential"
"FLM30","Mar 2023",4,4.25,20.727214663,1.98296622660049e-06,4.11013666482275e-05,"exponential"
"FLM30","Mar 2023",4.5,4.75,18.394616863,3.39718729407316e-07,6.24899586863275e-06,"exponential"
"FLM30","Mar 2023",5,5.25,16.596003043,5.82000911371913e-08,9.65888889615703e-07,"exponential"
"FLM30","Mar 2023",5.5,5.75,13.164497246,9.97075025650448e-09,1.31259914292307e-07,"exponential"
"FLM30","Mar 2023",6,6.25,11.198496228,1.70817362541989e-09,1.91289759010338e-08,"exponential"
"FLM30","Mar 2023",6.5,6.75,9.41790114,2.9264168287403e-10,2.75607043875085e-09,"exponential"
"FLM30","Mar 2023",7,7.25,7.178411854,5.01349238045361e-11,3.59889131337869e-10,"exponential"
"FLM30","Mar 2023",7.5,7.75,4.955332173,8.5890381718745e-12,4.25615371882148e-11,"exponential"
"FLM30","Mar 2023",8,8.25,3.656596828,1.47146083248346e-12,5.38053901258526e-12,"exponential"
"FLM30","Mar 2023",8.5,8.75,1.417504889,2.52088410623558e-13,3.57336554519133e-13,"exponential"
"FLM30","Mar 2023",9,9.25,0.698586722,4.31873994657793e-14,3.01701438245033e-14,"exponential"
"FLM30","Mar 2023",9.5,9.75,0.365448341,7.39879896899356e-15,2.70387880861121e-15,"exponential"
"FLM30","Mar 2023",10,10.25,0.310972685,1.26755087967166e-15,3.9417370042561e-16,"exponential"
"FLM30","Mar 2023",10.5,10.75,0.166994499,2.17154870579617e-16,3.6263668817853e-17,"exponential"
"SRS5","Mar 2023",0,0.25,30.89988231,0.10639403268009,3.28756308830107,"exponential"
"SRS5","Mar 2023",0.5,0.75,59.773419509,0.0863839655941282,5.16346501430884,"exponential"
"SRS5","Mar 2023",1,1.25,137.93032641,0.0701372936413186,9.67405980546109,"exponential"
"SRS5","Mar 2023",1.5,1.75,112.30752079,0.0569462159498605,6.39548833170079,"exponential"
"SRS5","Mar 2023",2,2.25,104.80543806,0.0462360513593833,4.84578961688483,"exponential"
"SRS5","Mar 2023",2.5,2.75,103.13717564,0.0375402019194704,3.87179039892948,"exponential"
"SRS5","Mar 2023",3,3.25,97.2843071,0.0304798251304089,2.965208668341,"exponential"
"SRS5","Mar 2023",3.5,3.75,101.72916534,0.0247473293290537,2.51752515703873,"exponential"
"SRS5","Mar 2023",4,4.25,95.55579855,0.0200929731814516,1.92000009759734,"exponential"
"SRS5","Mar 2023",4.5,4.75,97.89035965,0.0163139854770733,1.59698190567558,"exponential"
"SRS5","Mar 2023",5,5.25,101.12305604,0.0132457312187052,1.3394488203199,"exponential"
"SRS5","Mar 2023",5.5,5.75,98.60312502,0.010754539150764,1.06043116841527,"exponential"
"SRS5","Mar 2023",6,6.25,90.81221839,0.00873187825085756,0.792961234671768,"exponential"
"SRS5","Mar 2023",6.5,6.75,82.16338252,0.00708962947820804,0.582507938743075,"exponential"
"SRS5","Mar 2023",7,7.25,74.17819774,0.0057562467884089,0.426988012510836,"exponential"
"SRS5","Mar 2023",7.5,7.75,61.76272611,0.00467364016566954,0.288656757488942,"exponential"
"SRS5","Mar 2023",8,8.25,51.659799563,0.00379464487904577,0.196030593864269,"exponential"
"SRS5","Mar 2023",8.5,8.75,42.737087319,0.00308096670852826,0.131671543249304,"exponential"
"SRS5","Mar 2023",9,9.25,40.767775377,0.00250151362291547,0.101981145481524,"exponential"
"SRS5","Mar 2023",9.5,9.75,37.105875599,0.00203104122751812,0.0753635631247277,"exponential"
"SRS5","Mar 2023",10,10.25,31.128182847,0.001649052969406,0.0513320223560582,"exponential"
"SRS5","Mar 2023",10.5,10.75,26.967752973,0.00133890718665014,0.0361073182633555,"exponential"
"SRS5","Mar 2023",11,11.25,19.787765177,0.00108709209935757,0.0215111231878595,"exponential"
"SRS5","Mar 2023",11.5,11.75,13.567057665,0.000882637156831129,0.0119747892039996,"exponential"
"SRS5","Mar 2023",12,12.25,8.243451724,0.000716635095664228,0.00590754681483219,"exponential"
"SRS5","Mar 2023",12.5,12.75,3.710412687,0.000581853886801568,0.0021589180435688,"exponential"
"SRS5","Mar 2023",13,13.25,2.392276499,0.000472421665690677,0.00113016324845024,"exponential"
"SRS5","Mar 2023",13.5,13.75,0.424985418,0.000383570919223001,0.000163012047438631,"exponential"
"SRS5","Mar 2023",14,14.25,0.050380025,0.000311430784738629,1.56898907209018e-05,"exponential"
"SRS6","Mar 2023",0,0.25,47.73429654,0.233217122330631,11.1324552755358,"exponential"
"SRS6","Mar 2023",0.5,0.75,35.678437568,0.186559403337706,6.65614802470767,"exponential"
"SRS6","Mar 2023",1,1.25,103.33855613,0.149236087924877,15.4218418486465,"exponential"
"SRS6","Mar 2023",1.5,1.75,103.03794731,0.119379723244539,12.3006416335532,"exponential"
"SRS6","Mar 2023",2,2.25,92.56806634,0.0954964614799919,8.83992278151514,"exponential"
"SRS6","Mar 2023",2.5,2.75,78.89138387,0.0763913159399685,6.0266166301545,"exponential"
"SRS6","Mar 2023",3,3.25,82.93827841,0.0611083705155164,5.06822304699733,"exponential"
"SRS6","Mar 2023",3.5,3.75,68.7351061,0.0488829509102337,3.359974817296,"exponential"
"SRS6","Mar 2023",4,4.25,68.78117328,0.0391033645560157,2.68957529335833,"exponential"
"SRS6","Mar 2023",4.5,4.75,71.89296102,0.0312802948907193,2.24883302127259,"exponential"
"SRS6","Mar 2023",5,5.25,69.34825828,0.0250223186562045,1.73525421693493,"exponential"
"SRS6","Mar 2023",5.5,5.75,73.0826153,0.0200163212373809,1.46284510471273,"exponential"
"SRS6","Mar 2023",6,6.25,71.63120025,0.0160118301338425,1.14694661068626,"exponential"
"SRS6","Mar 2023",6.5,6.75,67.44151417,0.0128084826974217,0.863823467334364,"exponential"
"SRS6","Mar 2023",7,7.25,65.2632522,0.0102460010903688,0.668687353202214,"exponential"
"SRS6","Mar 2023",7.5,7.75,66.76944564,0.00819617286635919,0.547253918656413,"exponential"
"SRS6","Mar 2023",8,8.25,64.54636338,0.0065564359268309,0.423194095810914,"exponential"
"SRS6","Mar 2023",8.5,8.75,63.6124659,0.00524474687925098,0.333631282010484,"exponential"
"SRS6","Mar 2023",9,9.25,66.36048152,0.00419547603826105,0.278413810104626,"exponential"
"SRS6","Mar 2023",9.5,9.75,65.80203365,0.00335612367820055,0.220839763206514,"exponential"
"SRS6","Mar 2023",10,10.25,64.85786297,0.00268469323639539,0.174123466042618,"exponential"
"SRS6","Mar 2023",10.5,10.75,58.13859212,0.00214759003679258,0.12485786119006,"exponential"
"SRS6","Mar 2023",11,11.25,55.182101038,0.00171794039766095,0.0947995606009883,"exponential"
"SRS6","Mar 2023",11.5,11.75,52.560907426,0.00137424702077834,0.0722316704395867,"exponential"
"SRS6","Mar 2023",12,12.25,45.375874789,0.00109931338519631,0.0498823065205394,"exponential"
"SRS6","Mar 2023",12.5,12.75,37.425082277,0.000879383328178733,0.0329109934101112,"exponential"
"SRS6","Mar 2023",13,13.25,31.191275642,0.000703452762690242,0.0219415890221978,"exponential"
"SRS6","Mar 2023",13.5,13.75,25.433878339,0.00056271909357367,0.0143121289649851,"exponential"
"SRS6","Mar 2023",14,14.25,20.495999416,0.000450140784238853,0.00922608525087732,"exponential"
"SRS6","Mar 2023",14.5,14.75,19.232399134,0.000360085037009042,0.00692529915393905,"exponential"
"SRS6","Mar 2023",15,15.25,15.532284152,0.000288045958992692,0.00447401168390983,"exponential"
"SRS6","Mar 2023",15.5,15.75,12.90201222,0.00023041911205529,0.0029728701994589,"exponential"
"SRS6","Mar 2023",16,16.25,9.452496987,0.000184321166615274,0.0017422952720712,"exponential"
"SRS6","Mar 2023",16.5,16.75,8.741245562,0.000147445635734692,0.00128885850900215,"exponential"
"SRS6","Mar 2023",17,17.25,5.382725622,0.000117947471234191,0.000634878875462389,"exponential"
"SRS6","Mar 2023",17.5,17.75,2.194612892,9.43507476584275e-05,0.000207063367181024,"exponential"
"SRS6","Mar 2023",18,18.25,0.582026786,7.54748151067071e-05,4.3928364060501e-05,"exponential"
"SRS6","Mar 2023",18.5,18.75,0.085158838,6.03752260237953e-05,5.14148409217377e-06,"exponential"
"CP40","Mar 2022",0,0.25,46.74574591,0,0,"zero_above_max"
"CP40","Mar 2022",0.5,0.75,28.95552353,0,0,"zero_above_max"
"CP40","Mar 2022",1,1.25,23.20125921,0,0,"zero_above_max"
"CP40","Mar 2022",1.5,1.75,29.328222484,0,0,"zero_above_max"
"CP40","Mar 2022",2,2.25,26.96826386,0,0,"zero_above_max"
"CP40","Mar 2022",2.5,2.75,28.32326539,0,0,"zero_above_max"
"CP40","Mar 2022",3,3.25,22.64762369,0,0,"zero_above_max"
"CP40","Mar 2022",3.5,3.75,22.323977948,0,0,"zero_above_max"
"CP40","Mar 2022",4,4.25,21.659234474,0,0,"zero_above_max"
"CP40","Mar 2022",4.5,4.75,21.398478075,0,0,"zero_above_max"
"CP40","Mar 2022",5,5.25,19.995737916,0,0,"zero_above_max"
"CP40","Mar 2022",5.5,5.75,19.732948216,0,0,"zero_above_max"
"CP40","Mar 2022",6,6.25,19.194600626,0,0,"zero_above_max"
"CP40","Mar 2022",6.5,6.75,17.010922738,0,0,"zero_above_max"
"CP40","Mar 2022",7,7.25,14.48891203,0,0,"zero_above_max"
"CP40","Mar 2022",7.5,7.75,12.644456098,0,0,"zero_above_max"
"CP40","Mar 2022",8,8.25,15.232143672,0,0,"zero_above_max"
"CP40","Mar 2022",8.5,8.75,9.721603803,0,0,"zero_above_max"
"CP40","Mar 2022",9,9.25,7.785579611,0,0,"zero_above_max"
"CP40","Mar 2022",9.5,9.75,5.162688347,0,0,"zero_above_max"
"CP40","Mar 2022",10,10.25,4.19555219,0,0,"zero_above_max"
"CP40","Mar 2022",10.5,10.75,1.770607714,0,0,"zero_above_max"
"CP40","Mar 2022",11,11.25,0.582547913,0,0,"zero_above_max"
"CP40","Mar 2022",11.5,11.75,0.036946261,0,0,"zero_above_max"
"FLM30","Mar 2022",0,0.25,59.12687936,12.7986230654153,756.742641962922,"zero_above_max"
"FLM30","Mar 2022",0.5,0.75,36.279548959,6.03139682787089,218.816356507899,"zero_above_max"
"FLM30","Mar 2022",1,1.25,33.185797234,1.45599202799363,48.3182562153172,"zero_above_max"
"FLM30","Mar 2022",1.5,1.75,29.044421687,0,0,"zero_above_max"
"FLM30","Mar 2022",2,2.25,26.981116496,0,0,"zero_above_max"
"FLM30","Mar 2022",2.5,2.75,25.802751711,0,0,"zero_above_max"
"FLM30","Mar 2022",3,3.25,24.08722039,0,0,"zero_above_max"
"FLM30","Mar 2022",3.5,3.75,23.213233519,0,0,"zero_above_max"
"FLM30","Mar 2022",4,4.25,20.727214663,0,0,"zero_above_max"
"FLM30","Mar 2022",4.5,4.75,18.394616863,0,0,"zero_above_max"
"FLM30","Mar 2022",5,5.25,16.596003043,0,0,"zero_above_max"
"FLM30","Mar 2022",5.5,5.75,13.164497246,0,0,"zero_above_max"
"FLM30","Mar 2022",6,6.25,11.198496228,0,0,"zero_above_max"
"FLM30","Mar 2022",6.5,6.75,9.41790114,0,0,"zero_above_max"
"FLM30","Mar 2022",7,7.25,7.178411854,0,0,"zero_above_max"
"FLM30","Mar 2022",7.5,7.75,4.955332173,0,0,"zero_above_max"
"FLM30","Mar 2022",8,8.25,3.656596828,0,0,"zero_above_max"
"FLM30","Mar 2022",8.5,8.75,1.417504889,0,0,"zero_above_max"
"FLM30","Mar 2022",9,9.25,0.698586722,0,0,"zero_above_max"
"FLM30","Mar 2022",9.5,9.75,0.365448341,0,0,"zero_above_max"
"FLM30","Mar 2022",10,10.25,0.310972685,0,0,"zero_above_max"
"FLM30","Mar 2022",10.5,10.75,0.166994499,0,0,"zero_above_max"
"SRS5","Mar 2022",0,0.25,30.89988231,0,0,"zero_above_max"
"SRS5","Mar 2022",0.5,0.75,59.773419509,0,0,"zero_above_max"
"SRS5","Mar 2022",1,1.25,137.93032641,0,0,"zero_above_max"
"SRS5","Mar 2022",1.5,1.75,112.30752079,0,0,"zero_above_max"
"SRS5","Mar 2022",2,2.25,104.80543806,0,0,"zero_above_max"
"SRS5","Mar 2022",2.5,2.75,103.13717564,0,0,"zero_above_max"
"SRS5","Mar 2022",3,3.25,97.2843071,0,0,"zero_above_max"
"SRS5","Mar 2022",3.5,3.75,101.72916534,0,0,"zero_above_max"
"SRS5","Mar 2022",4,4.25,95.55579855,0,0,"zero_above_max"
"SRS5","Mar 2022",4.5,4.75,97.89035965,0,0,"zero_above_max"
"SRS5","Mar 2022",5,5.25,101.12305604,0,0,"zero_above_max"
"SRS5","Mar 2022",5.5,5.75,98.60312502,0,0,"zero_above_max"
"SRS5","Mar 2022",6,6.25,90.81221839,0,0,"zero_above_max"
"SRS5","Mar 2022",6.5,6.75,82.16338252,0,0,"zero_above_max"
"SRS5","Mar 2022",7,7.25,74.17819774,0,0,"zero_above_max"
"SRS5","Mar 2022",7.5,7.75,61.76272611,0,0,"zero_above_max"
"SRS5","Mar 2022",8,8.25,51.659799563,0,0,"zero_above_max"
"SRS5","Mar 2022",8.5,8.75,42.737087319,0,0,"zero_above_max"
"SRS5","Mar 2022",9,9.25,40.767775377,0,0,"zero_above_max"
"SRS5","Mar 2022",9.5,9.75,37.105875599,0,0,"zero_above_max"
"SRS5","Mar 2022",10,10.25,31.128182847,0,0,"zero_above_max"
"SRS5","Mar 2022",10.5,10.75,26.967752973,0,0,"zero_above_max"
"SRS5","Mar 2022",11,11.25,19.787765177,0,0,"zero_above_max"
"SRS5","Mar 2022",11.5,11.75,13.567057665,0,0,"zero_above_max"
"SRS5","Mar 2022",12,12.25,8.243451724,0,0,"zero_above_max"
"SRS5","Mar 2022",12.5,12.75,3.710412687,0,0,"zero_above_max"
"SRS5","Mar 2022",13,13.25,2.392276499,0,0,"zero_above_max"
"SRS5","Mar 2022",13.5,13.75,0.424985418,0,0,"zero_above_max"
"SRS5","Mar 2022",14,14.25,0.050380025,0,0,"zero_above_max"
"SRS6","Mar 2022",0,0.25,47.73429654,0.537798916097657,25.6714529398961,"zero_above_max"
"SRS6","Mar 2022",0.5,0.75,35.678437568,1.37726098904052,49.138520212324,"zero_above_max"
"SRS6","Mar 2022",1,1.25,103.33855613,0.190138890788043,19.6486784381961,"zero_above_max"
"SRS6","Mar 2022",1.5,1.75,103.03794731,0,0,"zero_above_max"
"SRS6","Mar 2022",2,2.25,92.56806634,0,0,"zero_above_max"
"SRS6","Mar 2022",2.5,2.75,78.89138387,0,0,"zero_above_max"
"SRS6","Mar 2022",3,3.25,82.93827841,0,0,"zero_above_max"
"SRS6","Mar 2022",3.5,3.75,68.7351061,0,0,"zero_above_max"
"SRS6","Mar 2022",4,4.25,68.78117328,0,0,"zero_above_max"
"SRS6","Mar 2022",4.5,4.75,71.89296102,0,0,"zero_above_max"
"SRS6","Mar 2022",5,5.25,69.34825828,0,0,"zero_above_max"
"SRS6","Mar 2022",5.5,5.75,73.0826153,0,0,"zero_above_max"
"SRS6","Mar 2022",6,6.25,71.63120025,0,0,"zero_above_max"
"SRS6","Mar 2022",6.5,6.75,67.44151417,0,0,"zero_above_max"
"SRS6","Mar 2022",7,7.25,65.2632522,0,0,"zero_above_max"
"SRS6","Mar 2022",7.5,7.75,66.76944564,0,0,"zero_above_max"
"SRS6","Mar 2022",8,8.25,64.54636338,0,0,"zero_above_max"
"SRS6","Mar 2022",8.5,8.75,63.6124659,0,0,"zero_above_max"
"SRS6","Mar 2022",9,9.25,66.36048152,0,0,"zero_above_max"
"SRS6","Mar 2022",9.5,9.75,65.80203365,0,0,"zero_above_max"
"SRS6","Mar 2022",10,10.25,64.85786297,0,0,"zero_above_max"
"SRS6","Mar 2022",10.5,10.75,58.13859212,0,0,"zero_above_max"
"SRS6","Mar 2022",11,11.25,55.182101038,0,0,"zero_above_max"
"SRS6","Mar 2022",11.5,11.75,52.560907426,0,0,"zero_above_max"
"SRS6","Mar 2022",12,12.25,45.375874789,0,0,"zero_above_max"
"SRS6","Mar 2022",12.5,12.75,37.425082277,0,0,"zero_above_max"
"SRS6","Mar 2022",13,13.25,31.191275642,0,0,"zero_above_max"
"SRS6","Mar 2022",13.5,13.75,25.433878339,0,0,"zero_above_max"
"SRS6","Mar 2022",14,14.25,20.495999416,0,0,"zero_above_max"
"SRS6","Mar 2022",14.5,14.75,19.232399134,0,0,"zero_above_max"
"SRS6","Mar 2022",15,15.25,15.532284152,0,0,"zero_above_max"
"SRS6","Mar 2022",15.5,15.75,12.90201222,0,0,"zero_above_max"
"SRS6","Mar 2022",16,16.25,9.452496987,0,0,"zero_above_max"
"SRS6","Mar 2022",16.5,16.75,8.741245562,0,0,"zero_above_max"
"SRS6","Mar 2022",17,17.25,5.382725622,0,0,"zero_above_max"
"SRS6","Mar 2022",17.5,17.75,2.194612892,0,0,"zero_above_max"
"SRS6","Mar 2022",18,18.25,0.582026786,0,0,"zero_above_max"
"SRS6","Mar 2022",18.5,18.75,0.085158838,0,0,"zero_above_max"
"CP40","Oct 2022",0,0.25,46.74574591,48.1445602462143,2250.55338021822,"zero_above_max"
"CP40","Oct 2022",0.5,0.75,28.95552353,4.48543925623689,129.878241926353,"zero_above_max"
"CP40","Oct 2022",1,1.25,23.20125921,0.6669491535089,15.4740601904501,"zero_above_max"
"CP40","Oct 2022",1.5,1.75,29.328222484,0,0,"zero_above_max"
"CP40","Oct 2022",2,2.25,26.96826386,0,0,"zero_above_max"
"CP40","Oct 2022",2.5,2.75,28.32326539,0,0,"zero_above_max"
"CP40","Oct 2022",3,3.25,22.64762369,0,0,"zero_above_max"
"CP40","Oct 2022",3.5,3.75,22.323977948,0,0,"zero_above_max"
"CP40","Oct 2022",4,4.25,21.659234474,0,0,"zero_above_max"
"CP40","Oct 2022",4.5,4.75,21.398478075,0,0,"zero_above_max"
"CP40","Oct 2022",5,5.25,19.995737916,0,0,"zero_above_max"
"CP40","Oct 2022",5.5,5.75,19.732948216,0,0,"zero_above_max"
"CP40","Oct 2022",6,6.25,19.194600626,0,0,"zero_above_max"
"CP40","Oct 2022",6.5,6.75,17.010922738,0,0,"zero_above_max"
"CP40","Oct 2022",7,7.25,14.48891203,0,0,"zero_above_max"
"CP40","Oct 2022",7.5,7.75,12.644456098,0,0,"zero_above_max"
"CP40","Oct 2022",8,8.25,15.232143672,0,0,"zero_above_max"
"CP40","Oct 2022",8.5,8.75,9.721603803,0,0,"zero_above_max"
"CP40","Oct 2022",9,9.25,7.785579611,0,0,"zero_above_max"
"CP40","Oct 2022",9.5,9.75,5.162688347,0,0,"zero_above_max"
"CP40","Oct 2022",10,10.25,4.19555219,0,0,"zero_above_max"
"CP40","Oct 2022",10.5,10.75,1.770607714,0,0,"zero_above_max"
"CP40","Oct 2022",11,11.25,0.582547913,0,0,"zero_above_max"
"CP40","Oct 2022",11.5,11.75,0.036946261,0,0,"zero_above_max"
"FLM30","Oct 2022",0,0.25,59.12687936,43.6330353276277,2579.88521592726,"zero_above_max"
"FLM30","Oct 2022",0.5,0.75,36.279548959,2.34760888260231,85.1701913929537,"zero_above_max"
"FLM30","Oct 2022",1,1.25,33.185797234,0.211110140746149,7.0058583248429,"zero_above_max"
"FLM30","Oct 2022",1.5,1.75,29.044421687,0,0,"zero_above_max"
"FLM30","Oct 2022",2,2.25,26.981116496,0,0,"zero_above_max"
"FLM30","Oct 2022",2.5,2.75,25.802751711,0,0,"zero_above_max"
"FLM30","Oct 2022",3,3.25,24.08722039,0,0,"zero_above_max"
"FLM30","Oct 2022",3.5,3.75,23.213233519,0,0,"zero_above_max"
"FLM30","Oct 2022",4,4.25,20.727214663,0,0,"zero_above_max"
"FLM30","Oct 2022",4.5,4.75,18.394616863,0,0,"zero_above_max"
"FLM30","Oct 2022",5,5.25,16.596003043,0,0,"zero_above_max"
"FLM30","Oct 2022",5.5,5.75,13.164497246,0,0,"zero_above_max"
"FLM30","Oct 2022",6,6.25,11.198496228,0,0,"zero_above_max"
"FLM30","Oct 2022",6.5,6.75,9.41790114,0,0,"zero_above_max"
"FLM30","Oct 2022",7,7.25,7.178411854,0,0,"zero_above_max"
"FLM30","Oct 2022",7.5,7.75,4.955332173,0,0,"zero_above_max"
"FLM30","Oct 2022",8,8.25,3.656596828,0,0,"zero_above_max"
"FLM30","Oct 2022",8.5,8.75,1.417504889,0,0,"zero_above_max"
"FLM30","Oct 2022",9,9.25,0.698586722,0,0,"zero_above_max"
"FLM30","Oct 2022",9.5,9.75,0.365448341,0,0,"zero_above_max"
"FLM30","Oct 2022",10,10.25,0.310972685,0,0,"zero_above_max"
"FLM30","Oct 2022",10.5,10.75,0.166994499,0,0,"zero_above_max"
"SRS5","Oct 2022",0,0.25,30.89988231,0.157887442327013,4.87870338613163,"zero_above_max"
"SRS5","Oct 2022",0.5,0.75,59.773419509,0.107875614355067,6.44809435163651,"zero_above_max"
"SRS5","Oct 2022",1,1.25,137.93032641,0.105129730606729,14.5005780579815,"zero_above_max"
"SRS5","Oct 2022",1.5,1.75,112.30752079,0,0,"zero_above_max"
"SRS5","Oct 2022",2,2.25,104.80543806,0,0,"zero_above_max"
"SRS5","Oct 2022",2.5,2.75,103.13717564,0,0,"zero_above_max"
"SRS5","Oct 2022",3,3.25,97.2843071,0,0,"zero_above_max"
"SRS5","Oct 2022",3.5,3.75,101.72916534,0,0,"zero_above_max"
"SRS5","Oct 2022",4,4.25,95.55579855,0,0,"zero_above_max"
"SRS5","Oct 2022",4.5,4.75,97.89035965,0,0,"zero_above_max"
"SRS5","Oct 2022",5,5.25,101.12305604,0,0,"zero_above_max"
"SRS5","Oct 2022",5.5,5.75,98.60312502,0,0,"zero_above_max"
"SRS5","Oct 2022",6,6.25,90.81221839,0,0,"zero_above_max"
"SRS5","Oct 2022",6.5,6.75,82.16338252,0,0,"zero_above_max"
"SRS5","Oct 2022",7,7.25,74.17819774,0,0,"zero_above_max"
"SRS5","Oct 2022",7.5,7.75,61.76272611,0,0,"zero_above_max"
"SRS5","Oct 2022",8,8.25,51.659799563,0,0,"zero_above_max"
"SRS5","Oct 2022",8.5,8.75,42.737087319,0,0,"zero_above_max"
"SRS5","Oct 2022",9,9.25,40.767775377,0,0,"zero_above_max"
"SRS5","Oct 2022",9.5,9.75,37.105875599,0,0,"zero_above_max"
"SRS5","Oct 2022",10,10.25,31.128182847,0,0,"zero_above_max"
"SRS5","Oct 2022",10.5,10.75,26.967752973,0,0,"zero_above_max"
"SRS5","Oct 2022",11,11.25,19.787765177,0,0,"zero_above_max"
"SRS5","Oct 2022",11.5,11.75,13.567057665,0,0,"zero_above_max"
"SRS5","Oct 2022",12,12.25,8.243451724,0,0,"zero_above_max"
"SRS5","Oct 2022",12.5,12.75,3.710412687,0,0,"zero_above_max"
"SRS5","Oct 2022",13,13.25,2.392276499,0,0,"zero_above_max"
"SRS5","Oct 2022",13.5,13.75,0.424985418,0,0,"zero_above_max"
"SRS5","Oct 2022",14,14.25,0.050380025,0,0,"zero_above_max"
"SRS6","Oct 2022",0,0.25,47.73429654,2.04770768360233,97.7458857963103,"zero_above_max"
"SRS6","Oct 2022",0.5,0.75,35.678437568,0.265876799337448,9.48606878594081,"zero_above_max"
"SRS6","Oct 2022",1,1.25,103.33855613,2.48139622476529,256.423903053678,"zero_above_max"
"SRS6","Oct 2022",1.5,1.75,103.03794731,0,0,"zero_above_max"
"SRS6","Oct 2022",2,2.25,92.56806634,0,0,"zero_above_max"
"SRS6","Oct 2022",2.5,2.75,78.89138387,0,0,"zero_above_max"
"SRS6","Oct 2022",3,3.25,82.93827841,0,0,"zero_above_max"
"SRS6","Oct 2022",3.5,3.75,68.7351061,0,0,"zero_above_max"
"SRS6","Oct 2022",4,4.25,68.78117328,0,0,"zero_above_max"
"SRS6","Oct 2022",4.5,4.75,71.89296102,0,0,"zero_above_max"
"SRS6","Oct 2022",5,5.25,69.34825828,0,0,"zero_above_max"
"SRS6","Oct 2022",5.5,5.75,73.0826153,0,0,"zero_above_max"
"SRS6","Oct 2022",6,6.25,71.63120025,0,0,"zero_above_max"
"SRS6","Oct 2022",6.5,6.75,67.44151417,0,0,"zero_above_max"
"SRS6","Oct 2022",7,7.25,65.2632522,0,0,"zero_above_max"
"SRS6","Oct 2022",7.5,7.75,66.76944564,0,0,"zero_above_max"
"SRS6","Oct 2022",8,8.25,64.54636338,0,0,"zero_above_max"
"SRS6","Oct 2022",8.5,8.75,63.6124659,0,0,"zero_above_max"
"SRS6","Oct 2022",9,9.25,66.36048152,0,0,"zero_above_max"
"SRS6","Oct 2022",9.5,9.75,65.80203365,0,0,"zero_above_max"
"SRS6","Oct 2022",10,10.25,64.85786297,0,0,"zero_above_max"
"SRS6","Oct 2022",10.5,10.75,58.13859212,0,0,"zero_above_max"
"SRS6","Oct 2022",11,11.25,55.182101038,0,0,"zero_above_max"
"SRS6","Oct 2022",11.5,11.75,52.560907426,0,0,"zero_above_max"
"SRS6","Oct 2022",12,12.25,45.375874789,0,0,"zero_above_max"
"SRS6","Oct 2022",12.5,12.75,37.425082277,0,0,"zero_above_max"
"SRS6","Oct 2022",13,13.25,31.191275642,0,0,"zero_above_max"
"SRS6","Oct 2022",13.5,13.75,25.433878339,0,0,"zero_above_max"
"SRS6","Oct 2022",14,14.25,20.495999416,0,0,"zero_above_max"
"SRS6","Oct 2022",14.5,14.75,19.232399134,0,0,"zero_above_max"
"SRS6","Oct 2022",15,15.25,15.532284152,0,0,"zero_above_max"
"SRS6","Oct 2022",15.5,15.75,12.90201222,0,0,"zero_above_max"
"SRS6","Oct 2022",16,16.25,9.452496987,0,0,"zero_above_max"
"SRS6","Oct 2022",16.5,16.75,8.741245562,0,0,"zero_above_max"
"SRS6","Oct 2022",17,17.25,5.382725622,0,0,"zero_above_max"
"SRS6","Oct 2022",17.5,17.75,2.194612892,0,0,"zero_above_max"
"SRS6","Oct 2022",18,18.25,0.582026786,0,0,"zero_above_max"
"SRS6","Oct 2022",18.5,18.75,0.085158838,0,0,"zero_above_max"
"CP40","Mar 2023",0,0.25,46.74574591,12.2092572630329,570.730837767557,"zero_above_max"
"CP40","Mar 2023",0.5,0.75,28.95552353,4.79312419245414,138.787420336818,"zero_above_max"
"CP40","Mar 2023",1,1.25,23.20125921,0.556976389218255,12.9225535801026,"zero_above_max"
"CP40","Mar 2023",1.5,1.75,29.328222484,0,0,"zero_above_max"
"CP40","Mar 2023",2,2.25,26.96826386,0,0,"zero_above_max"
"CP40","Mar 2023",2.5,2.75,28.32326539,0,0,"zero_above_max"
"CP40","Mar 2023",3,3.25,22.64762369,0,0,"zero_above_max"
"CP40","Mar 2023",3.5,3.75,22.323977948,0,0,"zero_above_max"
"CP40","Mar 2023",4,4.25,21.659234474,0,0,"zero_above_max"
"CP40","Mar 2023",4.5,4.75,21.398478075,0,0,"zero_above_max"
"CP40","Mar 2023",5,5.25,19.995737916,0,0,"zero_above_max"
"CP40","Mar 2023",5.5,5.75,19.732948216,0,0,"zero_above_max"
"CP40","Mar 2023",6,6.25,19.194600626,0,0,"zero_above_max"
"CP40","Mar 2023",6.5,6.75,17.010922738,0,0,"zero_above_max"
"CP40","Mar 2023",7,7.25,14.48891203,0,0,"zero_above_max"
"CP40","Mar 2023",7.5,7.75,12.644456098,0,0,"zero_above_max"
"CP40","Mar 2023",8,8.25,15.232143672,0,0,"zero_above_max"
"CP40","Mar 2023",8.5,8.75,9.721603803,0,0,"zero_above_max"
"CP40","Mar 2023",9,9.25,7.785579611,0,0,"zero_above_max"
"CP40","Mar 2023",9.5,9.75,5.162688347,0,0,"zero_above_max"
"CP40","Mar 2023",10,10.25,4.19555219,0,0,"zero_above_max"
"CP40","Mar 2023",10.5,10.75,1.770607714,0,0,"zero_above_max"
"CP40","Mar 2023",11,11.25,0.582547913,0,0,"zero_above_max"
"CP40","Mar 2023",11.5,11.75,0.036946261,0,0,"zero_above_max"
"FLM30","Mar 2023",0,0.25,59.12687936,19.3343903206977,1143.18216399105,"zero_above_max"
"FLM30","Mar 2023",0.5,0.75,36.279548959,3.9707888285558,144.05842771144,"zero_above_max"
"FLM30","Mar 2023",1,1.25,33.185797234,0.183882454271909,6.10228584235784,"zero_above_max"
"FLM30","Mar 2023",1.5,1.75,29.044421687,0,0,"zero_above_max"
"FLM30","Mar 2023",2,2.25,26.981116496,0,0,"zero_above_max"
"FLM30","Mar 2023",2.5,2.75,25.802751711,0,0,"zero_above_max"
"FLM30","Mar 2023",3,3.25,24.08722039,0,0,"zero_above_max"
"FLM30","Mar 2023",3.5,3.75,23.213233519,0,0,"zero_above_max"
"FLM30","Mar 2023",4,4.25,20.727214663,0,0,"zero_above_max"
"FLM30","Mar 2023",4.5,4.75,18.394616863,0,0,"zero_above_max"
"FLM30","Mar 2023",5,5.25,16.596003043,0,0,"zero_above_max"
"FLM30","Mar 2023",5.5,5.75,13.164497246,0,0,"zero_above_max"
"FLM30","Mar 2023",6,6.25,11.198496228,0,0,"zero_above_max"
"FLM30","Mar 2023",6.5,6.75,9.41790114,0,0,"zero_above_max"
"FLM30","Mar 2023",7,7.25,7.178411854,0,0,"zero_above_max"
"FLM30","Mar 2023",7.5,7.75,4.955332173,0,0,"zero_above_max"
"FLM30","Mar 2023",8,8.25,3.656596828,0,0,"zero_above_max"
"FLM30","Mar 2023",8.5,8.75,1.417504889,0,0,"zero_above_max"
"FLM30","Mar 2023",9,9.25,0.698586722,0,0,"zero_above_max"
"FLM30","Mar 2023",9.5,9.75,0.365448341,0,0,"zero_above_max"
"FLM30","Mar 2023",10,10.25,0.310972685,0,0,"zero_above_max"
"FLM30","Mar 2023",10.5,10.75,0.166994499,0,0,"zero_above_max"
"SRS5","Mar 2023",0,0.25,30.89988231,0.114059527986253,3.52442599110937,"zero_above_max"
"SRS5","Mar 2023",0.5,0.75,59.773419509,0.229843121581245,13.7385093275338,"zero_above_max"
"SRS5","Mar 2023",1,1.25,137.93032641,0.0564250114337056,7.782720244739,"zero_above_max"
"SRS5","Mar 2023",1.5,1.75,112.30752079,0.0713252638431167,8.01036355191306,"zero_above_max"
"SRS5","Mar 2023",2,2.25,104.80543806,0,0,"zero_above_max"
"SRS5","Mar 2023",2.5,2.75,103.13717564,0,0,"zero_above_max"
"SRS5","Mar 2023",3,3.25,97.2843071,0,0,"zero_above_max"
"SRS5","Mar 2023",3.5,3.75,101.72916534,0,0,"zero_above_max"
"SRS5","Mar 2023",4,4.25,95.55579855,0,0,"zero_above_max"
"SRS5","Mar 2023",4.5,4.75,97.89035965,0,0,"zero_above_max"
"SRS5","Mar 2023",5,5.25,101.12305604,0,0,"zero_above_max"
"SRS5","Mar 2023",5.5,5.75,98.60312502,0,0,"zero_above_max"
"SRS5","Mar 2023",6,6.25,90.81221839,0,0,"zero_above_max"
"SRS5","Mar 2023",6.5,6.75,82.16338252,0,0,"zero_above_max"
"SRS5","Mar 2023",7,7.25,74.17819774,0,0,"zero_above_max"
"SRS5","Mar 2023",7.5,7.75,61.76272611,0,0,"zero_above_max"
"SRS5","Mar 2023",8,8.25,51.659799563,0,0,"zero_above_max"
"SRS5","Mar 2023",8.5,8.75,42.737087319,0,0,"zero_above_max"
"SRS5","Mar 2023",9,9.25,40.767775377,0,0,"zero_above_max"
"SRS5","Mar 2023",9.5,9.75,37.105875599,0,0,"zero_above_max"
"SRS5","Mar 2023",10,10.25,31.128182847,0,0,"zero_above_max"
"SRS5","Mar 2023",10.5,10.75,26.967752973,0,0,"zero_above_max"
"SRS5","Mar 2023",11,11.25,19.787765177,0,0,"zero_above_max"
"SRS5","Mar 2023",11.5,11.75,13.567057665,0,0,"zero_above_max"
"SRS5","Mar 2023",12,12.25,8.243451724,0,0,"zero_above_max"
"SRS5","Mar 2023",12.5,12.75,3.710412687,0,0,"zero_above_max"
"SRS5","Mar 2023",13,13.25,2.392276499,0,0,"zero_above_max"
"SRS5","Mar 2023",13.5,13.75,0.424985418,0,0,"zero_above_max"
"SRS5","Mar 2023",14,14.25,0.050380025,0,0,"zero_above_max"
"SRS6","Mar 2023",0,0.25,47.73429654,0.332083127985748,15.8517545072025,"zero_above_max"
"SRS6","Mar 2023",0.5,0.75,35.678437568,0.288914852545858,10.3080305290253,"zero_above_max"
"SRS6","Mar 2023",1,1.25,103.33855613,0.185934836882492,19.2142375777038,"zero_above_max"
"SRS6","Mar 2023",1.5,1.75,103.03794731,0.0959096060643484,9.88232893618119,"zero_above_max"
"SRS6","Mar 2023",2,2.25,92.56806634,0,0,"zero_above_max"
"SRS6","Mar 2023",2.5,2.75,78.89138387,0,0,"zero_above_max"
"SRS6","Mar 2023",3,3.25,82.93827841,0,0,"zero_above_max"
"SRS6","Mar 2023",3.5,3.75,68.7351061,0,0,"zero_above_max"
"SRS6","Mar 2023",4,4.25,68.78117328,0,0,"zero_above_max"
"SRS6","Mar 2023",4.5,4.75,71.89296102,0,0,"zero_above_max"
"SRS6","Mar 2023",5,5.25,69.34825828,0,0,"zero_above_max"
"SRS6","Mar 2023",5.5,5.75,73.0826153,0,0,"zero_above_max"
"SRS6","Mar 2023",6,6.25,71.63120025,0,0,"zero_above_max"
"SRS6","Mar 2023",6.5,6.75,67.44151417,0,0,"zero_above_max"
"SRS6","Mar 2023",7,7.25,65.2632522,0,0,"zero_above_max"
"SRS6","Mar 2023",7.5,7.75,66.76944564,0,0,"zero_above_max"
"SRS6","Mar 2023",8,8.25,64.54636338,0,0,"zero_above_max"
"SRS6","Mar 2023",8.5,8.75,63.6124659,0,0,"zero_above_max"
"SRS6","Mar 2023",9,9.25,66.36048152,0,0,"zero_above_max"
"SRS6","Mar 2023",9.5,9.75,65.80203365,0,0,"zero_above_max"
"SRS6","Mar 2023",10,10.25,64.85786297,0,0,"zero_above_max"
"SRS6","Mar 2023",10.5,10.75,58.13859212,0,0,"zero_above_max"
"SRS6","Mar 2023",11,11.25,55.182101038,0,0,"zero_above_max"
"SRS6","Mar 2023",11.5,11.75,52.560907426,0,0,"zero_above_max"
"SRS6","Mar 2023",12,12.25,45.375874789,0,0,"zero_above_max"
"SRS6","Mar 2023",12.5,12.75,37.425082277,0,0,"zero_above_max"
"SRS6","Mar 2023",13,13.25,31.191275642,0,0,"zero_above_max"
"SRS6","Mar 2023",13.5,13.75,25.433878339,0,0,"zero_above_max"
"SRS6","Mar 2023",14,14.25,20.495999416,0,0,"zero_above_max"
"SRS6","Mar 2023",14.5,14.75,19.232399134,0,0,"zero_above_max"
"SRS6","Mar 2023",15,15.25,15.532284152,0,0,"zero_above_max"
"SRS6","Mar 2023",15.5,15.75,12.90201222,0,0,"zero_above_max"
"SRS6","Mar 2023",16,16.25,9.452496987,0,0,"zero_above_max"
"SRS6","Mar 2023",16.5,16.75,8.741245562,0,0,"zero_above_max"
"SRS6","Mar 2023",17,17.25,5.382725622,0,0,"zero_above_max"
"SRS6","Mar 2023",17.5,17.75,2.194612892,0,0,"zero_above_max"
"SRS6","Mar 2023",18,18.25,0.582026786,0,0,"zero_above_max"
"SRS6","Mar 2023",18.5,18.75,0.085158838,0,0,"zero_above_max"
