no,index,flux_id,plot,date,start_time,end_time,component,status,species,analyzer,analyzer_id,chamber,chamber_class,chamber_vol,chamber_area,height,diameter,stem_temp,air_temp,soil_temp,lenticels,above,water_depth
1,T1_1,Mar_22_T1_1_RB10_stem,RB10,3/19/22,8:19:00,8:28:00,stem,alive,RHMA,Picarro,Picarro,R2,NA,,,50,,30.2,,,,sediment,
2,T1_2,Mar_22_T1_2_RB10_stem,RB10,3/19/22,8:42:00,8:48:00,stem,alive,RHMA,Picarro,Picarro,R2,NA,,,100,,35.7,,,,sediment,
3,T1_3,Mar_22_T1_3_RB10_root,RB10,3/19/22,9:00:00,9:05:00,root,alive,RHMA,Picarro,Picarro,R2,NA,,,,,28.1,,,,sediment,
4,T1_4,Mar_22_T1_4_RB10_root,RB10,3/19/22,9:07:00,9:09:00,root,alive,RHMA,Picarro,Picarro,R2,NA,,,,,28.1,,,,sediment,
5,T1_5,Mar_22_T1_5_RB10_root,RB10,3/19/22,9:12:00,9:21:00,root,alive,RHMA,Picarro,Picarro,R2,NA,,,,,28.4,,,,sediment,
6,T1_6,Mar_22_T1_6_RB10_stem,RB10,3/19/22,10:04:00,10:18:00,stem,alive,AVGE,Picarro,Picarro,R2,NA,,,26,,30.2,29.6,,,sediment,
7,T1_7,Mar_22_T1_7_RB10_stem,RB10,3/19/22,10:23:00,10:33:00,stem,alive,AVGE,Picarro,Picarro,R2,NA,,,50,,30.4,,,,sediment,
8,T1_8,Mar_22_T1_8_RB10_stem,RB10,3/19/22,10:46:00,10:56:00,stem,alive,AVGE,Picarro,Picarro,R2,NA,,,100,,34.5,,,,sediment,
9,T1_9,Mar_22_T1_9_FLM30_stem,FLM30,3/21/22,10:34:30,10:38:34,stem,alive,RHMA,LGR,LGR3,S1,C,,,0,27.1,24.5,26.6,,,sediment,
10,T1_10,Mar_22_T1_10_FLM30_stem,FLM30,3/21/22,10:41:30,10:45:30,stem,alive,RHMA,LGR,LGR3,S1,C,,,50,22.9,34.4,26.8,,,sediment,
11,T1_11,Mar_22_T1_11_FLM30_stem,FLM30,3/21/22,10:49:32,10:54:30,stem,alive,RHMA,LGR,LGR3,S1,C,,,100,17.2,23.5,26.9,,,sediment,
12,T1_12,Mar_22_T1_12_FLM30_stem,FLM30,3/21/22,11:18:00,11:22:00,stem,alive,AVGE,LGR,LGR3,S1,C,,,0,24.2,26.2,27,24.9,,sediment,
13,T1_13,Mar_22_T1_13_FLM30_stem,FLM30,3/21/22,11:40:00,11:44:00,stem,alive,AVGE,LGR,LGR3,S1,C,,,50,20.4,25.5,27.1,,,sediment,
14,T1_14,Mar_22_T1_14_FLM30_stem,FLM30,3/21/22,11:53:00,11:58:00,stem,alive,AVGE,LGR,LGR3,S1,C,,,100,19.1,29.2,26.9,,,sediment,
15,T1_15,Mar_22_T1_15_FLM30_stem,FLM30,3/21/22,12:19:00,12:23:00,stem,alive,AVGE,LGR,LGR3,S3,B,,,0,11.1,28.1,27.5,25.2,,sediment,
16,T1_16,Mar_22_T1_16_FLM30_stem,FLM30,3/21/22,12:37:00,12:47:00,stem,alive,AVGE,LGR,LGR3,S3,B,,,50,9.5,32.2,28.6,,,sediment,
17,T1_17,Mar_22_T1_17_FLM30_stem,FLM30,3/21/22,12:57:00,12:07:00,stem,alive,AVGE,LGR,LGR3,S3,B,,,100,9.2,26.6,28.6,,,sediment,
18,T1_18,Mar_22_T1_18_FLM30_stem,FLM30,3/21/22,13:23:00,12:30:00,stem,alive,AVGE,LGR,LGR3,S4,B,,,0,22,32.1,29.6,25.6,,sediment,
19,T1_19,Mar_22_T1_19_FLM30_stem,FLM30,3/21/22,13:39:00,12:44:00,stem,alive,AVGE,LGR,LGR3,S4,B,,,50,17.5,30.7,27.4,,,sediment,
20,T1_20,Mar_22_T1_20_FLM30_stem,FLM30,3/21/22,13:48:30,13:53:00,stem,alive,AVGE,LGR,LGR3,S4,B,,,100,17.3,31.3,27.6,,,sediment,
21,T1_21,Mar_22_T1_21_FLM30_stem,FLM30,3/21/22,14:03:00,14:12:00,stem,alive,AVGE,LGR,LGR3,S3,B,,,0,13.4,31.5,30.6,25.8,,sediment,
22,T1_22,Mar_22_T1_22_FLM30_stem,FLM30,3/21/22,14:25:00,14:35:00,stem,alive,AVGE,LGR,LGR3,S3,B,,,50,11.8,28.5,29.9,25.8,,sediment,
23,T1_23,Mar_22_T1_23_FLM30_stem,FLM30,3/21/22,14:39:00,14:49:00,stem,alive,AVGE,LGR,LGR3,S3,B,,,100,10.5,24.5,27.6,25.8,,sediment,
24,T1_24,Mar_22_T1_24_SRS6_stem,SRS6,3/22/22,13:58:00,14:01:51,stem,dead,RHMA,LGR,LGR3,B,B,,,,9.5,28.7,29.3,,,sediment,
25,T1_25,Mar_22_T1_25_SRS6_stem,SRS6,3/22/22,14:05:00,14:08:00,stem,dead,RHMA,LGR,LGR3,B,B,,,50,10.8,28.3,27.6,23.2,,sediment,
26,T1_26,Mar_22_T1_26_SRS6_stem,SRS6,3/22/22,14:17:30,14:22:00,stem,dead,RHMA,LGR,LGR3,B,B,,,100,12.7,29.3,,,,sediment,
27,T1_27,Mar_22_T1_27_SRS6_CWD,SRS6,3/22/22,14:34:00,12:42:00,CWD,dead,RHMA,LGR,LGR3,RA,NA,,,,7,,,,,sediment,
28,T1_28,Mar_22_T1_28_SRS6_stem,SRS6,3/22/22,14:53:00,12:57:00,stem,alive,,LGR,LGR3,S4,B,,,100,20.7,27.7,,,,sediment,
29,T1_29,Mar_22_T1_29_SRS6_stem,SRS6,3/22/22,15:02:00,15:06:00,stem,alive,RHMA,LGR,LGR3,S4,B,,,50,23.6,26.6,27.7,,,sediment,
30,T1_30,Mar_22_T1_30_SRS6_stem,SRS6,3/22/22,15:09:00,15:13:00,stem,alive,RHMA,LGR,LGR3,S4,B,,,0,,25.1,,23.2,,sediment,
31,T1_31,Mar_22_T1_31_SRS6_root,SRS6,3/22/22,15:20:00,12:24:00,root,alive,RHMA,LGR,LGR3,B,B,,,,,27,,,,sediment,
32,T1_32,Mar_22_T1_32_SRS6_stem,SRS6,3/22/22,11:46:00,11:56:00,stem,alive,RHMA,Picarro,Picarro,S3,B,,,0,25.5,27.2,25.5,23.5,,sediment,
33,T1_33,Mar_22_T1_33_SRS6_stem,SRS6,3/22/22,12:00:00,12:07:00,stem,alive,RHMA,Picarro,Picarro,S1,C,,,50,32.8,31,29,,,sediment,
34,T1_34,Mar_22_T1_34_SRS6_stem,SRS6,3/22/22,12:10:00,12:18:00,stem,alive,RHMA,Picarro,Picarro,S1,C,,,100,38.2,28.6,28.6,23.5,,sediment,
35,T1_35,Mar_22_T1_35_SRS6_stem,SRS6,3/22/22,12:35:00,12:40:00,stem,alive,AVGE,Picarro,Picarro,S1,C,,,0,26.1,27.9,28.9,23.8,,sediment,
36,T1_36,Mar_22_T1_36_SRS6_stem,SRS6,3/22/22,12:45:00,12:50:00,stem,alive,AVGE,Picarro,Picarro,S1,C,,,50,24.5,27.3,30.1,,,sediment,
37,T1_37,Mar_22_T1_37_SRS6_stem,SRS6,3/22/22,12:55:00,13:00:00,stem,alive,AVGE,Picarro,Picarro,S1,C,,,100,22.3,26.9,30.3,,,sediment,
38,T1_38,Mar_22_T1_38_SRS6_stem,SRS6,3/22/22,13:22:00,13:27:00,stem,alive,RHMA,Picarro,Picarro,S1,C,,,50,27.7,27.5,30.1,23.9,,sediment,
39,T1_39,Mar_22_T1_39_SRS6_stem,SRS6,3/22/22,13:40:00,13:47:00,stem,alive,RHMA,Picarro,Picarro,S1,C,,,100,27.1,27.2,26,,,sediment,
40,T1_40,Mar_22_T1_40_FLM30_stem,FLM30,3/23/22,12:35:30,12:39:30,stem,dead,AVGE,LGR,LGR3,B,B,,,0,20.8,34,30.6,26.2,,sediment,
41,T1_41,Mar_22_T1_41_FLM30_stem,FLM30,3/23/22,12:50:00,12:54:00,stem,dead,AVGE,LGR,LGR3,B,B,,,50,16.9,34.3,31.9,,,sediment,
42,T1_42,Mar_22_T1_42_FLM30_stem,FLM30,3/23/22,13:02:30,13:06:30,stem,dead,AVGE,LGR,LGR3,B,B,,,100,17.2,34,30.5,,,sediment,
43,T1_43,Mar_22_T1_43_FLM30_stem,FLM30,3/23/22,13:20:00,13:24:00,stem,dead,AVGE,LGR,LGR3,B,B,,,0,12.4,29,30.2,25.6,,sediment,
44,T1_44,Mar_22_T1_44_FLM30_stem,FLM30,3/23/22,12:27:00,13:31:00,stem,dead,AVGE,LGR,LGR3,B,B,,,50,10.2,26,29.8,,,sediment,
45,T1_45,Mar_22_T1_45_FLM30_stem,FLM30,3/23/22,12:33:30,12:37:30,stem,dead,AVGE,LGR,LGR3,B,B,,,100,8.9,31,31.4,,,sediment,
46,T1_46,Mar_22_T1_46_FLM30_stem,FLM30,3/23/22,13:52:00,13:56:00,stem,dead,AVGE,LGR,LGR3,B,B,,,0,14,28.2,31.3,25.8,,sediment,
47,T1_47,Mar_22_T1_47_FLM30_stem,FLM30,3/23/22,14:01:00,14:08:00,stem,dead,AVGE,LGR,LGR3,B,B,,,50,12.4,30.6,28.8,,,sediment,
48,T1_48,Mar_22_T1_48_FLM30_stem,FLM30,3/23/22,14:11:30,14:15:30,stem,dead,AVGE,LGR,LGR3,B,B,,,100,10.8,31.2,30.4,,,sediment,
49,T1_49,Mar_22_T1_49_FLM30_stem,FLM30,3/23/22,14:36:00,14:40:00,stem,dead,AVGE,LGR,LGR3,B,B,,,0,15.9,40.8,30.9,25.3,,sediment,
50,T1_50,Mar_22_T1_50_FLM30_stem,FLM30,3/23/22,14:50:00,15:00:00,stem,dead,AVGE,LGR,LGR3,B,B,,,50,11.5,33.9,31,,,sediment,
51,T1_51,Mar_22_T1_51_FLM30_stem,FLM30,3/23/22,15:02:00,15:12:00,stem,dead,AVGE,LGR,LGR3,B,B,,,100,10.8,32.1,31,,,sediment,
52,T1_52,Mar_22_T1_52_FLM30_stem,FLM30,3/23/22,10:16:00,10:21:00,stem,dead,AVGE,Picarro,Picarro,S1,C,,,0,16.6,37.4,30.6,25.2,,sediment,
53,T1_53,Mar_22_T1_53_FLM30_stem,FLM30,3/23/22,10:34:00,10:40:00,stem,dead,AVGE,Picarro,Picarro,S1,C,,,50,15,28.9,30.5,,,sediment,
54,T1_54,Mar_22_T1_54_FLM30_stem,FLM30,3/23/22,10:48:00,10:53:00,stem,dead,AVGE,Picarro,Picarro,S1,C,,,100,13.7,28.8,30.7,,,sediment,
55,T1_55,Mar_22_T1_55_FLM30_stem,FLM30,3/23/22,11:07:00,11:16:00,stem,dead,AVGE,Picarro,Picarro,S1,C,,,0,19.4,27.9,30.2,25.2,,sediment,
56,T1_56,Mar_22_T1_56_FLM30_stem,FLM30,3/23/22,11:22:00,11:31:00,stem,dead,AVGE,Picarro,Picarro,S1,C,,,50,17.5,24.4,30.3,,,sediment,
57,T1_57,Mar_22_T1_57_FLM30_stem,FLM30,3/23/22,11:38:00,11:48:00,stem,dead,AVGE,Picarro,Picarro,S1,C,,,100,21.6,25.7,28.8,,,sediment,
58,T1_58,Mar_22_T1_58_FLM30_CWD,FLM30,3/23/22,12:14:00,12:29:00,CWD,dead,,Picarro,Picarro,RA,NA,,,,8,45,31,,,sediment,
59,T1_59,Mar_22_T1_59_FLM30_pneumatophore,FLM30,3/23/22,15:54:00,12:59:00,pneumatophore,dead,AVGE,Picarro,Picarro,P,NA,,,,,34.5,,,,sediment,
60,T1_60,Mar_22_T1_60_FLM30_pneumatophore,FLM30,3/23/22,13:11:00,13:16:00,pneumatophore,dead,AVGE,Picarro,Picarro,P,NA,,,,,34.3,,,,sediment,
61,T1_61,Mar_22_T1_61_FLM30_pneumatophore,FLM30,3/23/22,13:21:00,13:26:00,pneumatophore,dead,AVGE,Picarro,Picarro,P,NA,,,,,32.6,,,,sediment,
62,T1_62,Mar_22_T1_62_BL60_stem,BL60,3/24/22,13:22:00,13:26:00,stem,alive,RHMA,Picarro,Picarro,RZ,NA,,,0,3.8,30.3,,,,sediment,
63,T1_63,Mar_22_T1_63_BL60_stem,BL60,3/24/22,12:32:00,13:36:00,stem,alive,RHMA,Picarro,Picarro,S3,B,,,50,8,32.1,30.8,24.5,,sediment,
64,T1_64,Mar_22_T1_64_BL60_stem,BL60,3/24/22,13:40:00,13:44:00,stem,alive,RHMA,Picarro,Picarro,S3,B,,,100,7.6,32.1,,,,sediment,
65,T1_65,Mar_22_T1_65_BL60_stem,BL60,3/24/22,13:50:00,12:54:00,stem,alive,RHMA,Picarro,Picarro,S3,B,,,0,6.4,30.6,,,,sediment,
66,T1_66,Mar_22_T1_66_BL60_stem,BL60,3/24/22,14:00:00,14:05:00,stem,dead,RHMA,Picarro,Picarro,S3,B,,,100,11.5,30.8,,,,sediment,
67,T1_67,Mar_22_T1_67_BL60_stem,BL60,3/24/22,14:18:30,14:23:30,stem,dead,RHMA,Picarro,Picarro,S3,B,,,50,11.8,30.8,30.4,24.1,,sediment,
68,T1_68,Mar_22_T1_68_BL60_stem,BL60,3/24/22,14:27:30,14:32:30,stem,dead,RHMA,Picarro,Picarro,S3,B,,,0,4.1,29.6,,,,sediment,
69,T1_69,Mar_22_T1_69_BL60_stem,BL60,3/24/22,11:02:00,11:06:00,stem,alive,RHMA,Picarro,Picarro,S3,B,,,170,9.5,31.1,,,,sediment,
70,T1_70,Mar_22_T1_70_BL60_stem,BL60,3/24/22,11:10:00,11:15:00,stem,alive,RHMA,Picarro,Picarro,S3,B,,,50,5.4,30.4,31.3,,,sediment,
71,T1_71,Mar_22_T1_71_BL60_stem,BL60,3/24/22,11:42:00,11:47:00,stem,alive,RHMA,Picarro,Picarro,RZ,NA,,,0,3.8,39.5,,,,sediment,
72,T1_72,Mar_22_T1_72_BL60_stem,BL60,3/24/22,11:53:00,11:58:00,stem,alive,RHMA,Picarro,Picarro,S3,B,,,100,7,30,,,,sediment,
73,T1_73,Mar_22_T1_73_BL60_stem,BL60,3/24/22,13:01:00,13:14:00,stem,alive,RHMA,Picarro,Picarro,RZ,NA,,,0,2.9,29.5,,,,sediment,
74,T1_74,Mar_22_T1_74_BL60_stem,BL60,3/24/22,12:04:00,12:09:14,stem,alive,RHMA,Picarro,Picarro,S3,B,,,100,8.3,,,,,sediment,
75,T1_75,Mar_22_T1_75_BL60_stem,BL60,3/24/22,12:18:00,12:23:00,stem,alive,RHMA,Picarro,Picarro,S3,B,,,50,7.6,,30.3,24.6,,sediment,
76,T1_76,Mar_22_T1_76_BL60_root,BL60,3/24/22,12:37:00,12:42:00,root,alive,RHMA,Picarro,Picarro,RZ,NA,,,0,3.5,,,,,sediment,
77,T1_77,Mar_22_T1_77_BL60_stem,BL60,3/24/22,12:56:00,13:01:00,stem,alive,RHMA,Picarro,Picarro,S3,B,,,25,6.4,,,,,sediment,
78,T1_78,Mar_22_T1_78_BL60_stem,BL60,3/24/22,15:05:30,13:13:30,stem,alive,LARA,LGR,LGR3,B,B,,,0,17.8,31.4,32.6,24.9,,sediment,
79,T1_79,Mar_22_T1_79_BL60_stem,BL60,3/24/22,13:24:00,13:29:30,stem,alive,LARA,LGR,LGR3,B,B,,,50,8.6,29.7,33.4,,,sediment,
80,T1_80,Mar_22_T1_80_BL60_stem,BL60,3/24/22,13:35:30,13:40:30,stem,alive,LARA,LGR,LGR3,B,B,,,100,8,30.8,27.3,,,sediment,
81,T1_81,Mar_22_T1_81_BL60_stem,BL60,3/24/22,14:00:00,14:05:00,stem,alive,RHMA,LGR,LGR3,B,B,,,0,9.5,35.4,33.9,29.6,,sediment,
82,T1_82,Mar_22_T1_82_BL60_stem,BL60,3/24/22,14:07:30,14:12:30,stem,alive,RHMA,LGR,LGR3,B,B,,,50,6.4,33.9,32.4,,,sediment,
83,T1_83,Mar_22_T1_83_BL60_stem,BL60,3/24/22,14:39:00,12:44:00,stem,alive,RHMA,LGR,LGR3,RZ,NA,,,134,5.1,32.6,33.3,,,sediment,
84,T1_84,Mar_22_T1_84_BL60_pneumatophore,BL60,3/24/22,16:41:33,,pneumatophore,alive,AVGE,LGR,LGR3,pneumataphore chamber,NA,,,,,,30.5,,,sediment,
85,T1_85,Mar_22_T1_85_BL60_pneumatophore,BL60,3/24/22,,,pneumatophore,alive,AVGE,LGR,LGR3,pneumataphore chamber,NA,,,,,,,,,sediment,
86,T1_86,Mar_22_T1_86_BL60_pneumatophore,BL60,3/24/22,,,pneumatophore,alive,AVGE,LGR,LGR3,pneumataphore chamber,NA,,,,,,,,,,