date,plot,surface,collar_notes,collar_location_notes,analyzer_id,chamber_id,soil_temp_c,water_temp_c,water_depth_cm,start_time,end_time,temp_start,temp_end,pressure_start,pressure_end,rh_start,rh_end,pneumatophore_count,notes_1,notes_2,...22,...23,...24,...25,...26,...27,datetime,date_only,flux_id,air_temp,temp_source
3/18/22,MI,Soil,1,north of tree plot,Picarro,Soil 8 in,26.5,NA,NA,13:30:00,13:44:00,NA,NA,NA,NA,NA,NA,NA,"system time 13:45:00, real time 15:50:00",NA,NA,NA,NA,NA,NA,NA,2022-03-18T13:30:00.000000Z,2022-03-18,Mar_18_22_MI_S_1_Soil8in_Picarro,25.6,Weather station
3/18/22,MI,Soil,2,north of tree plot,Picarro,Soil 8 in,26.7,NA,NA,13:50:00,13:52:00,NA,NA,NA,NA,NA,NA,NA,red,NA,NA,NA,NA,NA,NA,NA,2022-03-18T13:50:00.000000Z,2022-03-18,Mar_18_22_MI_S_2_Soil8in_Picarro,25.6,Weather station
3/18/22,MI,Soil,3,north of tree plot,Picarro,Soil 8 in,27,NA,NA,13:54:00,13:56:00,NA,NA,NA,NA,NA,NA,NA,red,NA,NA,NA,NA,NA,NA,NA,2022-03-18T13:54:00.000000Z,2022-03-18,Mar_18_22_MI_S_3_Soil8in_Picarro,25.6,Weather station
3/18/22,MI,Soil,4,north of tree plot,Picarro,Soil 8 in,27,NA,NA,14:00:00,14:02:00,NA,NA,NA,NA,NA,NA,NA,red,NA,NA,NA,NA,NA,NA,NA,2022-03-18T14:00:00.000000Z,2022-03-18,Mar_18_22_MI_S_4_Soil8in_Picarro,26.6,Weather station
3/18/22,MI,Soil,5,north of tree plot,Picarro,Soil 8 in,26.6,NA,NA,14:12:00,14:14:00,NA,NA,NA,NA,NA,NA,NA,red,NA,NA,NA,NA,NA,NA,NA,2022-03-18T14:12:00.000000Z,2022-03-18,Mar_18_22_MI_S_5_Soil8in_Picarro,26.6,Weather station
3/18/22,MI,Soil,6,north of tree plot,Picarro,Soil 8 in,27.6,NA,NA,14:16:00,14:18:30,NA,NA,NA,NA,NA,NA,NA,white,NA,NA,NA,NA,NA,NA,NA,2022-03-18T14:16:00.000000Z,2022-03-18,Mar_18_22_MI_S_6_Soil8in_Picarro,26.6,Weather station
3/18/22,MI,Soil,7,north of tree plot,Picarro,Soil 8 in,27.5,NA,NA,14:23:00,14:25:00,NA,NA,NA,NA,NA,NA,NA,white,NA,NA,NA,NA,NA,NA,NA,2022-03-18T14:23:00.000000Z,2022-03-18,Mar_18_22_MI_S_7_Soil8in_Picarro,26.6,Weather station
3/18/22,MI,Soil,8,north of tree plot,Picarro,Soil 8 in,27.6,NA,NA,14:34:00,14:36:00,NA,NA,NA,NA,NA,NA,NA,white,NA,NA,NA,NA,NA,NA,NA,2022-03-18T14:34:00.000000Z,2022-03-18,Mar_18_22_MI_S_8_Soil8in_Picarro,26.6,Weather station
3/18/22,MI,Soil,9,north of tree plot,Picarro,Soil 8 in,28.1,NA,NA,14:39:00,14:41:00,NA,NA,NA,NA,NA,NA,NA,white,NA,NA,NA,NA,NA,NA,NA,2022-03-18T14:39:00.000000Z,2022-03-18,Mar_18_22_MI_S_9_Soil8in_Picarro,26.6,Weather station
3/18/22,MI,Soil,10,north of tree plot,Picarro,Soil 8 in,27.6,NA,NA,14:44:00,14:46:00,NA,NA,NA,NA,NA,NA,NA,white,NA,NA,NA,NA,NA,NA,NA,2022-03-18T14:44:00.000000Z,2022-03-18,Mar_18_22_MI_S_10_Soil8in_Picarro,26.6,Weather station
3/19/22,RB10,Soil,1,NA,LGR3,Soil 6 in,24.5,NA,NA,11:42:00,11:44:00,NA,NA,NA,NA,NA,NA,NA,bare soil,NA,NA,NA,NA,NA,NA,NA,2022-03-19T11:42:00.000000Z,2022-03-19,Mar_19_22_RB10_S_1_Soil6in_LGR3,29.6,Tree same-day
3/19/22,RB10,Soil,2,NA,LGR3,Soil 6 in,24.4,NA,NA,11:52:30,11:54:30,NA,NA,NA,NA,NA,NA,NA,bare soil,NA,NA,NA,NA,NA,NA,NA,2022-03-19T11:52:30.000000Z,2022-03-19,Mar_19_22_RB10_S_2_Soil6in_LGR3,29.6,Tree same-day
3/19/22,RB10,Soil,3,NA,LGR3,Soil 6 in,24.4,NA,NA,11:56:00,11:58:00,NA,NA,NA,NA,NA,NA,2,n=2,NA,NA,NA,NA,NA,NA,NA,2022-03-19T11:56:00.000000Z,2022-03-19,Mar_19_22_RB10_S_3_Soil6in_LGR3,29.6,Tree same-day
3/19/22,RB10,Soil,8,NA,LGR3,Soil 6 in,24.2,NA,NA,12:00:30,12:02:30,NA,NA,NA,NA,NA,NA,2,n=2,NA,NA,NA,NA,NA,NA,NA,2022-03-19T12:00:30.000000Z,2022-03-19,Mar_19_22_RB10_S_8_Soil6in_LGR3,29.6,Tree same-day
3/19/22,RB10,Soil,10,NA,LGR3,Soil 6 in,24.3,NA,NA,12:10:00,12:13:00,NA,NA,NA,NA,NA,NA,3,n=3,NA,NA,NA,NA,NA,NA,NA,2022-03-19T12:10:00.000000Z,2022-03-19,Mar_19_22_RB10_S_10_Soil6in_LGR3,29.6,Tree same-day
3/19/22,RB10,Soil,3,NA,LGR3,Soil 6 in,24.7,NA,NA,12:32:51,12:36:10,NA,NA,NA,NA,NA,NA,0,bare soil,NA,NA,NA,NA,NA,NA,NA,2022-03-19T12:32:51.000000Z,2022-03-19,Mar_19_22_RB10_S_3_Soil6in_LGR3,29.6,Tree same-day
3/19/22,RB10,Soil,NA,NA,LGR3,Soil 6 in,24.2,NA,NA,12:35:00,12:42:20,NA,NA,NA,NA,NA,NA,2,"bare soil, pnew n=2",NA,NA,NA,NA,NA,NA,NA,2022-03-19T12:35:00.000000Z,2022-03-19,Mar_19_22_RB10_S_NA_Soil6in_LGR3,29.6,Tree same-day
3/19/22,RB10,Soil,NA,NA,LGR3,Soil 6 in,24.2,NA,NA,12:44:38,12:48:03,NA,NA,NA,NA,NA,NA,0,Bare soil,NA,NA,NA,NA,NA,NA,NA,2022-03-19T12:44:38.000000Z,2022-03-19,Mar_19_22_RB10_S_NA_Soil6in_LGR3,29.6,Tree same-day
3/19/22,RB10,Soil,NA,NA,LGR3,Soil 6 in,24.3,NA,NA,12:50:02,12:53:00,NA,NA,NA,NA,NA,NA,0,Bare soil,NA,NA,NA,NA,NA,NA,NA,2022-03-19T12:50:02.000000Z,2022-03-19,Mar_19_22_RB10_S_NA_Soil6in_LGR3,29.6,Tree same-day
3/19/22,RB10,Soil,NA,NA,LGR3,Soil 6 in,24.2,NA,NA,12:54:35,12:57:00,NA,NA,NA,NA,NA,NA,2,"bare soil, pnew=N=2",NA,NA,NA,NA,NA,NA,NA,2022-03-19T12:54:35.000000Z,2022-03-19,Mar_19_22_RB10_S_NA_Soil6in_LGR3,29.6,Tree same-day
3/23/22,FLM30,Soil,1,NA,LGR3,Soil 8 in,27.6,NA,NA,15:30:00,15:32:30,NA,NA,NA,NA,NA,NA,NA,NA,NA,NA,NA,NA,NA,NA,NA,2022-03-23T15:30:00.000000Z,2022-03-23,Mar_23_22_FLM30_S_1_Soil8in_LGR3,31,Tree 30min
3/23/22,FLM30,Soil,2,NA,LGR3,Soil 8 in,27.5,NA,NA,15:35:55,15:37:35,NA,NA,NA,NA,NA,NA,NA,chamber slipped,NA,NA,NA,NA,NA,NA,NA,2022-03-23T15:35:55.000000Z,2022-03-23,Mar_23_22_FLM30_S_2_Soil8in_LGR3,31,Tree same-day
3/23/22,FLM30,Soil,3,NA,LGR3,Soil 8 in,26.2,NA,NA,15:39:20,15:41:20,NA,NA,NA,NA,NA,NA,NA,NA,NA,NA,NA,NA,NA,NA,NA,2022-03-23T15:39:20.000000Z,2022-03-23,Mar_23_22_FLM30_S_3_Soil8in_LGR3,31,Tree same-day
3/23/22,FLM30,Soil,4,NA,LGR3,Soil 8 in,26.5,NA,NA,15:42:45,15:44:45,NA,NA,NA,NA,NA,NA,NA,NA,NA,NA,NA,NA,NA,NA,NA,2022-03-23T15:42:45.000000Z,2022-03-23,Mar_23_22_FLM30_S_4_Soil8in_LGR3,31,Tree same-day
3/23/22,FLM30,Soil,5,NA,LGR3,Soil 8 in,27.7,NA,NA,15:47:05,15:49:05,NA,NA,NA,NA,NA,NA,NA,NA,NA,NA,NA,NA,NA,NA,NA,2022-03-23T15:47:05.000000Z,2022-03-23,Mar_23_22_FLM30_S_5_Soil8in_LGR3,31,Tree same-day
3/23/22,FLM30,Soil,1,NA,LGR3,Soil 8 in,26.4,NA,NA,16:05:30,16:07:30,NA,NA,NA,NA,NA,NA,NA,NA,NA,NA,NA,NA,NA,NA,NA,2022-03-23T16:05:30.000000Z,2022-03-23,Mar_23_22_FLM30_S_1_Soil8in_LGR3,31,Tree same-day
3/23/22,FLM30,Soil,2,NA,LGR3,Soil 8 in,27.6,NA,NA,16:09:30,16:11:30,NA,NA,NA,NA,NA,NA,NA,NA,NA,NA,NA,NA,NA,NA,NA,2022-03-23T16:09:30.000000Z,2022-03-23,Mar_23_22_FLM30_S_2_Soil8in_LGR3,31,Tree same-day
3/23/22,FLM30,Soil,3,NA,LGR3,Soil 8 in,27.5,NA,NA,16:12:45,16:14:45,NA,NA,NA,NA,NA,NA,NA,NA,NA,NA,NA,NA,NA,NA,NA,2022-03-23T16:12:45.000000Z,2022-03-23,Mar_23_22_FLM30_S_3_Soil8in_LGR3,31,Tree same-day
3/23/22,FLM30,Soil,4,NA,LGR3,Soil 8 in,27.6,NA,NA,16:16:15,16:18:15,NA,NA,NA,NA,NA,NA,NA,NA,NA,NA,NA,NA,NA,NA,NA,2022-03-23T16:16:15.000000Z,2022-03-23,Mar_23_22_FLM30_S_4_Soil8in_LGR3,31,Tree same-day
3/23/22,FLM30,Soil,5,NA,LGR3,Soil 8 in,27,NA,NA,16:20:45,16:22:45,NA,NA,NA,NA,NA,NA,NA,NA,NA,NA,NA,NA,NA,NA,NA,2022-03-23T16:20:45.000000Z,2022-03-23,Mar_23_22_FLM30_S_5_Soil8in_LGR3,31,Tree same-day
3/24/22,BL60,Soil,1,NA,LGR3,Soil 8 in,23.9,NA,NA,15:08:30,15:10:30,NA,NA,NA,NA,NA,NA,0,NA,NA,NA,NA,NA,NA,NA,NA,2022-03-24T15:08:30.000000Z,2022-03-24,Mar_24_22_BL60_S_1_Soil8in_LGR3,32.95,Tree 30min
3/24/22,BL60,Soil,2,NA,LGR3,Soil 8 in,24.3,NA,NA,15:13:30,15:15:30,NA,NA,NA,NA,NA,NA,3,3 pneum,NA,NA,NA,NA,NA,NA,NA,2022-03-24T15:13:30.000000Z,2022-03-24,Mar_24_22_BL60_S_2_Soil8in_LGR3,32.6,Tree 30min
3/24/22,BL60,Soil,NA,NA,LGR3,Soil 8 in,24.7,NA,NA,15:18:30,15:20:30,NA,NA,NA,NA,NA,NA,0,NA,NA,NA,NA,NA,NA,NA,NA,2022-03-24T15:18:30.000000Z,2022-03-24,Mar_24_22_BL60_S_NA_Soil8in_LGR3,32.6,Tree 30min
3/24/22,BL60,Soil,4,NA,LGR3,Soil 8 in,24.1,NA,NA,15:23:00,15:25:00,NA,NA,NA,NA,NA,NA,0,NA,NA,NA,NA,NA,NA,NA,NA,2022-03-24T15:23:00.000000Z,2022-03-24,Mar_24_22_BL60_S_4_Soil8in_LGR3,32.6,Tree 30min
3/24/22,BL60,Soil,5,NA,LGR3,Soil 8 in,24.5,NA,NA,15:28:30,15:30:30,NA,NA,NA,NA,NA,NA,0,NA,NA,NA,NA,NA,NA,NA,NA,2022-03-24T15:28:30.000000Z,2022-03-24,Mar_24_22_BL60_S_5_Soil8in_LGR3,32.6,Tree 30min
3/24/22,BL60,Soil,6,NA,LGR3,Soil 8 in,24,NA,NA,15:35:00,15:37:00,NA,NA,NA,NA,NA,NA,5,5-6 pneum,NA,NA,NA,NA,NA,NA,NA,2022-03-24T15:35:00.000000Z,2022-03-24,Mar_24_22_BL60_S_6_Soil8in_LGR3,32.6,Tree 30min
3/24/22,BL60,Soil,7,NA,LGR3,Soil 8 in,24,NA,NA,15:41:30,15:42:30,NA,NA,NA,NA,NA,NA,0,NA,NA,NA,NA,NA,NA,NA,NA,2022-03-24T15:41:30.000000Z,2022-03-24,Mar_24_22_BL60_S_7_Soil8in_LGR3,32.6,Tree same-day
3/24/22,BL60,Soil,8,NA,LGR3,Soil 8 in,24.1,NA,NA,15:47:30,15:49:30,NA,NA,NA,NA,NA,NA,1,1 pneum,NA,NA,NA,NA,NA,NA,NA,2022-03-24T15:47:30.000000Z,2022-03-24,Mar_24_22_BL60_S_8_Soil8in_LGR3,32.6,Tree same-day
3/24/22,BL60,Soil,9,NA,LGR3,Soil 8 in,24.1,NA,NA,15:53:30,15:55:30,NA,NA,NA,NA,NA,NA,3,3 pneum,NA,NA,NA,NA,NA,NA,NA,2022-03-24T15:53:30.000000Z,2022-03-24,Mar_24_22_BL60_S_9_Soil8in_LGR3,32.6,Tree same-day
3/24/22,BL60,Soil,10,NA,LGR3,Soil 8 in,24.6,NA,NA,16:00:00,16:02:00,NA,NA,NA,NA,NA,NA,3,3 pneumataphores,NA,NA,NA,NA,NA,NA,NA,2022-03-24T16:00:00.000000Z,2022-03-24,Mar_24_22_BL60_S_10_Soil8in_LGR3,30.5,Tree same-day
10/17/22,SRS6,Soil,9,white mangrive by pink tape,Picarro,Soil 6 in,27.2,NA,0.7,08:55:47,08:59:00,NA,NA,NA,NA,NA,NA,NA,NA,NA,NA,NA,NA,NA,NA,NA,2022-10-17T08:55:47.000000Z,2022-10-17,Oct_17_22_SRS6_S_9_Soil6in_Picarro,27.1,Tree same-day
10/17/22,SRS6,Soil,4,red mangrove by pink tape,Picarro,Soil 6 in,27.1,NA,0,09:09:00,09:12:10,NA,NA,NA,NA,NA,NA,NA,NA,NA,NA,NA,NA,NA,NA,NA,2022-10-17T09:09:00.000000Z,2022-10-17,Oct_17_22_SRS6_S_4_Soil6in_Picarro,27.1,Tree same-day
10/17/22,SRS6,Soil,8,red mangrove by pink tape,Picarro,Soil 6 in,27,NA,0.5,09:18:18,09:21:18,NA,NA,NA,NA,NA,NA,NA,NA,NA,NA,NA,NA,NA,NA,NA,2022-10-17T09:18:18.000000Z,2022-10-17,Oct_17_22_SRS6_S_8_Soil6in_Picarro,27.1,Tree same-day
10/17/22,SRS6,Soil,6,red mangrove sol,Picarro,Soil 6 in,27.2,NA,0,09:44:10,09:47:10,NA,NA,NA,NA,NA,NA,NA,NA,NA,NA,NA,NA,NA,NA,NA,2022-10-17T09:44:10.000000Z,2022-10-17,Oct_17_22_SRS6_S_6_Soil6in_Picarro,27.1,Tree same-day
10/17/22,SRS6,Soil,7,by red mangrove sol and dead white mangrove,Picarro,Soil 6 in,27.1,NA,0,09:50:30,09:53:30,NA,NA,NA,NA,NA,NA,NA,NA,NA,NA,NA,NA,NA,NA,NA,2022-10-17T09:50:30.000000Z,2022-10-17,Oct_17_22_SRS6_S_7_Soil6in_Picarro,27.1,Tree same-day
10/17/22,SRS6,Soil,3,by dead white,Picarro,Soil 6 in,27,NA,0,11:51:35,11:55:35,NA,NA,NA,NA,NA,NA,NA,NA,NA,NA,NA,NA,NA,NA,NA,2022-10-17T11:51:35.000000Z,2022-10-17,Oct_17_22_SRS6_S_3_Soil6in_Picarro,26.1,Tree 30min
10/17/22,SRS6,Soil,1,by dead red,Picarro,Soil 6 in,26.8,NA,0,10:30:40,10:33:40,NA,NA,NA,NA,NA,NA,NA,NA,NA,NA,NA,NA,NA,NA,NA,2022-10-17T10:30:40.000000Z,2022-10-17,Oct_17_22_SRS6_S_1_Soil6in_Picarro,27.1,Tree 30min
10/17/22,SRS6,Soil,5,by dead red with blue tape,Picarro,Soil 6 in,26.8,NA,1,10:56:20,11:00:20,NA,NA,NA,NA,NA,NA,NA,NA,NA,NA,NA,NA,NA,NA,NA,2022-10-17T10:56:20.000000Z,2022-10-17,Oct_17_22_SRS6_S_5_Soil6in_Picarro,27.1,Tree 30min
10/17/22,SRS6,Soil,10,7 ft from 37,Picarro,Soil 6 in,26.5,NA,0,11:06:00,11:09:00,NA,NA,NA,NA,NA,NA,NA,NA,NA,NA,NA,NA,NA,NA,NA,2022-10-17T11:06:00.000000Z,2022-10-17,Oct_17_22_SRS6_S_10_Soil6in_Picarro,27.1,Tree 30min
10/17/22,SRS6,Soil,2,red #2,Picarro,Soil 6 in,26.5,NA,0,11:39:20,11:42:20,NA,NA,NA,NA,NA,NA,NA,NA,NA,NA,NA,NA,NA,NA,NA,2022-10-17T11:39:20.000000Z,2022-10-17,Oct_17_22_SRS6_S_2_Soil6in_Picarro,27.1,Tree 30min
10/18/22,FLM30,Water,surface 1,NA,Picarro,Floating 8 in,NA,NA,10,08:57:00,09:02:00,NA,NA,NA,NA,NA,NA,NA,NA,System time = 9:23:00,NA,NA,NA,NA,NA,NA,2022-10-18T08:57:00.000000Z,2022-10-18,Oct_18_22_FLM30_W_surface 1_Floating8in_Picarro,25.9,Tree same-day
10/18/22,FLM30,Water,surface 2,NA,Picarro,Floating 8 in,NA,NA,10,11:23:00,11:28:00,NA,NA,NA,NA,NA,NA,NA,NA,NA,NA,NA,NA,NA,NA,NA,2022-10-18T11:23:00.000000Z,2022-10-18,Oct_18_22_FLM30_W_surface 2_Floating8in_Picarro,26.724999999999998,Tree 30min
10/18/22,FLM30,Water,surface 3,NA,Picarro,Floating 8 in,NA,NA,10,12:06:00,12:11:00,NA,NA,NA,NA,NA,NA,NA,NA,NA,NA,NA,NA,NA,NA,NA,2022-10-18T12:06:00.000000Z,2022-10-18,Oct_18_22_FLM30_W_surface 3_Floating8in_Picarro,27.357142857142858,Tree 30min
10/20/22,SRS5,Water,surface water 1,plot edge (river),Picarro,Floating 8 in,NA,NA,9,12:50:00,12:55:00,NA,NA,NA,NA,NA,NA,NA,NA,NA,NA,NA,NA,NA,NA,NA,2022-10-20T12:50:00.000000Z,2022-10-20,Oct_20_22_SRS5_W_surface water 1_Floating8in_Picarro,20.788888888888888,Tree 30min
10/20/22,SRS5,Water,surface water 2,plot center,Picarro,Floating 8 in,NA,NA,6,13:01:00,13:05:00,NA,NA,NA,NA,NA,NA,NA,NA,NA,NA,NA,NA,NA,NA,NA,2022-10-20T13:01:00.000000Z,2022-10-20,Oct_20_22_SRS5_W_surface water 2_Floating8in_Picarro,20.6,Tree 30min
10/20/22,SRS5,Water,surface water 3,plot river interface,Picarro,Floating 8 in,NA,NA,12,13:11:00,13:20:00,NA,NA,NA,NA,NA,NA,NA,NA,NA,NA,NA,NA,NA,NA,NA,2022-10-20T13:11:00.000000Z,2022-10-20,Oct_20_22_SRS5_W_surface water 3_Floating8in_Picarro,20.522222222222222,Tree 30min
10/20/22,SRS5,Soil,sediment 1,near water edge,LGR2,3 ft soil,23.4,NA,0,14:42:30,14:47:30,NA,NA,NA,NA,NA,NA,NA,NA,NA,NA,NA,NA,NA,NA,NA,2022-10-20T14:42:30.000000Z,2022-10-20,Oct_20_22_SRS5_S_sediment 1_3ftsoil_LGR2,18.057142857142857,Tree 30min
10/20/22,SRS5,Soil,sediment 2,10m from water,LGR2,3 ft soil,23.4,NA,1,14:57:30,15:00:30,NA,NA,NA,NA,NA,NA,NA,NA,NA,NA,NA,NA,NA,NA,NA,2022-10-20T14:57:30.000000Z,2022-10-20,Oct_20_22_SRS5_S_sediment 2_3ftsoil_LGR2,18.14,Tree 30min
10/20/22,SRS5,Soil,sediment 3,20m,LGR2,3 ft soil,23.4,NA,0.5,15:08:00,15:11:00,NA,NA,NA,NA,NA,NA,NA,NA,NA,NA,NA,NA,NA,NA,NA,2022-10-20T15:08:00.000000Z,2022-10-20,Oct_20_22_SRS5_S_sediment 3_3ftsoil_LGR2,18.575000000000003,Tree 30min
10/20/22,SRS5,Soil,sediment 4,25m,LGR2,3 ft soil,NA,NA,0,15:19:00,15:32:00,NA,NA,NA,NA,NA,NA,NA,NA,NA,NA,NA,NA,NA,NA,NA,2022-10-20T15:19:00.000000Z,2022-10-20,Oct_20_22_SRS5_S_sediment 4_3ftsoil_LGR2,18.560000000000002,Tree 30min
10/20/22,SRS5,Soil,sediment 5,30m,LGR2,3 ft soil,23,NA,1,15:30:30,15:33:00,NA,NA,NA,NA,NA,NA,NA,NA,NA,NA,NA,NA,NA,NA,NA,2022-10-20T15:30:30.000000Z,2022-10-20,Oct_20_22_SRS5_S_sediment 5_3ftsoil_LGR2,18.52,Tree 30min
10/20/22,SRS5,Soil,sediment 6,40m,LGR2,3 ft soil,22.9,NA,1,15:45:30,15:48:30,NA,NA,NA,NA,NA,NA,NA,NA,NA,NA,NA,NA,NA,NA,NA,2022-10-20T15:45:30.000000Z,2022-10-20,Oct_20_22_SRS5_S_sediment 6_3ftsoil_LGR2,18.5,Tree 30min
10/20/22,SRS5,Soil,sediment 7,50m,LGR2,3 ft soil,23,NA,0,15:55:30,15:59:30,NA,NA,NA,NA,NA,NA,NA,NA,NA,NA,NA,NA,NA,NA,NA,2022-10-20T15:55:30.000000Z,2022-10-20,Oct_20_22_SRS5_S_sediment 7_3ftsoil_LGR2,18.5,Tree 30min
10/20/22,SRS5,Soil,sediment 8,30m,LGR2,3 ft soil,22.8,NA,1,16:09:45,16:12:45,NA,NA,NA,NA,NA,NA,NA,NA,NA,NA,NA,NA,NA,NA,NA,2022-10-20T16:09:45.000000Z,2022-10-20,Oct_20_22_SRS5_S_sediment 8_3ftsoil_LGR2,18.5,Tree 30min
10/21/22,SRS6,Soil,1,near boardwalk,LGR3,3 ft soil,24.2,NA,0,15:01:30,15:08:00,NA,NA,NA,NA,NA,NA,NA,NA,NA,NA,NA,NA,NA,NA,NA,2022-10-21T15:01:30.000000Z,2022-10-21,Oct_21_22_SRS6_S_1_3ftsoil_LGR3,16.8,Tree same-day
10/21/22,SRS6,Soil,2,by tree 237,LGR3,3 ft soil,23.8,NA,NA,15:14:30,15:17:30,NA,NA,NA,NA,NA,NA,NA,NA,NA,NA,NA,NA,NA,NA,NA,2022-10-21T15:14:30.000000Z,2022-10-21,Oct_21_22_SRS6_S_2_3ftsoil_LGR3,16.8,Tree same-day
10/21/22,SRS6,Soil,NA,231,LGR3,3 ft soil,24.1,NA,NA,15:23:00,15:26:00,NA,NA,NA,NA,NA,NA,NA,NA,NA,NA,NA,NA,NA,NA,NA,2022-10-21T15:23:00.000000Z,2022-10-21,Oct_21_22_SRS6_S_NA_3ftsoil_LGR3,16.8,Tree same-day
10/21/22,SRS6,Soil,NA,231,LGR3,3 ft soil,24.2,NA,NA,15:30:30,15:32:30,NA,NA,NA,NA,NA,NA,NA,NA,NA,NA,NA,NA,NA,NA,NA,2022-10-21T15:30:30.000000Z,2022-10-21,Oct_21_22_SRS6_S_NA_3ftsoil_LGR3,16.8,Tree same-day
10/21/22,SRS6,Soil,NA,near black mangrove litter trap,LGR3,3 ft soil,23.4,NA,NA,15:38:00,15:40:00,NA,NA,NA,NA,NA,NA,NA,NA,NA,NA,NA,NA,NA,NA,NA,2022-10-21T15:38:00.000000Z,2022-10-21,Oct_21_22_SRS6_S_NA_3ftsoil_LGR3,16.8,Tree same-day
10/21/22,SRS6,Soil,NA,black mangroves between plots,LGR3,3 ft soil,23.5,NA,NA,15:45:30,15:47:30,NA,NA,NA,NA,NA,NA,NA,NA,NA,NA,NA,NA,NA,NA,NA,2022-10-21T15:45:30.000000Z,2022-10-21,Oct_21_22_SRS6_S_NA_3ftsoil_LGR3,16.8,Tree same-day
10/21/22,SRS6,Soil,NA,NA,LGR3,3 ft soil,23.5,NA,NA,15:52:30,15:54:30,NA,NA,NA,NA,NA,NA,NA,NA,NA,NA,NA,NA,NA,NA,NA,2022-10-21T15:52:30.000000Z,2022-10-21,Oct_21_22_SRS6_S_NA_3ftsoil_LGR3,16.8,Tree same-day
10/21/22,SRS6,Soil,NA,NA,LGR3,3 ft soil,23.3,NA,NA,16:00:00,16:02:00,NA,NA,NA,NA,NA,NA,NA,NA,NA,NA,NA,NA,NA,NA,NA,2022-10-21T16:00:00.000000Z,2022-10-21,Oct_21_22_SRS6_S_NA_3ftsoil_LGR3,16.8,Tree same-day
10/21/22,SRS6,Soil,NA,near tree 232,LGR3,3 ft soil,23.7,NA,NA,16:08:45,16:11:45,NA,NA,NA,NA,NA,NA,NA,NA,NA,NA,NA,NA,NA,NA,NA,2022-10-21T16:08:45.000000Z,2022-10-21,Oct_21_22_SRS6_S_NA_3ftsoil_LGR3,16.8,Tree same-day
10/21/22,SRS6,Soil,NA,NA,LGR3,3 ft soil,23.4,NA,NA,16:15:45,16:17:45,NA,NA,NA,NA,NA,NA,NA,NA,NA,NA,NA,NA,NA,NA,NA,2022-10-21T16:15:45.000000Z,2022-10-21,Oct_21_22_SRS6_S_NA_3ftsoil_LGR3,16.8,Tree same-day
10/21/22,SRS6,Soil,NA,NA,LGR3,3 ft soil,NA,NA,NA,NA,NA,NA,NA,NA,NA,NA,NA,NA,NA,NA,NA,NA,NA,NA,NA,NA,NA,NA,NA_SRS6_S_NA_3ftsoil_LGR3,NA,Failed datetime
10/23/22,CP40,Water,N/A,near tree 808,LGR2,Floating 8 in,26.3,NA,23,11:28:00,11:31:00,NA,NA,NA,NA,NA,NA,NA,NA,NA,NA,NA,NA,NA,NA,NA,2022-10-23T11:28:00.000000Z,2022-10-23,Oct_23_22_CP40_W_N/A_Floating8in_LGR2,28,Tree 30min
10/23/22,CP40,Water,N/A,near tree 801,LGR2,Floating 8 in,NA,NA,23,11:42:45,11:45:45,NA,NA,NA,NA,NA,NA,NA,NA,NA,NA,NA,NA,NA,NA,NA,2022-10-23T11:42:45.000000Z,2022-10-23,Oct_23_22_CP40_W_N/A_Floating8in_LGR2,28.34,Tree 30min
10/23/22,CP40,Water,N/A,near tree 801,LGR2,Floating 8 in,NA,NA,23,11:47:00,11:50:00,NA,NA,NA,NA,NA,NA,NA,NA,NA,NA,NA,NA,NA,NA,NA,2022-10-23T11:47:00.000000Z,2022-10-23,Oct_23_22_CP40_W_N/A_Floating8in_LGR2,28.34,Tree 30min
10/23/22,CP40,Water,N/A,slightly outside plot to east,LGR2,Floating 8 in,NA,NA,23,12:01:45,12:04:45,NA,NA,NA,NA,NA,NA,NA,NA,NA,NA,NA,NA,NA,NA,NA,2022-10-23T12:01:45.000000Z,2022-10-23,Oct_23_22_CP40_W_N/A_Floating8in_LGR2,29.18,Tree 30min
10/23/22,CP40,Water,N/A,slightly outisde plot to NE,LGR2,Floating 8 in,NA,NA,NA,12:09:00,12:14:00,NA,NA,NA,NA,NA,NA,NA,NA,NA,NA,NA,NA,NA,NA,NA,2022-10-23T12:09:00.000000Z,2022-10-23,Oct_23_22_CP40_W_N/A_Floating8in_LGR2,29.733333333333334,Tree 30min
10/25/22,BL60,Water,W1,NA,Picarro,Floating 8 in,24.2,NA,14,10:56:00,10:59:00,NA,NA,NA,NA,NA,NA,NA,NA,NA,NA,NA,NA,NA,NA,NA,2022-10-25T10:56:00.000000Z,2022-10-25,Oct_25_22_BL60_W_W1_Floating8in_Picarro,24.771428571428572,Tree 30min
10/25/22,BL60,Water,W2,NA,Picarro,Floating 8 in,24.3,NA,15,11:13:00,11:19:00,NA,NA,NA,NA,NA,NA,NA,NA,NA,NA,NA,NA,NA,NA,NA,2022-10-25T11:13:00.000000Z,2022-10-25,Oct_25_22_BL60_W_W2_Floating8in_Picarro,24.9,Tree 30min
10/25/22,BL60,Water,W3,NA,Picarro,Floating 8 in,24.3,NA,14,11:28:30,11:32:00,NA,NA,NA,NA,NA,NA,NA,NA,NA,NA,NA,NA,NA,NA,NA,2022-10-25T11:28:30.000000Z,2022-10-25,Oct_25_22_BL60_W_W3_Floating8in_Picarro,24.944444444444443,Tree 30min
10/25/22,BL60,Water,W4,NA,Picarro,Floating 8 in,NA,NA,14,11:57:30,12:01:30,NA,NA,NA,NA,NA,NA,NA,NA,NA,NA,NA,NA,NA,NA,NA,2022-10-25T11:57:30.000000Z,2022-10-25,Oct_25_22_BL60_W_W4_Floating8in_Picarro,24.96,Tree 30min
10/25/22,BL60,Soil,S1,plot center,Picarro,2 ft soil,NA,NA,0,12:33:00,12:29:00,NA,NA,NA,NA,NA,NA,NA,NA,NA,NA,NA,NA,NA,NA,NA,2022-10-25T12:33:00.000000Z,2022-10-25,Oct_25_22_BL60_S_S1_2ftsoil_Picarro,26.02,Tree 30min
3/11/23,SRS6,Water,W1,boardwalk center,LGR2,Floating 8 in,25.6,NA,30,13:16:00,13:21:00,NA,NA,NA,NA,NA,NA,NA,ebulition seems limited here,JG,NA,NA,NA,NA,NA,NA,2023-03-11T13:16:00.000000Z,2023-03-11,Mar_11_23_SRS6_W_W1_Floating8in_LGR2,27.275,Tree 30min
3/11/23,SRS6,Water,W2,by pier (15LO?),LGR2,Floating 8 in,25.6,NA,20,13:31:00,13:37:00,NA,NA,NA,NA,NA,NA,NA,no visible bubbles once tide has come in a bit,NA,NA,NA,NA,NA,NA,NA,2023-03-11T13:31:00.000000Z,2023-03-11,Mar_11_23_SRS6_W_W2_Floating8in_LGR2,28.3,Tree 30min
3/11/23,SRS6,Water,W3,by tree 607 down boardwalk to tower,LGR2,Floating 8 in,25.7,NA,10,13:45:00,13:50:00,NA,NA,NA,NA,NA,NA,NA,???,NA,NA,NA,NA,NA,NA,NA,2023-03-11T13:45:00.000000Z,2023-03-11,Mar_11_23_SRS6_W_W3_Floating8in_LGR2,26.950000000000003,Tree 30min
3/11/23,SRS6,Soil,1,bare,LGR2,1 ft soil,24.5,NA,0,11:31:00,11:35:00,NA,NA,NA,NA,NA,NA,0,NA,NA,NA,NA,NA,NA,NA,NA,2023-03-11T11:31:00.000000Z,2023-03-11,Mar_11_23_SRS6_S_1_1ftsoil_LGR2,26.7,Tree 30min
3/11/23,SRS6,Soil,2,bare,LGR2,1 ft soil,25.2,NA,0,11:47:00,11:49:00,NA,NA,NA,NA,NA,NA,0,NA,NA,NA,NA,NA,NA,NA,NA,2023-03-11T11:47:00.000000Z,2023-03-11,Mar_11_23_SRS6_S_2_1ftsoil_LGR2,26.7,Tree 30min
3/11/23,SRS6,Soil,3,bare,LGR2,1 ft soil,25.2,NA,0,11:52:30,11:54:30,87.2,87.2,29.98,29.98,61.9,69.5,0,NA,NA,NA,NA,NA,NA,NA,NA,2023-03-11T11:52:30.000000Z,2023-03-11,Mar_11_23_SRS6_S_3_1ftsoil_LGR2,26.7,Tree 30min
3/11/23,SRS6,Soil,4,pneum = 13,LGR2,1 ft soil,24.3,NA,0,11:59:30,12:01:30,84.2,83.7,29.98,29.98,61.5,67.5,13,NA,JG,NA,NA,NA,NA,NA,NA,2023-03-11T11:59:30.000000Z,2023-03-11,Mar_11_23_SRS6_S_4_1ftsoil_LGR2,26.7,Tree 30min
3/11/23,SRS6,Soil,5,pneum = 9 + 1 seedling,LGR2,1 ft soil,24.1,NA,0,12:08:00,12:10:00,81.4,81.1,29.98,29.98,69.6,73.2,9,NA,"Weather = sunny, dry, low tide",NA,NA,NA,NA,NA,NA,2023-03-11T12:08:00.000000Z,2023-03-11,Mar_11_23_SRS6_S_5_1ftsoil_LGR2,26.7,Tree 30min
3/11/23,SRS6,Soil,6,pneum = 7,LGR2,1 ft soil,24,NA,0,12:13:00,12:15:00,80.9,80.9,29.98,29.98,71.5,75.2,7,NA,Ebulition on flux 10 ft tide stared to time in first flush of water seems to degas sediment,NA,NA,NA,NA,NA,NA,2023-03-11T12:13:00.000000Z,2023-03-11,Mar_11_23_SRS6_S_6_1ftsoil_LGR2,27.1,Tree 30min
3/11/23,SRS6,Soil,7,pneum = 17,LGR2,1 ft soil,24.3,NA,0,12:20:00,12:22:00,81.8,82.5,29.98,29.98,76.9,81.3,17,NA,System time = 11:38:00,NA,NA,NA,NA,NA,NA,2023-03-11T12:20:00.000000Z,2023-03-11,Mar_11_23_SRS6_S_7_1ftsoil_LGR2,26.52,Tree 30min
3/11/23,SRS6,Soil,8,pneum = 7,LGR2,1 ft soil,24,NA,0,12:25:00,12:27:00,81.3,81,29.98,29.98,74.4,77.5,7,NA,Real time = 11:37:00,NA,NA,NA,NA,NA,NA,2023-03-11T12:25:00.000000Z,2023-03-11,Mar_11_23_SRS6_S_8_1ftsoil_LGR2,26.84,Tree 30min
3/11/23,SRS6,Soil,9,bare,LGR2,1 ft soil,23.8,NA,0,12:34:00,12:56:00,80,79.9,29.98,29.97,71.8,74.2,0,NA,Logging frequency = 15,NA,NA,NA,NA,NA,NA,2023-03-11T12:34:00.000000Z,2023-03-11,Mar_11_23_SRS6_S_9_1ftsoil_LGR2,27.083333333333332,Tree 30min
3/11/23,SRS6,Soil,10,bare,LGR2,1 ft soil,23.9,NA,0,12:44:00,12:46:00,79.2,79.2,29.97,29.97,74,77,0,NA,NA,NA,NA,NA,NA,NA,NA,2023-03-11T12:44:00.000000Z,2023-03-11,Mar_11_23_SRS6_S_10_1ftsoil_LGR2,27.16,Tree 30min
3/12/23,SRS5,Soil,1 bare,Near river/dock,LGR3,1 ft soil,23.9,NA,0,11:20:00,11:27:00,24.9,24.7,1016,1016.1,65.5,68,0,"windy, 7 mph gusts",NA,NA,NA,NA,NA,NA,NA,2023-03-12T11:20:00.000000Z,2023-03-12,Mar_12_23_SRS5_S_1 bare_1ftsoil_LGR3,25.86,Tree 30min
3/12/23,SRS5,Soil,2 bare,inland,LGR3,1 ft soil,23,NA,0,11:30:00,11:32:00,24.4,24.5,1016.1,1016.1,68.2,73.8,0,"windy, 7 mph gusts",JG,NA,NA,NA,NA,NA,NA,2023-03-12T11:30:00.000000Z,2023-03-12,Mar_12_23_SRS5_S_2 bare_1ftsoil_LGR3,26.166666666666664,Tree 30min
3/12/23,SRS5,Soil,3 bare,inland,LGR3,1 ft soil,23.5,NA,0,11:36:01,11:38:00,NA,NA,NA,NA,NA,NA,0,"windy, 7 mph gusts",System time = 11:21,NA,NA,NA,NA,NA,NA,2023-03-12T11:36:01.000000Z,2023-03-12,Mar_12_23_SRS5_S_3 bare_1ftsoil_LGR3,26.32,Tree 30min
3/12/23,SRS5,Soil,4 bare,inland,LGR3,1 ft soil,23.7,NA,0,11:52:00,11:54:00,NA,NA,NA,NA,NA,NA,0,"windy, 7 mph gusts",Real time = 11:03,NA,NA,NA,NA,NA,NA,2023-03-12T11:52:00.000000Z,2023-03-12,Mar_12_23_SRS5_S_4 bare_1ftsoil_LGR3,27.125,Tree 30min
3/12/23,SRS5,Soil,5 bare,by tree 666,LGR3,1 ft soil,23.5,NA,0,12:02:00,12:05:00,25.1,25.4,1016.2,1016.2,68.6,74.5,0,"windy, 7 mph gusts",Logging frequency = 1 hz,NA,NA,NA,NA,NA,NA,2023-03-12T12:02:00.000000Z,2023-03-12,Mar_12_23_SRS5_S_5 bare_1ftsoil_LGR3,27.7,Tree 30min
3/12/23,SRS5,Soil,6,"by 619, pneum = 1",LGR3,1 ft soil,23.5,NA,0,12:11:00,12:13:00,25.2,25.4,1015.8,1015.9,73.3,75.5,1,"windy, 7 mph gusts",NA,NA,NA,NA,NA,NA,NA,2023-03-12T12:11:00.000000Z,2023-03-12,Mar_12_23_SRS5_S_6_1ftsoil_LGR3,27.7,Tree 30min
3/12/23,SRS5,Soil,7,pneum = 4,LGR3,1 ft soil,23.5,NA,0,12:19:00,12:21:00,25.4,25.8,1016,1015.9,70.4,78.2,4,"windy, 7 mph gusts",NA,NA,NA,NA,NA,NA,NA,2023-03-12T12:19:00.000000Z,2023-03-12,Mar_12_23_SRS5_S_7_1ftsoil_LGR3,28.025,Tree 30min
3/12/23,SRS5,Soil,8,"by tree 113, pneum = 5",LGR3,1 ft soil,23.6,NA,0,12:26:30,12:28:30,25.9,26,1016,1016,75.2,78.5,5,"windy, 7 mph gusts",NA,NA,NA,NA,NA,NA,NA,2023-03-12T12:26:30.000000Z,2023-03-12,Mar_12_23_SRS5_S_8_1ftsoil_LGR3,28.22,Tree 30min
3/12/23,SRS5,Soil,9,bare,LGR3,1 ft soil,23.5,NA,0,12:36:00,12:38:00,27,27.7,1017.3,1016.9,74.9,78.5,0,"windy, 7 mph gusts",NA,NA,NA,NA,NA,NA,NA,2023-03-12T12:36:00.000000Z,2023-03-12,Mar_12_23_SRS5_S_9_1ftsoil_LGR3,28.35,Tree 30min
3/12/23,SRS5,Soil,10,"behind plot, pneum = 7",LGR3,1 ft soil,23.5,NA,1,12:46:00,12:48:00,26.8,27,1015.3,1013.3,69.8,73.4,7,"windy, 7 mph gusts",NA,NA,NA,NA,NA,NA,NA,2023-03-12T12:46:00.000000Z,2023-03-12,Mar_12_23_SRS5_S_10_1ftsoil_LGR3,28.675,Tree 30min
3/12/23,SRS5,Soil,11,pneum = 5,LGR3,1 ft soil,23.4,NA,1,12:54:00,12:56:00,27.4,28.7,1016.4,1016.6,92.6,76.5,5,"windy, 7 mph gusts",NA,NA,NA,NA,NA,NA,NA,2023-03-12T12:54:00.000000Z,2023-03-12,Mar_12_23_SRS5_S_11_1ftsoil_LGR3,28.74,Tree 30min
3/12/23,SRS5,Soil,12,pneum = 20,LGR3,1 ft soil,23.3,NA,0.5,13:03:30,13:05:30,NA,NA,NA,NA,NA,NA,20,"windy, 7 mph gusts",JG,NA,NA,NA,NA,NA,NA,2023-03-12T13:03:30.000000Z,2023-03-12,Mar_12_23_SRS5_S_12_1ftsoil_LGR3,29,Tree 30min
3/12/23,SRS5,Soil,13,pneum = 11,LGR3,1 ft soil,24.8,NA,1,13:09:00,13:11:00,26.7,27,1014.8,1015.2,71.8,77,11,"windy, 7 mph gusts",System time = 14:54,NA,NA,NA,NA,NA,NA,2023-03-12T13:09:00.000000Z,2023-03-12,Mar_12_23_SRS5_S_13_1ftsoil_LGR3,29,Tree 30min
3/12/23,SRS5,Soil,14,pneum = 3,LGR3,1 ft soil,23.5,NA,0,13:15:30,13:17:30,26.6,26.8,1015.1,1015.3,72.3,75.4,2,"windy, 7 mph gusts",Real time = 14:36,NA,NA,NA,NA,NA,NA,2023-03-12T13:15:30.000000Z,2023-03-12,Mar_12_23_SRS5_S_14_1ftsoil_LGR3,29,Tree 30min
3/12/23,SRS5,Soil,13,bare,LGR3,1 ft soil,23.1,NA,2,13:25:30,13:27:30,27.2,27.3,1015.9,1015.4,70.6,73.5,0,"windy, 7 mph gusts",Weather = less windy on inland side -- water is less turbulen; maybe reason for lower pressure?,NA,NA,NA,NA,NA,NA,2023-03-12T13:25:30.000000Z,2023-03-12,Mar_12_23_SRS5_S_13_1ftsoil_LGR3,29,Tree 30min
3/12/23,SRS5,Soil,16,"bare, tree 340",LGR3,1 ft soil,23.4,NA,0,13:41:00,13:43:00,27.2,27.3,1015,1015,69.3,73.8,0,"windy, 7 mph gusts",NA,NA,NA,NA,NA,NA,NA,2023-03-12T13:41:00.000000Z,2023-03-12,Mar_12_23_SRS5_S_16_1ftsoil_LGR3,29,Tree 30min
3/12/23,SRS5,Water,Water 1,shark river off peir,LGR3,Floating 8 in,NA,25.9,NA,13:53:30,14:03:30,NA,NA,NA,NA,NA,NA,NA,NA,NA,NA,NA,NA,NA,NA,NA,2023-03-12T13:53:30.000000Z,2023-03-12,Mar_12_23_SRS5_W_Water 1_Floating8in_LGR3,29,Tree 30min
3/12/23,SRS5,Water,Water 2,shark river off peir,LGR3,Floating 8 in,NA,25.9,NA,14:13:00,14:18:00,NA,NA,NA,NA,NA,NA,NA,NA,NA,NA,NA,NA,NA,NA,NA,2023-03-12T14:13:00.000000Z,2023-03-12,Mar_12_23_SRS5_W_Water 2_Floating8in_LGR3,28.766666666666666,Tree 30min
3/12/23,SRS5,Water,Water 3,"inland side of pier , near RHMA roots",LGR3,Floating 8 in,NA,25.9,10,14:24:00,14:29:00,NA,NA,NA,NA,NA,NA,NA,NA,NA,NA,NA,NA,NA,NA,NA,2023-03-12T14:24:00.000000Z,2023-03-12,Mar_12_23_SRS5_W_Water 3_Floating8in_LGR3,28.533333333333335,Tree 30min
3/12/23,SRS5,Water,Water 4,inland pier,LGR3,Floating 8 in,NA,25.7,12,14:34:00,14:39:00,NA,NA,NA,NA,NA,NA,NA,NA,NA,NA,NA,NA,NA,NA,NA,2023-03-12T14:34:00.000000Z,2023-03-12,Mar_12_23_SRS5_W_Water 4_Floating8in_LGR3,28.3,Tree 30min
3/12/23,SRS5,Water,Water 5,"inland, mid-plot",LGR3,Floating 8 in,NA,25.5,6,14:48:00,14:53:00,NA,NA,NA,NA,NA,NA,NA,NA,NA,NA,NA,NA,NA,NA,NA,2023-03-12T14:48:00.000000Z,2023-03-12,Mar_12_23_SRS5_W_Water 5_Floating8in_LGR3,28.3,Tree 30min
3/15/23,CP40,Water,Water 1,NA,LGR3,Floating 8 in,NA,23.7,NA,11:00:00,11:15:00,NA,NA,NA,NA,NA,NA,NA,???,NA,NA,NA,NA,NA,NA,NA,2023-03-15T11:00:00.000000Z,2023-03-15,Mar_15_23_CP40_W_Water 1_Floating8in_LGR3,22.7,Tree 30min
3/15/23,CP40,Water,Water 2,NA,LGR3,Floating 8 in,NA,23.7,NA,11:20:00,11:25:00,NA,NA,NA,NA,NA,NA,NA,NA,JG & JP,NA,NA,NA,NA,NA,NA,2023-03-15T11:20:00.000000Z,2023-03-15,Mar_15_23_CP40_W_Water 2_Floating8in_LGR3,22.7,Tree 30min
3/15/23,CP40,Water,Water 3,NA,LGR3,Floating 8 in,NA,23.7,NA,11:31:00,11:35:00,NA,NA,NA,NA,NA,NA,NA,"Plot center, ebulition possible due to sediment disruption",System time = 11:23,NA,NA,NA,NA,NA,NA,2023-03-15T11:31:00.000000Z,2023-03-15,Mar_15_23_CP40_W_Water 3_Floating8in_LGR3,22.7,Tree 30min
3/15/23,CP40,Water,Water 4,NA,LGR3,Floating 8 in,NA,23.7,NA,11:40:00,11:45:00,NA,NA,NA,NA,NA,NA,NA,NA,Real time = 11:04,NA,NA,NA,NA,NA,NA,2023-03-15T11:40:00.000000Z,2023-03-15,Mar_15_23_CP40_W_Water 4_Floating8in_LGR3,22.7,Tree 30min
3/15/23,CP40,Water,Water 5,NA,LGR3,Floating 8 in,NA,23.7,NA,11:48:30,11:53:30,NA,NA,NA,NA,NA,NA,NA,NA,Logging frequency = 15,NA,NA,NA,NA,NA,NA,2023-03-15T11:48:30.000000Z,2023-03-15,Mar_15_23_CP40_W_Water 5_Floating8in_LGR3,22.2,Tree 30min
3/15/23,CP40,Water,Water 6,NA,LGR3,Floating 8 in,NA,23.7,NA,12:00:00,12:05:00,NA,NA,NA,NA,NA,NA,NA,NA,NA,NA,NA,NA,NA,NA,NA,2023-03-15T12:00:00.000000Z,2023-03-15,Mar_15_23_CP40_W_Water 6_Floating8in_LGR3,22.2,Tree 30min
3/15/23,CP40,Water,Water 7,NA,LGR3,Floating 8 in,NA,23.7,NA,12:11:00,12:16:00,NA,NA,NA,NA,NA,NA,NA,23.4 C water temp,NA,NA,NA,NA,NA,NA,NA,2023-03-15T12:11:00.000000Z,2023-03-15,Mar_15_23_CP40_W_Water 7_Floating8in_LGR3,22.2,Tree 30min
3/15/23,CP40,Water,Water 8,NA,LGR3,Floating 8 in,NA,23.7,NA,12:20:00,12:21:45,NA,NA,NA,NA,NA,NA,NA,NA,NA,NA,NA,NA,NA,NA,NA,2023-03-15T12:20:00.000000Z,2023-03-15,Mar_15_23_CP40_W_Water 8_Floating8in_LGR3,22.2,Tree 30min
3/15/23,CP40,Water,Water 9,NA,LGR3,Floating 8 in,NA,23.7,NA,12:24:00,12:27:00,NA,NA,NA,NA,NA,NA,NA,NA,NA,NA,NA,NA,NA,NA,NA,2023-03-15T12:24:00.000000Z,2023-03-15,Mar_15_23_CP40_W_Water 9_Floating8in_LGR3,22.2,Tree 30min
3/15/23,CP40,Water,Water 10,NA,LGR3,Floating 8 in,NA,23.7,NA,12:30:30,12:33:30,NA,NA,NA,NA,NA,NA,NA,NA,NA,NA,NA,NA,NA,NA,NA,2023-03-15T12:30:30.000000Z,2023-03-15,Mar_15_23_CP40_W_Water 10_Floating8in_LGR3,22.2,Tree 30min
3/15/23,CP40,Water,Water 11,NA,LGR3,Floating 8 in,NA,23.7,NA,15:47:00,15:50:00,NA,NA,NA,NA,NA,NA,NA,NA,NA,NA,NA,NA,NA,NA,NA,2023-03-15T15:47:00.000000Z,2023-03-15,Mar_15_23_CP40_W_Water 11_Floating8in_LGR3,22.65,Tree 30min
3/15/23,CP40,Water,Water 12,NA,LGR3,Floating 8 in,NA,23.7,NA,16:16:00,16:19:00,NA,NA,NA,NA,NA,NA,NA,NA,NA,NA,NA,NA,NA,NA,NA,2023-03-15T16:16:00.000000Z,2023-03-15,Mar_15_23_CP40_W_Water 12_Floating8in_LGR3,22.8,Tree 30min
3/16/23,BL60,Soil,1,pneum = 0,LGR3,1 ft soil,20.8,NA,0,12:36:00,12:39:00,NA,NA,NA,NA,NA,NA,0,NA,NA,NA,NA,NA,NA,NA,NA,2023-03-16T12:36:00.000000Z,2023-03-16,Mar_16_23_BL60_S_1_1ftsoil_LGR3,28.1,Tree 30min
3/16/23,BL60,Soil,2,pneum = 6,LGR3,1 ft soil,20.8,NA,0,12:51:30,12:54:30,25.4,25.4,1022.7,1022.8,66.5,69.8,6,NA,Bear Lake,NA,NA,NA,NA,NA,NA,2023-03-16T12:51:30.000000Z,2023-03-16,Mar_16_23_BL60_S_2_1ftsoil_LGR3,28.1,Tree 30min
3/16/23,BL60,Soil,3,0,LGR3,1 ft soil,21.2,NA,0,13:01:00,13:04:00,25.6,25.7,1022.7,1022.6,64.5,67.8,0,NA,JG & JP,NA,NA,NA,NA,NA,NA,2023-03-16T13:01:00.000000Z,2023-03-16,Mar_16_23_BL60_S_3_1ftsoil_LGR3,28.1,Tree 30min
3/16/23,BL60,Soil,4,5,LGR3,1 ft soil,21.9,NA,0,13:15:00,13:18:00,27,NA,1022.7,NA,66.4,NA,5,NA,System time = 12:50,NA,NA,NA,NA,NA,NA,2023-03-16T13:15:00.000000Z,2023-03-16,Mar_16_23_BL60_S_4_1ftsoil_LGR3,28.1,Tree 30min
3/16/23,BL60,Soil,5,0,LGR3,1 ft soil,21.9,NA,0,13:23:30,13:26:30,27.4,27.6,1022.6,1022.6,63.8,64.2,0,NA,Real time = 12:31,NA,NA,NA,NA,NA,NA,2023-03-16T13:23:30.000000Z,2023-03-16,Mar_16_23_BL60_S_5_1ftsoil_LGR3,28.1,Tree 30min
3/16/23,BL60,Soil,6,9,LGR3,2 ft soil,21.8,NA,0,14:00:00,14:07:00,NA,NA,NA,NA,NA,NA,9,NA,Logging frequency = 1 sec,NA,NA,NA,NA,NA,NA,2023-03-16T14:00:00.000000Z,2023-03-16,Mar_16_23_BL60_S_6_2ftsoil_LGR3,28.1,Tree 30min
3/16/23,BL60,Soil,7,0,LGR3,2 ft soil,21.8,NA,0,14:15:30,14:18:30,30.2,30.7,1022.1,1022,46,47.1,0,NA,"Weather = sunny, low 80s, light breeze",NA,NA,NA,NA,NA,NA,2023-03-16T14:15:30.000000Z,2023-03-16,Mar_16_23_BL60_S_7_2ftsoil_LGR3,28.1,Tree 30min
3/16/23,BL60,Soil,8,19,LGR3,2 ft soil,21.7,NA,0,14:23:00,14:26:00,30.1,31.1,1021.9,1021.9,46.4,46.9,19,NA,NA,NA,NA,NA,NA,NA,NA,2023-03-16T14:23:00.000000Z,2023-03-16,Mar_16_23_BL60_S_8_2ftsoil_LGR3,28.200000000000003,Tree 30min
3/16/23,BL60,Soil,9,3,LGR3,2 ft soil,21.6,NA,0,14:51:00,14:54:00,29.9,30,1021.6,1021.7,53.6,55,3,NA,NA,NA,NA,NA,NA,NA,NA,2023-03-16T14:51:00.000000Z,2023-03-16,Mar_16_23_BL60_S_9_2ftsoil_LGR3,28.3,Tree 30min
3/16/23,BL60,Soil,10,7,LGR3,2 ft soil,21.6,NA,0,15:02:00,15:05:00,28.9,NA,1021.6,NA,46,NA,7,NA,NA,NA,NA,NA,NA,NA,NA,2023-03-16T15:02:00.000000Z,2023-03-16,Mar_16_23_BL60_S_10_2ftsoil_LGR3,28.3,Tree 30min
3/16/23,BL60,Soil,11,0,LGR3,2 ft soil,22.1,NA,0,15:15:00,15:18:00,28.2,NA,1021.5,NA,47.5,NA,0,NA,NA,NA,NA,NA,NA,NA,NA,2023-03-16T15:15:00.000000Z,2023-03-16,Mar_16_23_BL60_S_11_2ftsoil_LGR3,28.3,Tree 30min
3/16/23,BL60,Soil,12,0,LGR3,2 ft soil,NA,NA,0,15:25:00,15:28:00,NA,NA,NA,NA,NA,NA,0,NA,NA,NA,NA,NA,NA,NA,NA,2023-03-16T15:25:00.000000Z,2023-03-16,Mar_16_23_BL60_S_12_2ftsoil_LGR3,28.3,Tree 30min
3/17/23,SE1,Water,1,open water,LGR2,Floating 8 in,20.6,NA,15,09:21:00,10:21:00,NA,NA,NA,NA,NA,NA,NA,NA,Real time = 9:22:00,NA,NA,NA,NA,NA,NA,2023-03-17T09:21:00.000000Z,2023-03-17,Mar_17_23_SE1_W_1_Floating8in_LGR2,26.6,Tree same-day
3/18/23,FLM30,Water,NA,NA,LGR1,Floating 8 in,NA,NA,20,11:03:00,NA,NA,NA,NA,NA,NA,NA,NA,water temp = 25.6,NA,NA,NA,NA,NA,NA,NA,2023-03-18T11:03:00.000000Z,2023-03-18,Mar_18_23_FLM30_W_NA_Floating8in_LGR1,27.025,Tree 30min
3/18/23,FLM30,Water,NA,NA,LGR1,Floating 8 in,NA,NA,NA,NA,NA,NA,NA,NA,NA,NA,NA,NA,NA,NA,NA,NA,NA,NA,NA,NA,NA,NA,NA_FLM30_W_NA_Floating8in_LGR1,NA,Failed datetime
3/18/23,FLM30,Water,NA,NA,LGR1,Floating 8 in,28.1,NA,NA,12:47:00,12:50:00,NA,NA,NA,NA,NA,NA,NA,water temp = 30,JG,NA,NA,NA,NA,NA,NA,2023-03-18T12:47:00.000000Z,2023-03-18,Mar_18_23_FLM30_W_NA_Floating8in_LGR1,28.375,Tree 30min
3/18/23,FLM30,Water,NA,NA,LGR1,Floating 8 in,NA,NA,2,12:55:00,12:58:00,NA,NA,NA,NA,NA,NA,NA,very shallow water,System time = 11:33,NA,NA,NA,NA,NA,NA,2023-03-18T12:55:00.000000Z,2023-03-18,Mar_18_23_FLM30_W_NA_Floating8in_LGR1,28.30909090909091,Tree 30min
3/18/23,FLM30,Water,NA,NA,LGR1,Floating 8 in,NA,NA,17,13:01:00,13:04:00,NA,NA,NA,NA,NA,NA,NA,water temp = 30.5,Real time = 10:33,NA,NA,NA,NA,NA,NA,2023-03-18T13:01:00.000000Z,2023-03-18,Mar_18_23_FLM30_W_NA_Floating8in_LGR1,28.363636363636363,Tree 30min
3/18/23,FLM30,Water,NA,NA,LGR1,Floating 8 in,NA,NA,25,13:05:00,13:08:00,NA,NA,NA,NA,NA,NA,NA,water temp = 30.7,Logging frequency = 1 sec,NA,NA,NA,NA,NA,NA,2023-03-18T13:05:00.000000Z,2023-03-18,Mar_18_23_FLM30_W_NA_Floating8in_LGR1,28.39090909090909,Tree 30min
3/18/23,FLM30,Water,NA,NA,LGR1,Floating 8 in,NA,NA,21,13:12:00,13:15:00,NA,NA,NA,NA,NA,NA,NA,water temp = 30.1,NA,NA,NA,NA,NA,NA,NA,2023-03-18T13:12:00.000000Z,2023-03-18,Mar_18_23_FLM30_W_NA_Floating8in_LGR1,28.418181818181818,Tree 30min
3/18/23,FLM30,Water,NA,NA,LGR1,Floating 8 in,NA,NA,12,13:21:00,13:24:00,NA,NA,NA,NA,NA,NA,NA,"water temp = 31.4, near root (dead)",NA,NA,NA,NA,NA,NA,NA,2023-03-18T13:21:00.000000Z,2023-03-18,Mar_18_23_FLM30_W_NA_Floating8in_LGR1,28.60909090909091,Tree 30min
3/18/23,FLM30,Water,NA,NA,LGR1,Floating 8 in,NA,NA,20,13:27:00,13:33:00,NA,NA,NA,NA,NA,NA,NA,water temp = 31.3,NA,NA,NA,NA,NA,NA,NA,2023-03-18T13:27:00.000000Z,2023-03-18,Mar_18_23_FLM30_W_NA_Floating8in_LGR1,28.990909090909092,Tree 30min
3/18/23,FLM30,Water,NA,NA,LGR1,Floating 8 in,NA,NA,27,13:36:00,14:06:00,NA,NA,NA,NA,NA,NA,NA,water temp = 32.9,NA,NA,NA,NA,NA,NA,NA,2023-03-18T13:36:00.000000Z,2023-03-18,Mar_18_23_FLM30_W_NA_Floating8in_LGR1,29.34,Tree 30min
3/18/23,FLM30,Water,NA,NA,LGR1,Floating 8 in,NA,NA,22,14:09:00,14:19:00,NA,NA,NA,NA,NA,NA,NA,water temp = 33.4,NA,NA,NA,NA,NA,NA,NA,2023-03-18T14:09:00.000000Z,2023-03-18,Mar_18_23_FLM30_W_NA_Floating8in_LGR1,29.233333333333334,Tree 30min
3/18/23,FLM30,Water,NA,NA,LGR1,Floating 8 in,NA,NA,27,14:24:00,14:39:00,NA,NA,NA,NA,NA,NA,NA,water temp = 34.1,NA,NA,NA,NA,NA,NA,NA,2023-03-18T14:24:00.000000Z,2023-03-18,Mar_18_23_FLM30_W_NA_Floating8in_LGR1,28.9,Tree 30min
3/20/23,MI,Soil,biocrust 1008,NA,LGR3,1 ft soil,22.3,NA,0,13:25:00,13:27:00,NA,NA,NA,NA,NA,NA,0,NA,NA,NA,NA,NA,NA,NA,NA,2023-03-20T13:25:00.000000Z,2023-03-20,Mar_20_23_MI_S_biocrust 1008_1ftsoil_LGR3,26.8,Tree same-day
3/20/23,MI,Soil,biocrust,25°55.9122 / 81°37.6997,LGR3,1 ft soil,21.3,NA,0,13:31:00,13:33:00,26.7,27.9,1022.9,1023,63.2,65.6,0,NA,NA,NA,NA,NA,NA,NA,NA,2023-03-20T13:31:00.000000Z,2023-03-20,Mar_20_23_MI_S_biocrust_1ftsoil_LGR3,26.8,Tree same-day
3/20/23,MI,Soil,biocrust,25°55.9119 / 81°39.7010,LGR3,1 ft soil,22,NA,0,13:36:30,13:38:30,27,28.1,1023.61,1023,62.5,67.7,0,NA,N 25°55.9150 / W 81°39.7026,NA,NA,NA,NA,NA,NA,2023-03-20T13:36:30.000000Z,2023-03-20,Mar_20_23_MI_S_biocrust_1ftsoil_LGR3,26.8,Tree same-day
3/20/23,MI,Soil,wetted surface 0.1 m water depth,25°55.9119 / 81°39.6905,LGR3,1 ft soil,23.1,NA,0,13:43:00,13:45:00,26.4,29.1,1022.9,1023,51.3,66.8,0,NA,JG & AS,NA,NA,NA,NA,NA,NA,2023-03-20T13:43:00.000000Z,2023-03-20,Mar_20_23_MI_S_wetted surface 0.1 m water depth_1ftsoil_LGR3,26.8,Tree same-day
3/20/23,MI,Soil,dry no crust bio,25°55.9108 / 81°39.6948,LGR3,1 ft soil,21,NA,0,13:50:00,13:52:00,26.1,27.6,1022.7,1022.8,61.6,69.9,0,NA,Weather = sunny,NA,NA,NA,NA,NA,NA,2023-03-20T13:50:00.000000Z,2023-03-20,Mar_20_23_MI_S_dry no crust bio_1ftsoil_LGR3,26.8,Tree same-day
3/20/23,MI,Soil,biocrust,25°55.9111 / 81°39.6942,LGR3,1 ft soil,23.5,NA,0.2,13:55:00,13:57:00,27.6,28.6,1022.7,1022.7,58.2,67.2,0,NA,System time = 13:25:00,NA,NA,NA,NA,NA,NA,2023-03-20T13:55:00.000000Z,2023-03-20,Mar_20_23_MI_S_biocrust_1ftsoil_LGR3,26.8,Tree same-day
3/20/23,MI,Soil,7570 biocrust,25°55.9085 / 81.39°6997,LGR3,1 ft soil,21.9,NA,0,14:00:30,14:02:30,25.3,27.9,1022.5,1022.7,51.1,69,0,NA,Real time = 13:06:00,NA,NA,NA,NA,NA,NA,2023-03-20T14:00:30.000000Z,2023-03-20,Mar_20_23_MI_S_7570 biocrust_1ftsoil_LGR3,26.8,Tree same-day
3/20/23,MI,Soil,20% biocrust,25°55.9060 / 81°39.7084,LGR3,1 ft soil,21.7,NA,0,14:06:00,14:08:00,24.1,27.1,1022.6,1022.6,45.5,66.4,0,NA,NA,NA,NA,NA,NA,NA,NA,2023-03-20T14:06:00.000000Z,2023-03-20,Mar_20_23_MI_S_20% biocrust_1ftsoil_LGR3,26.8,Tree same-day
3/20/23,MI,Soil,50% biocurst,25°55.9037 / 81°39.7116,LGR3,1 ft soil,21.7,NA,0,14:11:00,14:13:00,24.5,27.9,1022.5,1022.6,48,68.3,0,NA,NA,NA,NA,NA,NA,NA,NA,2023-03-20T14:11:00.000000Z,2023-03-20,Mar_20_23_MI_S_50% biocurst_1ftsoil_LGR3,26.8,Tree same-day
3/20/23,MI,Soil,10% biocrust,25°55.9032 / 81°39.7103,LGR3,1 ft soil,21.9,NA,0,14:16:00,14:18:00,25.2,28.4,1022.4,1022.6,52.1,66.3,0,NA,NA,NA,NA,NA,NA,NA,NA,2023-03-20T14:16:00.000000Z,2023-03-20,Mar_20_23_MI_S_10% biocrust_1ftsoil_LGR3,26.8,Tree 30min
3/20/23,MI,Soil,5 PO biocrust,25°55.9010 / 81°39.7161,LGR3,1 ft soil,21.2,NA,0,14:21:30,14:23:30,25.9,28.4,1022.5,1022.6,44.4,63.3,0,NA,NA,NA,NA,NA,NA,NA,NA,2023-03-20T14:21:30.000000Z,2023-03-20,Mar_20_23_MI_S_5 PO biocrust_1ftsoil_LGR3,26.8,Tree 30min
3/22/23,BL60,Water,1,NA,LGR3,Floating 8 in,23.9,NA,NA,15:08:30,15:10:30,NA,NA,NA,NA,NA,NA,3,3 pneum,pneum = pneumatosphere,NA,NA,NA,NA,NA,NA,2023-03-22T15:08:30.000000Z,2023-03-22,Mar_22_23_BL60_W_1_Floating8in_LGR3,26.7,Weather station
3/22/23,BL60,Water,2,NA,LGR3,Floating 8 in,24.3,NA,NA,15:13:30,15:15:30,NA,NA,NA,NA,NA,NA,0,NA,RDA & FMA,NA,NA,NA,NA,NA,NA,2023-03-22T15:13:30.000000Z,2023-03-22,Mar_22_23_BL60_W_2_Floating8in_LGR3,26.7,Weather station
3/22/23,BL60,Water,3,NA,LGR3,Floating 8 in,24.7,NA,NA,15:18:30,15:20:30,NA,NA,NA,NA,NA,NA,0,NA,LGR3 time = 15:20,NA,NA,NA,NA,NA,NA,2023-03-22T15:18:30.000000Z,2023-03-22,Mar_22_23_BL60_W_3_Floating8in_LGR3,26.7,Weather station
3/22/23,BL60,Water,4,NA,LGR3,Floating 8 in,24.1,NA,NA,15:23:00,15:25:00,NA,NA,NA,NA,NA,NA,0,NA,Real time = 15: 16,NA,NA,NA,NA,NA,NA,2023-03-22T15:23:00.000000Z,2023-03-22,Mar_22_23_BL60_W_4_Floating8in_LGR3,26.7,Weather station
3/22/23,BL60,Water,5,NA,LGR3,Floating 8 in,24.5,NA,NA,15:28:30,15:30:30,NA,NA,NA,NA,NA,NA,0,NA,NA,NA,NA,NA,NA,NA,NA,2023-03-22T15:28:30.000000Z,2023-03-22,Mar_22_23_BL60_W_5_Floating8in_LGR3,26.7,Weather station
3/22/23,BL60,Water,6,NA,LGR3,Floating 8 in,24,NA,NA,15:35:00,15:37:00,NA,NA,NA,NA,NA,NA,5,5 pneum,NA,NA,NA,NA,NA,NA,NA,2023-03-22T15:35:00.000000Z,2023-03-22,Mar_22_23_BL60_W_6_Floating8in_LGR3,26.7,Weather station
3/22/23,BL60,Water,7,NA,LGR3,Floating 8 in,24,NA,NA,15:41:30,15:42:30,NA,NA,NA,NA,NA,NA,0,NA,NA,NA,NA,NA,NA,NA,NA,2023-03-22T15:41:30.000000Z,2023-03-22,Mar_22_23_BL60_W_7_Floating8in_LGR3,26.7,Weather station
3/22/23,BL60,Water,8,NA,LGR3,Floating 8 in,24.1,NA,NA,15:47:30,15:49:30,NA,NA,NA,NA,NA,NA,1,1 pneum,NA,NA,NA,NA,NA,NA,NA,2023-03-22T15:47:30.000000Z,2023-03-22,Mar_22_23_BL60_W_8_Floating8in_LGR3,26.7,Weather station
3/22/23,BL60,Water,9,NA,LGR3,Floating 8 in,24.1,NA,NA,15:53:30,15:55:30,NA,NA,NA,NA,NA,NA,3,3 pneum,NA,NA,NA,NA,NA,NA,NA,2023-03-22T15:53:30.000000Z,2023-03-22,Mar_22_23_BL60_W_9_Floating8in_LGR3,26.7,Weather station
3/22/23,BL60,Water,10,NA,LGR3,Floating 8 in,24.6,NA,NA,16:00:00,16:02:00,NA,NA,NA,NA,NA,NA,3,3 pneum,NA,NA,NA,NA,NA,NA,NA,2023-03-22T16:00:00.000000Z,2023-03-22,Mar_22_23_BL60_W_10_Floating8in_LGR3,28.3,Weather station
